customer_id,customer_created_at,acquisition_channel,country_code,marketing_consent,order_id,order_timestamp,recognized_revenue
C01147,2025-09-27,paid_social,US,True,O0009803,2025-09-28,79.69
C00014,2024-12-31,organic,BR,True,O0000142,2025-11-09,53.4
C01651,2025-08-08,paid_social,BR,True,O0014332,2025-12-21,84.99
C02888,2026-01-06,paid_search,BR,True,O0024415,2026-08-20,51.88
C00296,2025-07-09,organic,US,True,O0002569,2026-06-04,119.63
C00119,2024-11-01,organic,BR,True,O0000982,2026-06-25,21.22
C02924,2026-07-27,referral,US,True,O0024710,2026-07-28,71.18
C02450,2026-03-02,paid_search,US,False,O0020984,2026-03-03,26.25
C01797,2025-02-12,organic,BR,False,O0015554,2025-10-31,162.24
C01254,2026-02-24,paid_social,US,True,O0010799,2026-07-11,239.14
C00170,2026-02-07,organic,CR,False,O0001460,2026-05-05,77.21
C02922,2025-09-18,email,MX,True,O0024695,2025-12-15,70.06
C01502,2024-10-06,organic,MX,True,O0013085,2026-02-06,54.08
C01224,2026-02-23,referral,MX,True,O0010483,2026-02-24,121.23
C00228,2024-12-16,paid_search,CR,True,O0001894,2025-10-28,140.36
C00071,2026-01-31,referral,US,True,O0000610,2026-02-01,19.22
C02511,2025-11-01,organic,CR,True,O0021496,2025-12-04,95.92
C01428,2025-06-22,email,BR,False,O0012384,2026-08-05,57.63
C02507,2026-07-08,paid_search,BR,True,O0021446,2026-07-20,36.65
C01468,2026-06-23,paid_search,US,True,O0012806,2026-06-24,31.55
C02659,2025-08-26,referral,CR,True,O0022619,2026-02-19,85.68
C00159,2025-03-29,email,MX,False,O0001388,2026-08-07,430.27
C01907,2024-11-21,organic,US,False,O0016462,2026-08-06,31.15
C02084,2025-08-02,email,CR,True,O0018009,2026-03-17,59.89
C01236,2025-02-28,paid_search,US,True,O0010617,2026-08-26,45.86
C01499,2026-03-28,paid_search,US,True,O0013069,2026-03-29,56.42
C02999,2025-02-28,paid_search,US,True,O0025278,2026-03-06,148.68
C02522,2024-10-11,organic,MX,True,O0021591,2026-04-29,38.87
C00277,2026-01-01,paid_social,MX,True,O0002394,2026-01-02,29.46
C00664,2025-09-27,paid_social,US,True,O0005689,2025-10-28,41.54
C01843,2025-05-18,organic,MX,True,O0015924,2026-03-21,56.38
C01397,2025-09-12,paid_social,BR,False,O0012088,2025-09-13,83.52
C01432,2025-09-23,referral,BR,True,O0012423,2026-05-03,132.38
C01184,2026-02-21,email,US,True,O0010141,2026-02-22,43.49
C00810,2026-04-26,paid_social,MX,True,O0006996,2026-04-27,170.21
C00123,2025-02-01,organic,US,True,O0001031,2026-08-01,162.87
C01036,2025-03-31,,MX,True,O0008864,2026-03-15,71.63
C01195,2025-09-03,paid_social,US,True,O0010249,2026-01-31,119.09
C01302,2026-02-27,email,CR,True,O0011272,2026-08-04,125.53
C01884,2025-10-06,paid_social,US,True,O0016306,2025-10-28,122.73
C02388,2025-07-14,organic,MX,True,O0020530,2025-07-15,28.72
C02380,2025-09-11,organic,MX,True,O0020472,2026-07-05,19.2
C02959,2025-02-01,referral,US,True,O0024988,2026-05-08,314.64
C02709,2025-02-12,paid_search,BR,True,O0023073,2026-05-30,11.07
C02666,2025-07-12,paid_social,BR,False,O0022689,2025-10-11,32.81
C01744,2026-01-13,paid_search,US,False,O0015133,2026-04-30,79.63
C01938,2025-03-11,organic,US,True,O0016760,2026-08-28,54.37
C02849,2025-02-19,paid_search,BR,True,O0024113,2025-11-27,27.03
C01594,2024-10-27,email,US,True,O0013888,2026-04-27,195.99
C01226,2026-06-03,referral,CR,True,O0010505,2026-06-04,118.58
C01374,2024-11-09,email,BR,False,O0011904,2025-09-24,79.84
C02921,2025-04-01,organic,BR,True,O0024681,2026-03-09,114.94
C01317,2026-06-08,paid_search,MX,True,O0011427,2026-06-09,216.35
C00075,2025-01-18,organic,US,True,O0000638,2026-04-05,38.9
C02035,2026-06-11,organic,MX,True,O0017610,2026-08-12,63.72
C01412,2025-07-17,referral,BR,True,O0012261,2026-08-31,70.13
C02629,2024-11-14,paid_search,MX,True,O0022371,2026-05-15,245.19
C01239,2024-10-16,paid_search,US,True,O0010626,2025-10-12,61.93
C01470,2025-07-08,email,BR,True,O0012826,2026-03-21,97.67
C01442,2024-12-19,paid_social,CR,False,O0012529,2026-03-10,36.54
C01107,2025-06-10,organic,US,True,O0009443,2026-08-18,144.11
C00085,2025-03-12,paid_search,BR,True,O0000736,2026-07-08,74.99
C02429,2024-09-13,organic,CR,True,O0020818,2026-02-06,161.95
C00443,2025-01-15,email,US,True,O0003713,2025-12-13,181.71
C02224,2026-03-17,referral,BR,True,O0019136,2026-03-18,38.71
C00032,2026-03-12,,MX,False,O0000301,2026-05-11,171.98
C00934,2026-06-03,organic,BR,True,O0008076,2026-06-04,47.55
C01425,2025-07-02,organic,CR,True,O0012354,2026-02-28,34.33
C01188,2025-10-13,paid_social,US,True,O0010197,2026-07-22,63.2
C02700,2025-06-01,paid_social,MX,True,O0022986,2026-07-24,22.52
C01461,2025-05-01,organic,CR,True,O0012734,2026-05-23,91.48
C00145,2025-08-29,organic,BR,True,O0001271,2026-04-18,161.63
C00448,2025-03-03,referral,CR,True,O0003758,2026-05-26,55.53
C00282,2025-01-05,referral,US,False,O0002441,2026-05-30,27.52
C00763,2025-12-13,organic,CR,True,O0006581,2025-12-14,109.12
C00212,2025-04-23,paid_social,BR,True,O0001758,2026-07-06,99.69
C01483,2026-05-02,email,CR,True,O0012935,2026-05-03,78.7
C02401,2026-04-17,paid_search,US,False,O0020615,2026-04-18,96.88
C02133,2024-10-20,paid_search,US,True,O0018420,2026-08-09,89.71
C01226,2026-06-03,referral,CR,True,O0010504,2026-06-04,36.17
C02816,2025-07-22,organic,BR,True,O0023881,2026-05-27,147.73
C02278,2026-06-13,email,MX,True,O0019614,2026-06-14,19.1
C02701,2026-05-11,paid_search,CR,True,O0022988,2026-05-12,31.25
C01750,2025-03-29,organic,BR,True,O0015179,2025-10-22,72.2
C02920,2026-04-15,referral,US,True,O0024671,2026-04-16,127.8
C01866,2025-12-07,organic,CR,True,O0016120,2026-04-11,34.15
C00344,2026-04-16,paid_social,MX,True,O0002942,2026-08-24,57.87
C02309,2025-06-23,organic,US,True,O0019846,2025-12-19,44.8
C02563,2025-08-18,paid_search,BR,True,O0021870,2025-12-29,57.1
C00803,2026-07-09,paid_search,MX,False,O0006919,2026-07-10,105.08
C00776,2024-10-09,paid_search,MX,True,O0006662,2026-06-21,59.84
C00795,2026-07-07,email,MX,True,O0006864,2026-07-08,138.52
C01014,2024-10-29,paid_social,US,True,O0008718,2026-08-10,40.8
C00517,2025-08-15,organic,US,True,O0004369,2025-12-20,40.69
C00344,2026-04-16,paid_social,MX,True,O0002937,2026-07-16,163.86
C01207,2026-06-04,paid_search,US,True,O0010350,2026-06-05,176.79
C01218,2024-11-30,organic,CR,True,O0010464,2026-08-20,108.65
C02594,2025-09-16,paid_search,CR,True,O0022092,2025-11-24,128.79
C02453,2025-12-31,paid_search,US,True,O0020996,2026-01-01,101.52
C00708,2025-08-12,paid_search,BR,False,O0006145,2026-01-02,27.95
C00710,2024-10-03,referral,MX,True,O0006170,2026-03-01,30.03
C01074,2024-09-17,paid_search,US,False,O0009184,2026-05-19,24.55
C02665,2024-09-25,paid_social,US,True,O0022679,2025-11-10,77.6
C02220,2026-05-01,referral,BR,True,O0019111,2026-05-02,37.58
C02659,2025-08-26,referral,CR,True,O0022616,2025-08-27,11.43
C02995,2025-11-30,organic,BR,True,O0025259,2026-08-08,20.25
C01569,2025-08-23,referral,BR,True,O0013677,2026-01-27,140.97
C02228,2025-03-18,paid_social,US,True,O0019171,2025-10-16,95.84
C02942,2026-02-23,paid_search,US,False,O0024827,2026-07-12,88.79
C01662,2025-08-11,email,BR,True,O0014448,2026-06-05,15.88
C01796,2026-01-26,referral,US,True,O0015551,2026-05-05,79.35
C00899,2025-12-28,referral,CR,True,O0007765,2025-12-29,14.45
C00882,2025-02-01,referral,US,True,O0007648,2026-08-16,154.63
C00294,2025-03-31,organic,CR,True,O0002547,2025-11-30,30.75
C01610,2025-11-29,organic,CR,True,O0014013,2026-02-23,136.43
C02215,2024-11-09,paid_social,CR,True,O0019069,2026-08-26,8.0
C02333,2026-07-25,referral,CR,False,O0020033,2026-07-26,99.65
C00805,2025-03-17,paid_social,US,False,O0006941,2026-03-13,31.42
C00752,2025-03-31,organic,MX,False,O0006507,2026-02-20,189.37
C01559,2026-06-24,email,CR,True,O0013597,2026-06-25,42.08
C01853,2025-10-25,email,BR,False,O0016011,2025-11-09,50.14
C01075,2025-08-17,organic,BR,True,O0009187,2025-08-18,71.31
C02866,2024-11-26,email,CR,True,O0024224,2026-03-26,131.02
C01759,2025-07-09,paid_social,BR,True,O0015251,2026-05-11,20.35
C02087,2025-12-21,organic,BR,True,O0018034,2026-06-18,98.2
C01846,2026-01-04,paid_social,US,False,O0015946,2026-03-01,147.19
C00296,2025-07-09,organic,US,True,O0002572,2026-06-28,79.47
C01683,2026-01-30,referral,BR,True,O0014643,2026-06-16,36.36
C02262,2025-08-19,organic,MX,True,O0019480,2026-05-23,147.03
C02189,2026-07-21,paid_social,MX,True,O0018832,2026-07-22,52.16
C01107,2025-06-10,organic,US,True,O0009438,2026-06-29,203.03
C00264,2025-04-29,paid_search,BR,True,O0002270,2026-07-20,10.78
C00550,2024-10-29,email,MX,True,O0004658,2025-06-11,102.38
C01264,2026-04-30,referral,US,True,O0010894,2026-07-07,79.89
C00908,2025-12-01,organic,BR,True,O0007821,2025-12-02,143.76
C02483,2025-12-29,organic,US,True,O0021255,2026-03-27,198.43
C01710,2025-11-18,email,BR,True,O0014847,2026-05-22,303.22
C01401,2024-10-18,organic,US,True,O0012141,2026-01-26,130.06
C00582,2025-12-02,paid_social,US,True,O0004938,2026-06-29,102.33
C00517,2025-08-15,organic,US,True,O0004377,2026-06-13,26.41
C02924,2026-07-27,referral,US,True,O0024709,2026-07-28,44.61
C02109,2025-11-09,referral,US,True,O0018174,2026-06-26,132.54
C01185,2025-07-07,organic,BR,True,O0010152,2026-05-07,209.37
C00224,2025-04-23,referral,US,False,O0001862,2025-04-24,37.34
C00968,2024-11-17,paid_social,US,True,O0008349,2026-01-09,73.88
C02504,2024-12-07,organic,US,False,O0021421,2026-08-11,31.64
C01179,2025-12-03,paid_search,US,True,O0010068,2026-07-08,293.3
C00444,2026-03-24,paid_social,US,True,O0003735,2026-04-09,123.53
C02188,2025-07-27,organic,MX,True,O0018826,2026-04-30,61.48
C00867,2025-09-21,email,US,True,O0007500,2026-06-07,110.5
C01021,2024-10-31,organic,US,True,O0008746,2026-07-21,30.48
C01188,2025-10-13,paid_social,US,True,O0010200,2026-08-16,50.46
C01726,2025-04-25,paid_social,US,True,O0014984,2026-07-21,81.27
C02007,2024-11-24,organic,US,True,O0017364,2025-11-22,136.65
C02143,2026-01-29,referral,MX,True,O0018489,2026-01-30,22.44
C01240,2025-02-16,referral,MX,False,O0010645,2026-07-18,61.85
C02681,2025-10-26,email,MX,True,O0022800,2026-04-22,35.12
C01137,2025-04-22,paid_social,MX,True,O0009688,2026-03-29,96.1
C00334,2026-04-03,organic,BR,True,O0002873,2026-07-04,75.77
C01038,2025-10-03,email,US,True,O0008880,2026-08-11,12.28
C01938,2025-03-11,organic,US,True,O0016747,2026-03-30,68.85
C02650,2025-11-02,organic,US,True,O0022559,2025-11-03,45.28
C02664,2024-09-27,organic,US,True,O0022672,2026-03-21,119.55
C01534,2025-06-27,email,US,True,O0013362,2026-08-15,68.19
C02954,2025-11-24,organic,MX,True,O0024936,2026-07-28,60.91
C00796,2025-03-16,organic,MX,False,O0006875,2026-04-17,55.33
C00446,2025-05-19,email,US,True,O0003744,2026-05-15,65.48
C01396,2024-10-04,paid_social,US,True,O0012076,2025-09-06,34.85
C00650,2025-07-22,organic,MX,True,O0005576,2025-07-23,114.83
C01110,2025-05-28,organic,US,True,O0009449,2026-07-27,11.57
C00003,2024-10-07,referral,BR,True,O0000029,2026-05-15,137.29
C02353,2025-09-22,referral,MX,True,O0020250,2025-09-23,56.91
C01672,2025-02-25,organic,BR,True,O0014554,2026-07-15,159.39
C01254,2026-02-24,paid_social,US,True,O0010803,2026-08-15,94.69
C02825,2025-08-14,organic,US,True,O0023965,2026-08-21,74.41
C02636,2026-06-09,organic,CR,True,O0022442,2026-06-10,348.28
C02574,2025-08-14,organic,CR,True,O0021956,2025-08-15,148.24
C02229,2025-02-23,paid_social,US,False,O0019180,2025-04-30,21.93
C01460,2025-08-23,email,US,True,O0012718,2025-12-24,52.88
C00239,2025-12-17,organic,MX,True,O0002019,2025-12-18,37.4
C00863,2025-05-05,paid_social,US,True,O0007450,2026-01-03,29.06
C02786,2026-05-04,email,US,True,O0023638,2026-05-05,157.59
C00865,2025-02-11,referral,US,False,O0007480,2026-04-08,31.96
C01288,2025-10-28,email,CR,True,O0011128,2026-03-19,231.57
C00171,2026-02-26,organic,MX,True,O0001482,2026-06-28,43.74
C01402,2026-03-30,paid_search,US,True,O0012157,2026-07-25,160.9
C00273,2025-04-20,referral,MX,True,O0002372,2026-08-14,304.72
C02774,2026-01-26,paid_social,US,True,O0023563,2026-04-03,43.24
C02641,2026-03-26,organic,US,True,O0022493,2026-03-27,115.03
C01781,2025-04-24,paid_search,US,True,O0015443,2025-07-18,75.45
C00783,2025-08-06,paid_search,US,True,O0006743,2026-06-28,78.97
C02771,2025-02-25,organic,BR,True,O0023532,2026-06-16,115.78
C02340,2025-05-02,organic,MX,True,O0020123,2026-07-03,82.36
C02825,2025-08-14,organic,US,True,O0023957,2026-06-08,269.22
C02654,2026-03-09,referral,US,True,O0022591,2026-03-10,48.17
C01932,2025-11-13,paid_social,MX,True,O0016676,2026-04-10,192.69
C00030,2026-05-25,referral,US,True,O0000253,2026-05-26,94.09
C01314,2025-08-23,email,MX,False,O0011390,2026-02-15,100.61
C02992,2025-03-09,paid_social,BR,True,O0025248,2026-06-29,38.37
C00510,2026-05-01,email,BR,True,O0004308,2026-07-27,124.01
C00297,2026-04-03,paid_search,MX,False,O0002575,2026-04-04,12.66
C00663,2024-10-13,paid_search,US,True,O0005685,2026-04-18,49.5
C01267,2026-03-26,email,US,True,O0010921,2026-03-27,71.37
C00170,2026-02-07,organic,CR,False,O0001458,2026-04-21,56.33
C02319,2025-03-03,paid_social,US,False,O0019919,2025-10-14,79.98
C01941,2024-09-17,paid_search,BR,True,O0016767,2026-02-20,42.0
C00189,2025-08-27,paid_search,MX,True,O0001570,2026-02-19,35.04
C01366,2025-05-22,organic,US,False,O0011850,2025-05-23,51.05
C00103,2025-02-25,referral,BR,True,O0000879,2026-06-10,161.49
C02533,2025-11-08,organic,MX,False,O0021682,2025-11-09,131.29
C00580,2026-07-19,referral,MX,True,O0004921,2026-07-20,66.31
C00393,2025-03-05,paid_search,MX,True,O0003337,2025-12-24,101.35
C00051,2025-02-18,paid_social,BR,True,O0000472,2026-07-19,11.19
C02733,2025-04-24,paid_social,US,False,O0023269,2026-04-17,110.81
C00453,2024-09-13,paid_search,MX,True,O0003821,2026-08-16,89.22
C02442,2026-07-12,email,US,False,O0020920,2026-07-13,58.6
C00260,2024-10-11,referral,MX,True,O0002212,2025-09-28,67.96
C00579,2025-03-23,referral,BR,True,O0004916,2026-08-02,169.48
C01875,2026-07-26,email,MX,True,O0016204,2026-07-27,160.48
C01653,2026-05-06,organic,US,False,O0014376,2026-05-07,62.67
C02794,2025-04-27,paid_social,BR,True,O0023707,2025-05-08,53.68
C01355,2025-07-30,paid_search,US,True,O0011772,2026-04-16,56.66
C01318,2025-09-27,referral,MX,True,O0011437,2026-04-27,36.12
C01254,2026-02-24,paid_social,US,True,O0010800,2026-07-31,67.16
C01684,2025-06-18,organic,BR,True,O0014654,2026-06-09,24.48
C02305,2025-04-09,referral,BR,True,O0019810,2025-05-22,106.38
C00311,2025-10-15,email,US,True,O0002665,2026-04-29,79.11
C02227,2026-07-16,organic,BR,True,O0019168,2026-07-17,24.65
C01015,2025-12-02,paid_search,MX,True,O0008719,2026-06-08,106.41
C02794,2025-04-27,paid_social,BR,True,O0023711,2025-10-10,111.65
C02067,2025-03-30,paid_social,US,False,O0017855,2026-08-19,463.28
C01327,2026-06-20,paid_search,CR,True,O0011510,2026-06-21,129.97
C02201,2025-06-30,paid_search,MX,True,O0018945,2026-04-09,145.64
C00575,2026-02-01,referral,MX,True,O0004871,2026-06-17,148.3
C02689,2026-04-10,email,US,True,O0022888,2026-07-19,119.55
C01158,2025-02-15,paid_search,CR,True,O0009894,2025-06-12,55.62
C00576,2025-08-26,email,US,True,O0004897,2026-06-30,65.74
C02805,2025-02-12,organic,US,True,O0023790,2026-08-25,41.55
C01963,2025-11-28,organic,BR,True,O0016981,2026-05-17,75.49
C01734,2026-07-01,organic,US,True,O0015050,2026-07-02,289.18
C00551,2026-01-05,paid_social,MX,True,O0004666,2026-01-06,128.46
C02255,2025-07-13,email,US,True,O0019418,2025-07-14,35.21
C01880,2025-03-12,organic,BR,True,O0016262,2025-05-31,10.88
C01362,2026-04-15,organic,MX,True,O0011817,2026-04-16,104.99
C01696,2026-07-19,organic,US,True,O0014743,2026-07-20,35.49
C00332,2026-04-21,referral,BR,True,O0002859,2026-07-21,26.66
C02563,2025-08-18,paid_search,BR,True,O0021877,2026-06-08,59.51
C01729,2026-03-14,referral,US,True,O0015011,2026-06-25,100.46
C00246,2025-09-27,organic,US,True,O0002073,2026-07-20,53.7
C02956,2025-08-12,organic,US,True,O0024954,2026-06-26,34.02
C00273,2025-04-20,referral,MX,True,O0002356,2026-03-06,15.3
C01599,2024-11-29,paid_search,BR,False,O0013944,2026-02-19,33.49
C02380,2025-09-11,organic,MX,True,O0020468,2026-06-16,196.07
C02464,2025-06-01,organic,CR,False,O0021109,2026-02-03,128.68
C02350,2026-01-15,paid_search,MX,True,O0020219,2026-03-04,66.55
C01494,2026-03-31,paid_search,BR,True,O0013012,2026-04-01,243.51
C01230,2025-03-13,organic,MX,True,O0010542,2026-08-13,157.22
C00548,2024-10-30,organic,US,True,O0004636,2026-05-14,64.71
C01085,2025-08-16,referral,US,False,O0009265,2025-08-17,8.45
C00585,2024-10-31,organic,US,True,O0004986,2026-06-06,120.33
C01442,2024-12-19,paid_social,CR,False,O0012527,2026-01-30,164.38
C00460,2025-08-07,paid_search,US,True,O0003900,2026-03-05,55.97
C00209,2024-12-08,organic,MX,True,O0001728,2025-09-11,57.15
C00234,2025-02-21,organic,CR,False,O0001978,2026-09-15,53.43
C02591,2025-11-11,email,US,True,O0022078,2025-11-12,46.39
C01444,2026-07-21,paid_search,US,True,O0012547,2026-07-29,90.16
C01622,2024-10-01,referral,US,False,O0014141,2026-01-26,89.55
C01425,2025-07-02,organic,CR,True,O0012351,2025-12-12,46.68
C02164,2025-11-18,organic,US,True,O0018651,2025-11-19,30.18
C00772,2025-09-20,paid_social,BR,True,O0006642,2026-02-05,23.8
C00673,2025-10-14,paid_search,CR,False,O0005793,2025-10-15,74.44
C01636,2026-02-09,paid_search,BR,True,O0014233,2026-02-10,97.77
C02882,2025-03-30,organic,BR,True,O0024385,2026-05-24,85.88
C01011,2026-01-24,organic,MX,True,O0008695,2026-04-18,88.04
C00773,2024-12-02,paid_social,MX,True,O0006648,2025-02-23,54.06
C02207,2025-12-22,paid_search,MX,True,O0018979,2025-12-23,110.43
C00433,2025-12-27,organic,BR,False,O0003632,2026-08-29,97.46
C02884,2025-10-23,referral,BR,True,O0024393,2025-10-24,23.98
C01542,2025-10-28,organic,MX,True,O0013432,2026-01-17,58.94
C02346,2025-09-25,organic,CR,True,O0020186,2026-01-03,91.37
C00625,2025-08-17,referral,MX,True,O0005366,2026-08-11,225.59
C00244,2026-02-16,organic,US,True,O0002054,2026-04-18,266.13
C02097,2026-01-15,paid_search,CR,True,O0018098,2026-01-16,308.77
C02527,2024-09-23,organic,CR,False,O0021624,2026-07-23,121.78
C01523,2026-01-08,referral,US,True,O0013267,2026-07-10,10.01
C02487,2025-02-02,referral,US,True,O0021292,2026-04-06,63.69
C01677,2025-07-30,organic,US,True,O0014602,2026-07-16,20.78
C02371,2025-06-10,organic,BR,False,O0020380,2026-08-02,59.84
C00880,2026-04-16,paid_social,MX,False,O0007626,2026-05-01,46.74
C00301,2025-12-19,paid_social,US,False,O0002592,2026-01-25,39.42
C01507,2024-12-21,paid_social,US,True,O0013130,2026-04-14,115.63
C01766,2025-04-07,referral,BR,True,O0015303,2026-04-23,31.83
C02340,2025-05-02,organic,MX,True,O0020119,2026-05-07,154.15
C01698,2026-05-06,paid_search,MX,True,O0014763,2026-06-24,51.62
C00315,2025-12-20,paid_social,US,True,O0002694,2025-12-21,68.33
C01019,2026-01-06,paid_search,MX,False,O0008734,2026-01-07,47.17
C01253,2025-11-21,referral,CR,True,O0010783,2026-04-29,54.03
C01691,2025-06-17,email,US,True,O0014699,2026-02-27,70.19
C02923,2025-04-18,email,CR,True,O0024699,2025-06-15,88.69
C02617,2026-07-20,organic,US,True,O0022291,2026-07-21,53.24
C00800,2025-08-30,paid_search,US,True,O0006896,2026-05-28,25.7
C01119,2025-05-08,organic,US,True,O0009517,2025-05-09,34.93
C01317,2026-06-08,paid_search,MX,True,O0011429,2026-06-09,62.3
C00399,2026-07-18,referral,MX,False,O0003395,2026-07-19,101.14
C00493,2024-11-08,organic,US,True,O0004171,2026-03-02,195.81
C02437,2024-09-25,paid_search,US,True,O0020888,2026-07-25,92.27
C01823,2026-03-16,referral,BR,True,O0015768,2026-03-17,105.68
C02327,2026-01-25,paid_search,BR,True,O0019981,2026-01-26,168.36
C00592,2026-06-07,organic,BR,True,O0005040,2026-06-08,41.94
C01941,2024-09-17,paid_search,BR,True,O0016775,2026-06-27,168.51
C00949,2025-09-02,organic,US,False,O0008223,2026-06-06,86.8
C01951,2026-03-02,paid_search,CR,True,O0016878,2026-03-03,38.25
C02942,2026-02-23,paid_search,US,False,O0024828,2026-07-13,14.44
C02986,2025-01-03,paid_search,US,True,O0025201,2026-06-02,199.1
C00192,2025-03-17,paid_social,MX,False,O0001586,2026-01-02,81.69
C01458,2026-03-07,paid_search,CR,True,O0012695,2026-03-08,24.54
C02536,2026-02-19,referral,BR,True,O0021717,2026-06-05,60.39
C02757,2025-11-28,paid_social,US,True,O0023420,2026-06-28,97.97
C00407,2025-12-21,email,MX,False,O0003486,2026-01-09,169.49
C00998,2024-12-20,paid_social,US,False,O0008581,2026-05-26,49.65
C02717,2026-03-05,organic,US,True,O0023118,2026-03-06,130.63
C01854,2024-12-12,email,BR,True,O0016019,2026-01-15,37.89
C02516,2025-04-07,email,BR,True,O0021536,2025-11-06,36.04
C01395,2026-03-24,paid_search,BR,False,O0012072,2026-05-17,140.54
C00377,2026-07-30,organic,US,True,O0003220,2026-07-31,91.43
C00609,2025-11-11,organic,CR,True,O0005221,2026-07-22,94.79
C02422,2025-11-17,paid_search,US,True,O0020764,2026-04-13,77.67
C01597,2025-05-07,organic,CR,True,O0013928,2026-04-11,56.21
C02641,2026-03-26,organic,US,True,O0022491,2026-03-27,71.56
C00798,2026-06-02,paid_search,MX,True,O0006884,2026-06-03,222.8
C01484,2025-10-03,paid_social,CR,True,O0012938,2025-10-04,26.79
C00057,2026-04-25,organic,US,True,O0000518,2026-07-20,20.47
C00751,2025-11-25,referral,MX,True,O0006500,2025-11-26,275.53
C01816,2026-01-23,email,US,False,O0015691,2026-01-24,57.8
C02123,2026-06-22,email,US,True,O0018297,2026-06-23,37.19
C01111,2026-03-11,email,CR,False,O0009457,2026-03-12,21.2
C01209,2025-08-16,paid_search,MX,True,O0010393,2026-02-07,73.89
C01910,2026-05-31,paid_search,BR,True,O0016471,2026-06-01,28.33
C01127,2025-01-17,referral,MX,True,O0009584,2026-04-26,89.61
C02517,2024-10-22,email,BR,True,O0021549,2026-05-18,23.72
C00762,2026-06-02,paid_search,CR,True,O0006571,2026-06-03,114.18
C02797,2025-08-25,referral,US,True,O0023725,2025-11-01,36.42
C01818,2024-11-19,referral,US,True,O0015716,2025-07-15,126.43
C02701,2026-05-11,paid_search,CR,True,O0022991,2026-05-12,154.48
C02401,2026-04-17,paid_search,US,False,O0020608,2026-04-18,36.7
C02689,2026-04-10,email,US,True,O0022876,2026-05-04,99.7
C02459,2025-04-03,paid_search,US,True,O0021061,2025-05-07,45.74
C00540,2026-05-26,paid_social,BR,True,O0004562,2026-05-27,93.49
C02191,2024-09-22,paid_search,US,False,O0018875,2026-07-30,167.34
C00436,2025-02-27,paid_search,CR,True,O0003654,2026-01-08,31.8
C00991,2025-01-05,paid_search,CR,False,O0008526,2026-07-28,77.03
C02097,2026-01-15,paid_search,CR,True,O0018101,2026-05-17,114.05
C00420,2024-09-27,paid_social,MX,True,O0003552,2026-05-26,146.45
C01403,2026-05-11,email,US,True,O0012170,2026-05-12,131.43
C02722,2025-10-04,email,US,True,O0023182,2026-04-23,100.87
C01597,2025-05-07,organic,CR,True,O0013930,2026-06-25,33.72
C02322,2025-07-23,paid_social,BR,True,O0019943,2025-08-28,98.2
C00264,2025-04-29,paid_search,BR,True,O0002261,2025-12-12,182.43
C00375,2025-02-23,paid_search,US,True,O0003201,2026-07-05,38.58
C02036,2026-04-22,referral,MX,True,O0017611,2026-04-23,53.3
C01455,2026-07-02,referral,US,True,O0012674,2026-07-03,83.68
C01579,2025-06-12,organic,MX,False,O0013758,2026-04-10,97.33
C00689,2026-01-29,referral,CR,True,O0006015,2026-07-13,52.82
C01994,2026-01-28,email,US,False,O0017256,2026-04-29,242.37
C02940,2026-06-21,paid_search,US,True,O0024809,2026-06-22,57.52
C01186,2025-07-14,organic,BR,True,O0010162,2026-03-01,275.13
C02249,2024-10-24,paid_social,US,True,O0019366,2026-07-25,110.68
C00733,2025-09-29,paid_search,US,True,O0006349,2025-12-05,61.06
C00747,2026-03-31,organic,US,True,O0006462,2026-04-01,76.54
C02872,2026-04-09,email,US,True,O0024298,2026-04-10,66.4
C02610,2026-05-24,paid_search,BR,True,O0022216,2026-05-25,123.83
C02488,2025-08-22,organic,BR,False,O0021296,2025-08-23,32.73
C01959,2025-11-06,paid_search,US,True,O0016943,2026-05-01,9.1
C02173,2026-02-26,organic,BR,True,O0018707,2026-03-19,124.37
C01306,2025-06-19,organic,BR,True,O0011311,2026-08-01,104.05
C02136,2024-11-25,paid_search,US,True,O0018436,2026-07-07,56.66
C01603,2025-09-30,paid_social,CR,True,O0013971,2025-10-01,34.06
C00479,2025-01-14,paid_social,US,True,O0004078,2026-02-02,29.87
C02374,2025-12-04,referral,MX,False,O0020401,2026-04-10,32.8
C01515,2025-08-01,referral,US,True,O0013204,2026-06-28,182.04
C00273,2025-04-20,referral,MX,True,O0002364,2026-07-16,340.35
C02462,2026-03-22,paid_social,BR,True,O0021081,2026-04-01,153.39
C01324,2025-07-22,referral,BR,True,O0011488,2026-08-21,21.82
C00549,2025-06-03,paid_search,MX,True,O0004653,2025-11-08,87.39
C00398,2025-08-18,paid_social,BR,True,O0003378,2026-05-28,78.81
C02802,2025-08-20,referral,BR,True,O0023754,2026-03-20,133.6
C00631,2025-04-29,organic,MX,True,O0005420,2026-03-15,18.64
C01464,2025-09-26,referral,US,True,O0012740,2025-12-31,48.1
C02496,2025-08-27,organic,US,True,O0021362,2026-07-11,90.3
C02999,2025-02-28,paid_search,US,True,O0025283,2026-03-19,102.62
C02280,2026-01-08,paid_search,US,True,O0019631,2026-05-09,105.22
C01572,2026-05-03,organic,MX,False,O0013694,2026-05-04,173.23
C00922,2026-05-21,email,US,True,O0007956,2026-06-08,231.92
C02482,2025-07-23,organic,BR,False,O0021243,2026-05-26,51.84
C02728,2026-02-21,referral,US,True,O0023216,2026-05-17,190.63
C00942,2026-04-09,paid_social,MX,True,O0008133,2026-06-17,38.31
C02060,2025-04-25,referral,US,True,O0017801,2026-07-20,86.21
C01576,2025-10-06,referral,US,False,O0013730,2025-11-17,69.75
C00922,2026-05-21,email,US,True,O0007962,2026-08-07,194.27
C01378,2026-05-24,paid_social,MX,True,O0011947,2026-05-25,39.41
C01966,2025-05-22,paid_search,MX,False,O0017014,2026-05-15,16.96
C01024,2026-06-29,referral,US,True,O0008765,2026-06-30,21.78
C02614,2025-08-02,paid_search,US,True,O0022268,2025-12-17,74.44
C02668,2025-03-06,email,BR,True,O0022698,2026-06-02,42.61
C00448,2025-03-03,referral,CR,True,O0003772,2026-08-17,148.79
C00571,2025-08-03,referral,BR,False,O0004825,2025-08-04,35.12
C02938,2025-11-05,email,US,False,O0024781,2026-04-08,77.9
C01993,2025-01-09,organic,MX,False,O0017246,2026-08-24,243.71
C01685,2024-09-11,organic,US,True,O0014661,2025-07-13,107.19
C00082,2025-06-06,paid_social,CR,False,O0000707,2025-06-07,39.98
C02917,2026-02-02,email,US,True,O0024628,2026-05-09,211.64
C02729,2025-08-14,organic,BR,False,O0023234,2025-08-15,37.2
C01607,2025-09-08,paid_search,US,True,O0013996,2026-05-03,67.68
C02716,2026-05-10,paid_search,MX,False,O0023112,2026-05-11,37.31
C01792,2025-12-10,organic,MX,True,O0015527,2026-06-27,31.05
C02654,2026-03-09,referral,US,True,O0022592,2026-04-27,67.48
C01855,2026-02-28,email,BR,True,O0016040,2026-08-03,186.92
C02835,2026-02-09,paid_search,US,True,O0024031,2026-02-10,61.61
C00392,2026-06-18,referral,US,True,O0003332,2026-06-19,24.26
C00651,2026-02-08,referral,MX,True,O0005582,2026-02-09,13.15
C01026,2026-02-17,referral,US,True,O0008785,2026-02-18,92.19
C00628,2025-12-18,paid_social,MX,True,O0005391,2026-06-27,81.04
C02702,2024-10-21,organic,US,False,O0022995,2025-08-08,83.95
C02347,2025-02-07,email,CR,False,O0020193,2025-07-19,103.83
C00685,2025-05-15,paid_social,US,True,O0005925,2026-05-27,114.87
C01911,2026-06-20,paid_search,CR,True,O0016485,2026-06-21,13.29
C02521,2025-01-12,organic,US,False,O0021588,2026-03-05,215.76
C02316,2025-06-08,referral,MX,True,O0019900,2025-08-31,130.6
C02124,2026-04-13,organic,US,True,O0018305,2026-04-14,88.73
C00768,2024-11-03,organic,MX,True,O0006615,2025-05-13,85.18
C00631,2025-04-29,organic,MX,True,O0005423,2026-04-20,131.95
C00526,2024-12-25,paid_search,MX,True,O0004458,2026-08-03,69.44
C01396,2024-10-04,paid_social,US,True,O0012079,2026-01-26,71.8
C01421,2025-09-24,paid_social,US,False,O0012321,2026-03-17,12.36
C02831,2025-08-05,organic,MX,True,O0024006,2026-07-02,47.08
C01905,2025-04-10,referral,US,True,O0016459,2026-08-18,59.77
C00898,2026-01-20,organic,US,True,O0007760,2026-01-21,82.63
C00834,2024-12-29,email,BR,True,O0007175,2026-05-21,229.49
C02517,2024-10-22,email,BR,True,O0021558,2026-08-21,96.68
C01674,2026-03-17,paid_social,CR,True,O0014578,2026-06-14,158.91
C02213,2025-04-06,organic,US,True,O0019043,2025-11-03,73.08
C02149,2025-07-31,referral,CR,True,O0018553,2025-08-01,247.29
C02293,2025-12-11,paid_social,MX,True,O0019730,2026-07-24,35.08
C01485,2025-07-03,referral,US,True,O0012962,2026-06-23,26.25
C01042,2026-05-20,organic,US,False,O0008905,2026-05-21,17.16
C00723,2025-03-07,organic,US,True,O0006289,2025-03-08,71.75
C02775,2025-07-26,email,CR,False,O0023570,2025-07-27,83.96
C00575,2026-02-01,referral,MX,True,O0004872,2026-07-03,62.8
C02205,2025-02-17,paid_search,MX,True,O0018975,2026-02-08,84.5
C01296,2026-06-05,referral,MX,False,O0011230,2026-06-06,125.67
C01919,2025-07-13,referral,US,True,O0016559,2026-07-19,52.13
C00403,2025-08-31,paid_social,US,True,O0003437,2025-09-25,182.79
C01377,2025-10-27,paid_search,BR,True,O0011927,2025-12-29,77.24
C01048,2026-05-11,referral,US,True,O0008961,2026-05-18,83.33
C00609,2025-11-11,organic,CR,True,O0005215,2026-03-16,54.35
C00972,2026-03-22,organic,US,True,O0008405,2026-08-26,50.56
C01423,2025-06-19,paid_search,US,True,O0012338,2026-04-19,119.72
C02727,2025-02-22,organic,MX,False,O0023207,2025-10-31,43.97
C02544,2026-07-06,paid_social,CR,True,O0021774,2026-07-07,107.47
C01101,2025-07-05,paid_search,BR,True,O0009378,2026-04-13,54.98
C00266,2025-01-17,organic,US,False,O0002278,2025-11-07,230.57
C00762,2026-06-02,paid_search,CR,True,O0006580,2026-07-02,51.09
C01653,2026-05-06,organic,US,False,O0014370,2026-05-07,51.43
C00120,2024-10-11,paid_social,MX,True,O0001000,2026-08-26,65.27
C02597,2024-10-11,paid_social,MX,True,O0022119,2026-08-09,60.28
C02155,2025-03-28,organic,MX,True,O0018596,2026-05-23,8.0
C01692,2024-10-26,organic,MX,True,O0014712,2025-02-02,60.93
C00186,2025-12-25,email,MX,True,O0001561,2026-06-17,30.51
C01619,2025-05-26,paid_search,US,True,O0014114,2026-07-20,98.46
C02816,2025-07-22,organic,BR,True,O0023886,2026-07-05,138.44
C00147,2025-12-29,paid_search,BR,False,O0001297,2026-07-30,39.44
C01757,2025-06-10,paid_search,US,False,O0015233,2026-06-26,90.89
C02350,2026-01-15,paid_search,MX,True,O0020216,2026-01-16,66.4
C00834,2024-12-29,email,BR,True,O0007188,2026-07-30,35.67
C01159,2025-08-04,paid_social,US,False,O0009910,2026-04-03,41.79
C02983,2026-01-19,referral,CR,True,O0025171,2026-08-02,10.86
C01991,2026-01-06,paid_social,US,True,O0017202,2026-03-26,68.8
C01419,2025-03-20,organic,US,True,O0012291,2025-12-11,22.98
C02728,2026-02-21,referral,US,True,O0023227,2026-08-05,126.82
C01701,2025-02-01,referral,US,True,O0014776,2026-02-14,148.58
C00532,2026-05-22,paid_social,US,True,O0004512,2026-05-23,147.29
C00828,2025-03-26,paid_search,US,True,O0007138,2026-03-19,114.59
C02198,2026-03-07,email,US,True,O0018925,2026-03-08,118.97
C01878,2025-05-01,organic,US,True,O0016244,2025-09-04,169.61
C00051,2025-02-18,paid_social,BR,True,O0000474,2026-08-04,88.48
C00250,2025-05-02,referral,MX,True,O0002106,2026-05-13,156.15
C02017,2025-12-24,referral,MX,True,O0017449,2025-12-25,169.79
C02078,2024-11-30,paid_social,CR,True,O0017959,2026-08-21,137.72
C01460,2025-08-23,email,US,True,O0012723,2026-05-25,25.02
C02424,2025-11-17,organic,BR,True,O0020782,2026-06-18,32.83
C01402,2026-03-30,paid_search,US,True,O0012159,2026-08-06,159.51
C00884,2025-08-14,referral,US,False,O0007665,2026-04-17,31.55
C02135,2024-12-29,referral,BR,True,O0018430,2025-03-14,12.1
C02914,2024-12-04,email,CR,True,O0024605,2026-03-18,21.33
C00864,2026-05-28,paid_search,MX,True,O0007469,2026-08-23,70.98
C01432,2025-09-23,referral,BR,True,O0012427,2026-08-11,26.04
C00322,2025-04-08,organic,US,False,O0002768,2026-08-14,119.46
C01884,2025-10-06,,US,True,O0016307,2025-12-12,91.18
C00232,2024-12-20,paid_search,US,True,O0001950,2026-08-13,37.42
C01745,2025-03-07,email,US,True,O0015145,2026-01-27,189.33
C02442,2026-07-12,email,US,False,O0020928,2026-08-10,210.79
C02567,2025-01-28,paid_social,CR,True,O0021900,2026-04-05,57.38
C02760,2025-02-18,organic,US,True,O0023442,2026-07-17,45.62
C00273,2025-04-20,referral,MX,True,O0002374,2026-08-29,249.76
C02624,2024-12-12,paid_search,US,True,O0022331,2026-05-19,350.82
C02093,2025-02-02,organic,MX,True,O0018072,2026-05-15,51.13
C02889,2025-11-16,paid_search,BR,False,O0024419,2025-11-17,181.87
C00126,2024-09-24,email,CR,True,O0001074,2026-08-08,29.07
C01387,2025-01-30,paid_social,BR,False,O0011996,2026-04-29,87.32
C02509,2026-06-30,organic,CR,True,O0021468,2026-07-01,265.4
C00920,2026-05-09,referral,MX,True,O0007930,2026-05-10,59.1
C02641,2026-03-26,organic,US,True,O0022488,2026-03-27,32.51
C00576,2025-08-26,email,US,True,O0004890,2026-05-21,101.62
C02195,2025-11-22,referral,US,True,O0018903,2025-11-23,142.02
C02286,2024-09-17,paid_search,US,True,O0019679,2025-11-07,69.82
C01602,2025-06-26,organic,US,True,O0013967,2025-12-10,113.74
C02238,2025-07-23,paid_search,CR,True,O0019262,2026-03-24,18.3
C02768,2024-09-25,paid_search,CR,True,O0023488,2026-02-23,205.34
C00398,2025-08-18,paid_social,BR,True,O0003388,2026-08-23,73.72
C00037,2026-01-11,paid_search,CR,True,O0000367,2026-04-05,88.61
C00676,2025-06-14,referral,US,True,O0005836,2026-07-07,43.49
C01310,2025-08-09,paid_search,BR,False,O0011348,2025-11-25,78.57
C02686,2025-08-05,paid_search,US,True,O0022842,2026-03-02,39.02
C01199,2024-09-24,paid_search,BR,True,O0010284,2026-02-05,22.77
C00881,2024-12-14,email,BR,True,O0007631,2025-11-09,75.29
C02568,2026-02-25,referral,MX,False,O0021911,2026-03-15,34.7
C00180,2025-07-18,organic,US,True,O0001531,2025-07-19,20.75
C02817,2026-06-04,organic,US,True,O0023900,2026-06-05,33.66
C01862,2026-03-25,paid_search,BR,True,O0016096,2026-03-26,49.71
C00198,2024-09-18,paid_search,US,True,O0001661,2026-01-18,121.98
C01843,2025-05-18,organic,MX,True,O0015917,2025-05-24,119.7
C02698,2025-07-13,paid_search,MX,False,O0022979,2025-07-14,62.58
C01133,2025-10-28,referral,US,True,O0009638,2025-11-15,195.75
C02474,2026-06-27,paid_social,BR,False,O0021192,2026-06-28,40.51
C00749,2026-05-19,paid_search,US,True,O0006483,2026-07-31,84.69
C01299,2026-06-04,email,MX,False,O0011251,2026-06-05,447.06
C02962,2025-10-17,paid_search,MX,False,O0025010,2026-05-09,255.03
C01220,2025-01-30,paid_social,BR,False,O0010467,2026-05-25,108.99
C01448,2025-01-03,referral,CR,True,O0012597,2026-07-27,23.11
C02612,2025-09-03,paid_social,US,True,O0022237,2025-11-12,35.24
C01025,2025-11-10,paid_search,US,True,O0008777,2026-03-06,39.24
C00824,2025-08-27,organic,MX,True,O0007097,2025-12-16,58.88
C00285,2026-06-07,organic,US,True,O0002476,2026-07-24,33.79
C01997,2024-10-02,email,US,True,O0017300,2026-08-24,97.35
C01936,2025-12-07,paid_social,US,True,O0016709,2026-03-22,65.93
C00596,2026-06-01,paid_social,BR,True,O0005070,2026-07-18,58.41
C01747,2024-09-30,paid_social,MX,False,O0015156,2025-08-17,175.88
C00543,2024-10-18,referral,US,True,O0004596,2026-08-26,119.2
C01147,2025-09-27,paid_social,US,True,O0009809,2026-06-20,28.02
C00051,2025-02-18,paid_social,BR,True,O0000480,2026-08-22,116.76
C01192,2025-02-11,organic,BR,False,O0010226,2025-10-22,53.88
C02704,2026-04-26,email,BR,True,O0023018,2026-04-27,60.67
C00045,2026-07-13,referral,MX,False,O0000418,2026-07-14,96.43
C02336,2026-02-09,organic,BR,True,O0020074,2026-02-10,65.47
C02146,2026-06-29,organic,CR,False,O0018510,2026-06-30,69.39
C01949,2025-03-06,referral,BR,True,O0016847,2026-04-19,70.96
C00563,2026-01-24,organic,MX,True,O0004744,2026-01-25,48.36
C00701,2024-11-09,referral,CR,False,O0006104,2026-08-24,99.1
C02812,2025-03-25,organic,BR,True,O0023845,2026-08-17,175.47
C02892,2025-09-10,paid_social,US,False,O0024455,2026-03-12,167.42
C00842,2024-10-10,organic,US,True,O0007253,2026-05-06,83.11
C02069,2025-06-21,organic,BR,True,O0017869,2026-06-04,67.79
C01433,2025-04-06,paid_search,US,True,O0012432,2025-12-20,81.81
C00739,2026-03-13,referral,US,True,O0006431,2026-08-22,390.75
C01740,2025-03-25,referral,CR,True,O0015104,2026-06-08,81.03
C02828,2026-04-13,paid_social,BR,True,O0023985,2026-04-14,35.22
C02774,2026-01-26,paid_social,US,True,O0023564,2026-06-07,30.21
C02788,2025-10-21,organic,MX,True,O0023655,2026-02-11,96.07
C02524,2025-02-22,email,US,True,O0021595,2026-02-05,45.98
C01182,2024-12-29,paid_social,US,True,O0010109,2026-05-16,102.13
C00473,2026-07-08,paid_search,MX,True,O0004019,2026-07-09,32.5
C02753,2026-01-02,email,BR,True,O0023396,2026-08-11,150.14
C00453,2024-09-13,paid_search,MX,True,O0003808,2026-01-22,54.35
C02266,2025-01-04,organic,MX,True,O0019512,2026-07-12,102.37
C00348,2026-02-06,referral,BR,False,O0002970,2026-02-07,20.87
C02156,2026-07-17,paid_social,MX,False,O0018607,2026-07-18,64.6
C00865,2025-02-11,referral,US,False,O0007473,2025-11-05,34.46
C02827,2025-03-11,email,MX,False,O0023975,2025-07-24,187.13
C00826,2025-11-23,organic,US,False,O0007114,2026-05-04,42.51
C02430,2026-03-22,paid_search,MX,True,O0020822,2026-05-07,81.82
C00643,2025-08-14,paid_search,US,True,O0005523,2026-08-17,55.29
C02381,2025-05-30,email,BR,True,O0020486,2026-06-29,87.99
C00609,2025-11-11,organic,CR,True,O0005218,2026-05-22,139.01
C01605,2025-10-25,referral,BR,True,O0013980,2026-03-31,65.56
C00440,2025-09-12,referral,CR,True,O0003690,2026-06-22,91.61
C00612,2025-09-14,email,BR,True,O0005254,2025-10-07,174.51
C01771,2025-10-12,organic,MX,True,O0015332,2026-04-25,96.91
C00374,2024-10-31,paid_social,MX,True,O0003185,2026-01-18,86.6
C02730,2026-04-14,paid_social,US,True,O0023239,2026-04-15,99.78
C02789,2026-01-05,organic,US,True,O0023659,2026-01-06,110.01
C00209,2024-12-08,organic,MX,True,O0001735,2026-06-28,56.51
C02671,2026-02-09,organic,US,True,O0022716,2026-03-16,54.41
C00582,2025-12-02,paid_social,US,True,O0004935,2026-03-05,295.96
C00332,2026-04-21,referral,BR,True,O0002854,2026-05-28,105.96
C01481,2025-03-04,paid_social,MX,True,O0012909,2026-06-05,42.2
C01162,2025-02-27,referral,BR,True,O0009940,2025-10-02,54.6
C01408,2026-03-14,referral,US,True,O0012211,2026-07-25,201.04
C02181,2025-07-29,organic,US,True,O0018782,2026-01-22,21.67
C01050,2026-01-20,organic,BR,True,O0008976,2026-08-09,10.94
C00609,2025-11-11,organic,CR,True,O0005211,2026-01-02,40.73
C00444,2026-03-24,paid_social,US,True,O0003733,2026-03-25,248.94
C02967,2026-01-07,referral,US,True,O0025049,2026-01-30,108.7
C01025,2025-11-10,paid_search,US,True,O0008781,2026-07-26,63.15
C00576,2025-08-26,email,US,True,O0004891,2026-05-25,144.5
C00911,2026-06-15,paid_social,CR,True,O0007851,2026-06-16,73.41
C02897,2026-01-16,paid_search,US,True,O0024487,2026-04-12,130.9
C01235,2025-10-21,paid_search,MX,True,O0010579,2026-01-28,283.61
C02693,2026-04-20,paid_social,US,True,O0022948,2026-07-24,124.31
C00385,2024-12-09,paid_search,BR,True,O0003272,2025-11-14,193.39
C00005,2025-10-11,paid_search,US,True,O0000059,2026-08-21,244.36
C02664,2024-09-27,organic,US,True,O0022669,2025-11-14,58.8
C00665,2024-11-04,referral,US,True,O0005702,2026-06-01,134.75
C00229,2025-09-05,email,CR,True,O0001903,2025-11-07,131.45
C02610,2026-05-24,paid_search,BR,True,O0022219,2026-05-25,101.5
C00212,2025-04-23,paid_social,BR,True,O0001754,2026-03-09,111.48
C02251,2025-01-08,paid_social,US,True,O0019381,2026-07-09,180.9
C00635,2025-06-12,email,BR,False,O0005454,2026-05-22,59.3
C01668,2026-03-29,organic,MX,True,O0014512,2026-08-23,16.31
C00126,2024-09-24,email,CR,True,O0001070,2026-06-28,154.1
C00279,2025-07-24,referral,US,True,O0002427,2026-08-19,181.19
C00283,2026-05-15,organic,MX,True,O0002445,2026-05-16,9.41
C01668,2026-03-29,organic,MX,True,O0014511,2026-08-21,59.91
C00757,2025-02-12,organic,MX,True,O0006535,2025-09-28,39.56
C01808,2025-03-27,organic,US,True,O0015643,2025-12-09,143.18
C02085,2024-10-27,email,US,True,O0018018,2026-07-19,43.59
C01736,2025-11-05,email,US,False,O0015078,2026-08-23,97.18
C00516,2026-04-24,paid_search,MX,True,O0004357,2026-04-25,64.33
C01825,2025-02-18,email,MX,True,O0015785,2025-08-23,93.73
C02547,2025-12-01,email,US,True,O0021799,2026-06-19,8.0
C00936,2026-07-29,paid_social,MX,True,O0008086,2026-07-30,58.65
C02019,2026-02-26,organic,US,False,O0017461,2026-02-27,55.08
C02895,2025-09-08,organic,MX,True,O0024469,2026-02-04,128.22
C01260,2024-11-07,paid_search,US,True,O0010857,2025-11-18,66.36
C02722,2025-10-04,email,US,True,O0023184,2026-08-05,77.2
C02853,2025-06-09,email,US,True,O0024126,2025-06-10,60.26
C00480,2026-03-04,organic,US,True,O0004088,2026-03-05,127.59
C00379,2025-06-03,paid_social,MX,True,O0003233,2026-08-13,83.32
C00687,2025-11-18,organic,US,True,O0005958,2026-05-12,60.09
C02818,2025-07-20,referral,MX,True,O0023909,2025-12-26,100.17
C02840,2025-01-08,paid_search,BR,True,O0024065,2026-05-24,32.83
C02764,2025-09-17,referral,US,True,O0023463,2026-04-03,73.62
C02704,2026-04-26,email,BR,True,O0023012,2026-04-27,92.91
C02586,2025-01-11,paid_search,US,False,O0022034,2026-05-29,22.12
C01297,2026-01-19,organic,US,True,O0011245,2026-06-04,195.74
C00439,2026-02-15,paid_search,US,True,O0003664,2026-03-27,418.85
C01804,2026-06-02,paid_search,CR,False,O0015602,2026-06-03,79.1
C01307,2025-09-05,paid_search,MX,False,O0011332,2026-08-02,59.08
C01288,2025-10-28,email,CR,True,O0011133,2026-05-08,59.52
C00131,2024-11-12,organic,MX,True,O0001116,2026-07-03,29.13
C02028,2025-04-03,paid_social,BR,True,O0017546,2025-10-21,65.17
C01427,2026-06-26,paid_search,US,True,O0012364,2026-06-27,108.53
C01585,2025-04-17,paid_search,MX,False,O0013812,2025-12-26,194.46
C00534,2026-07-02,organic,US,False,O0004532,2026-07-03,109.9
C02404,2026-02-13,referral,US,False,O0020646,2026-02-14,127.74
C00495,2025-09-06,paid_search,MX,True,O0004183,2026-02-10,52.56
C02453,2025-12-31,paid_search,US,True,O0020998,2026-01-01,94.43
C01469,2024-11-22,organic,MX,True,O0012818,2026-01-07,298.4
C00620,2026-01-01,paid_search,CR,True,O0005305,2026-01-25,143.04
C02001,2024-09-14,referral,BR,True,O0017324,2026-04-02,62.71
C01777,2025-04-10,organic,MX,True,O0015407,2026-05-24,180.58
C00517,2025-08-15,organic,US,True,O0004365,2025-10-27,77.07
C00144,2024-11-06,email,MX,True,O0001267,2025-07-21,44.2
C02575,2025-02-01,email,MX,False,O0021968,2025-06-23,10.84
C00557,2025-09-15,paid_search,US,True,O0004702,2026-05-01,12.41
C02913,2024-10-05,paid_search,US,True,O0024596,2025-03-03,13.45
C02862,2024-12-05,referral,CR,True,O0024182,2025-05-18,65.1
C02710,2025-09-26,organic,US,True,O0023088,2026-08-05,207.77
C01084,2026-02-12,organic,US,True,O0009263,2026-08-08,133.78
C00576,2025-08-26,email,US,True,O0004887,2026-04-29,117.98
C01150,2025-01-27,organic,US,True,O0009827,2026-02-16,70.18
C02077,2024-09-29,email,US,True,O0017932,2026-08-06,227.5
C01673,2025-08-26,email,BR,True,O0014571,2026-06-08,21.68
C00620,2026-01-01,paid_search,CR,True,O0005302,2026-01-02,29.97
C01524,2025-07-26,paid_social,BR,True,O0013280,2026-04-19,113.0
C00298,2025-01-31,email,MX,True,O0002576,2025-04-27,138.53
C01711,2026-05-13,paid_search,BR,True,O0014873,2026-08-26,37.07
C02259,2026-06-27,organic,US,True,O0019449,2026-08-06,85.81
C00912,2026-07-14,paid_search,CR,True,O0007860,2026-07-15,36.8
C00923,2024-11-24,organic,MX,False,O0007968,2025-08-03,111.08
C00961,2026-06-01,organic,BR,True,O0008294,2026-07-06,123.4
C02441,2025-12-06,organic,BR,True,O0020908,2025-12-07,84.29
C01383,2025-07-30,paid_search,US,False,O0011967,2025-07-31,25.34
C00294,2025-03-31,organic,CR,True,O0002555,2026-06-18,83.6
C01202,2026-02-25,paid_social,US,True,O0010313,2026-06-29,27.15
C02783,2026-03-01,paid_social,BR,True,O0023619,2026-03-22,39.18
C01262,2025-05-02,referral,US,True,O0010881,2026-07-03,62.46
C01573,2025-11-16,email,US,True,O0013717,2026-04-23,171.73
C02262,2025-08-19,organic,MX,True,O0019488,2026-08-05,106.8
C00357,2026-01-07,organic,BR,True,O0003040,2026-08-29,100.18
C01183,2026-01-10,paid_social,US,True,O0010131,2026-08-15,466.04
C01153,2024-10-08,organic,US,True,O0009847,2026-08-04,24.5
C00003,2024-10-07,referral,BR,True,O0000039,2026-08-08,83.38
C01327,2026-06-20,paid_search,CR,True,O0011504,2026-06-21,95.31
C00334,2026-04-03,organic,BR,True,O0002864,2026-04-04,125.88
C02962,2025-10-17,paid_search,MX,False,O0025009,2026-03-17,99.92
C00111,2025-08-15,organic,US,False,O0000938,2025-08-16,115.15
C00259,2026-05-29,organic,US,False,O0002210,2026-05-30,122.91
C01032,2025-01-29,paid_social,MX,True,O0008831,2025-09-24,56.02
C00565,2025-08-31,paid_search,MX,True,O0004775,2026-07-14,32.75
C02512,2025-04-29,paid_social,US,False,O0021519,2026-08-20,90.31
C00873,2025-05-20,organic,MX,True,O0007546,2026-04-19,168.34
C02803,2026-07-22,paid_search,US,True,O0023770,2026-07-23,155.07
C01565,2024-11-02,organic,CR,True,O0013645,2025-06-30,98.58
C00649,2024-11-25,referral,US,True,O0005574,2026-07-30,173.91
C01805,2026-06-29,paid_search,US,True,O0015614,2026-07-08,99.83
C01714,2026-02-07,referral,BR,True,O0014887,2026-02-08,47.94
C01070,2024-11-09,paid_search,US,True,O0009152,2026-08-18,94.14
C01440,2024-10-15,referral,US,True,O0012506,2026-07-03,61.2
C00149,2026-04-25,paid_search,MX,True,O0001307,2026-05-04,59.39
C00513,2026-01-12,paid_search,MX,False,O0004329,2026-01-13,27.34
C01501,2025-06-13,paid_social,US,True,O0013081,2025-06-14,108.87
C01794,2024-12-12,referral,MX,True,O0015535,2025-05-19,64.55
C01048,2026-05-11,referral,US,True,O0008958,2026-05-12,77.54
C02940,2026-06-21,paid_search,US,True,O0024811,2026-06-22,123.23
C00824,2025-08-27,organic,MX,True,O0007094,2025-08-28,132.68
C01496,2024-11-20,paid_social,BR,True,O0013047,2026-04-24,61.16
C00507,2025-04-07,referral,US,True,O0004282,2025-08-16,85.98
C01274,2026-01-01,paid_search,BR,True,O0011017,2026-06-27,41.79
C01337,2025-04-08,referral,US,True,O0011616,2025-05-29,66.23
C00877,2025-01-25,organic,BR,False,O0007584,2026-01-02,125.9
C01695,2025-12-26,referral,US,True,O0014737,2026-06-15,47.64
C00503,2026-04-21,email,US,True,O0004250,2026-04-22,59.07
C00824,2025-08-27,organic,MX,True,O0007104,2026-06-09,68.66
C02856,2025-02-10,email,US,True,O0024152,2025-07-12,47.36
C01978,2025-03-16,organic,US,True,O0017090,2025-08-28,66.95
C00873,2025-05-20,organic,MX,True,O0007552,2026-08-07,32.73
C01555,2024-10-17,organic,BR,True,O0013537,2025-03-08,11.28
C01091,2026-03-09,organic,US,True,O0009332,2026-04-20,42.61
C00285,2026-06-07,organic,US,True,O0002469,2026-06-08,110.87
C01008,2026-01-26,paid_social,CR,True,O0008662,2026-07-08,120.32
C00570,2025-02-15,paid_search,MX,False,O0004819,2026-08-26,113.16
C00400,2026-04-25,paid_search,BR,True,O0003405,2026-04-26,82.42
C02246,2026-04-28,paid_search,MX,True,O0019335,2026-04-29,180.78
C01921,2026-01-17,referral,BR,True,O0016578,2026-07-09,165.35
C01229,2025-07-30,referral,US,True,O0010518,2025-08-10,148.63
C02383,2026-06-09,referral,CR,False,O0020506,2026-06-10,133.49
C01133,2025-10-28,referral,US,True,O0009642,2026-05-24,45.65
C02423,2026-06-28,referral,MX,False,O0020773,2026-06-29,33.74
C00574,2025-11-29,organic,CR,True,O0004847,2025-11-30,42.14
C00273,2025-04-20,referral,MX,True,O0002358,2026-03-11,182.49
C02491,2025-01-27,organic,US,True,O0021315,2025-10-27,92.73
C00401,2024-11-16,paid_search,CR,False,O0003433,2026-08-24,8.0
C00221,2025-10-13,paid_social,CR,False,O0001833,2026-05-06,93.4
C01950,2025-03-24,paid_social,MX,True,O0016875,2026-07-08,142.95
C02146,2026-06-29,organic,CR,False,O0018506,2026-06-30,24.72
C01740,2025-03-25,referral,CR,True,O0015105,2026-06-28,119.47
C02672,2025-08-14,organic,MX,True,O0022727,2026-05-06,27.97
C02126,2024-10-22,referral,US,True,O0018337,2026-08-08,168.93
C00864,2026-05-28,paid_search,MX,True,O0007471,2026-08-26,148.43
C00533,2025-07-14,referral,CR,True,O0004529,2026-08-09,57.9
C01734,2026-07-01,organic,US,True,O0015053,2026-07-02,38.24
C00358,2026-06-05,email,US,False,O0003043,2026-06-06,53.47
C02114,2025-06-25,organic,US,False,O0018210,2025-06-26,18.38
C00882,2025-02-01,referral,US,True,O0007643,2026-05-30,123.66
C00738,2025-02-07,organic,US,True,O0006397,2026-05-29,100.77
C01728,2026-06-11,organic,US,False,O0014999,2026-06-12,138.25
C02809,2026-06-16,paid_search,MX,True,O0023816,2026-07-31,33.13
C00654,2024-12-28,paid_social,US,True,O0005605,2026-07-18,205.21
C00031,2025-12-01,organic,US,False,O0000286,2026-04-20,281.12
C02352,2025-01-09,referral,US,True,O0020243,2026-04-02,111.49
C01351,2025-08-15,email,MX,True,O0011747,2026-01-15,46.24
C00398,2025-08-18,paid_social,BR,True,O0003377,2026-05-09,177.03
C02291,2025-12-05,paid_social,MX,False,O0019724,2026-08-06,24.05
C02119,2025-12-07,referral,MX,True,O0018262,2026-01-18,276.04
C02847,2025-04-27,email,US,True,O0024107,2026-08-25,51.2
C02853,2025-06-09,email,US,True,O0024125,2025-06-10,38.09
C01132,2025-04-27,email,US,True,O0009628,2026-07-18,295.91
C02380,2025-09-11,organic,MX,True,O0020473,2026-07-16,71.67
C00875,2024-11-12,paid_search,CR,True,O0007573,2026-07-02,137.07
C00178,2026-01-23,paid_social,US,True,O0001526,2026-08-01,48.52
C01869,2025-07-04,organic,BR,True,O0016152,2026-03-29,165.07
C00019,2024-11-16,paid_search,MX,True,O0000178,2026-08-08,72.63
C01899,2026-03-30,paid_search,CR,True,O0016427,2026-06-13,149.2
C00995,2025-10-14,organic,MX,True,O0008560,2026-02-14,44.4
C01541,2025-06-21,email,MX,False,O0013426,2026-04-18,38.13
C02061,2024-11-06,referral,US,False,O0017812,2026-04-02,50.67
C00844,2025-01-21,organic,CR,True,O0007268,2026-03-14,210.24
C01970,2026-03-18,email,US,True,O0017027,2026-08-16,29.05
C02380,2025-09-11,organic,MX,True,O0020469,2026-06-20,220.06
C00374,2024-10-31,paid_social,MX,True,O0003189,2026-06-19,120.42
C01998,2025-11-20,email,US,False,O0017303,2026-06-04,24.94
C01990,2026-04-08,organic,US,True,O0017196,2026-04-26,54.41
C02287,2024-11-26,paid_social,MX,True,O0019695,2026-08-03,113.64
C00465,2025-03-31,paid_search,US,True,O0003962,2026-05-24,67.87
C02403,2026-03-02,referral,BR,True,O0020639,2026-08-26,256.83
C01376,2025-06-30,organic,BR,True,O0011918,2026-07-20,87.29
C01552,2024-10-12,organic,BR,False,O0013500,2025-09-25,49.05
C02991,2025-12-07,organic,MX,True,O0025231,2026-07-12,143.75
C01748,2025-09-25,paid_social,US,True,O0015166,2026-03-18,72.25
C00003,2024-10-07,referral,BR,True,O0000024,2026-01-30,209.24
C01001,2025-03-03,organic,US,True,O0008595,2026-05-19,15.68
C01335,2025-08-28,organic,US,True,O0011589,2026-07-10,84.96
C01556,2025-10-22,paid_search,CR,True,O0013548,2026-07-26,205.16
C00589,2026-07-25,paid_search,US,True,O0005028,2026-07-26,87.07
C01312,2024-11-16,organic,US,True,O0011378,2026-05-19,173.09
C02203,2025-08-20,paid_search,MX,True,O0018954,2026-07-21,104.85
C02238,2025-07-23,paid_search,CR,True,O0019265,2026-05-23,38.51
C02575,2025-02-01,email,MX,False,O0021975,2025-12-25,181.32
C02202,2025-07-29,paid_social,US,True,O0018947,2026-06-19,70.04
C02356,2024-10-14,referral,US,True,O0020278,2026-06-19,132.34
C00444,2026-03-24,paid_social,US,True,O0003741,2026-06-28,94.28
C00196,2025-07-28,paid_social,MX,False,O0001650,2026-06-27,118.59
C00841,2024-10-05,referral,CR,True,O0007240,2026-07-17,193.31
C02959,2025-02-01,referral,US,True,O0024981,2026-02-01,202.1
C00608,2024-12-20,referral,CR,True,O0005203,2026-08-06,152.87
C02299,2024-10-02,referral,US,True,O0019779,2025-07-20,25.25
C01684,2025-06-18,organic,BR,True,O0014647,2025-10-05,50.53
C02124,2026-04-13,organic,US,True,O0018310,2026-04-14,154.54
C02429,2024-09-13,organic,CR,True,O0020813,2025-04-17,70.8
C01878,2025-05-01,organic,US,True,O0016243,2025-08-31,83.73
C02518,2025-02-23,paid_search,CR,True,O0021561,2026-02-06,84.83
C00687,2025-11-18,organic,US,True,O0005964,2026-07-11,145.1
C00518,2025-12-08,paid_search,US,True,O0004388,2026-03-09,150.03
C02831,2025-08-05,organic,MX,True,O0024007,2026-07-14,98.9
C01105,2024-10-30,paid_social,US,True,O0009412,2026-05-12,51.21
C00608,2024-12-20,referral,CR,True,O0005193,2026-03-20,62.84
C01537,2025-10-30,referral,BR,True,O0013393,2026-08-17,54.23
C01614,2024-12-17,email,US,True,O0014054,2026-07-11,80.75
C01056,2026-01-22,paid_search,MX,True,O0009028,2026-05-24,24.36
C01404,2024-12-13,paid_search,MX,True,O0012177,2025-04-20,111.22
C00283,2026-05-15,organic,MX,True,O0002452,2026-05-16,112.17
C02528,2025-08-24,referral,MX,False,O0021631,2026-06-08,126.72
C01637,2025-10-21,paid_search,US,False,O0014241,2026-07-18,65.35
C01983,2025-06-01,paid_search,MX,True,O0017153,2026-08-27,176.66
C01283,2024-09-17,email,MX,True,O0011085,2026-04-18,118.51
C00608,2024-12-20,referral,CR,True,O0005201,2026-06-29,94.09
C00318,2026-02-04,paid_social,MX,False,O0002734,2026-03-27,74.81
C01476,2025-01-18,organic,US,False,O0012871,2025-01-19,34.17
C00783,2025-08-06,paid_search,US,True,O0006736,2026-05-20,130.13
C02999,2025-02-28,paid_search,US,True,O0025301,2026-08-27,174.77
C00689,2026-01-29,referral,CR,True,O0006020,2026-08-07,94.85
C01567,2026-01-24,organic,MX,True,O0013664,2026-06-21,198.27
C02962,2025-10-17,paid_search,MX,False,O0025011,2026-06-01,142.45
C01229,2025-07-30,referral,US,True,O0010521,2026-01-01,54.2
C02216,2025-06-23,organic,US,True,O0019082,2026-03-02,65.52
C00237,2025-02-21,referral,MX,True,O0002001,2025-02-22,49.98
C01660,2026-02-09,paid_social,CR,True,O0014436,2026-07-28,29.48
C01132,2025-04-27,email,US,True,O0009634,2026-08-22,32.43
C00910,2024-09-18,email,US,True,O0007841,2026-06-26,178.97
C02722,2025-10-04,email,US,True,O0023177,2025-12-21,180.87
C01155,2025-12-24,paid_search,CR,True,O0009875,2026-08-10,36.12
C01934,2025-01-16,paid_search,MX,True,O0016703,2026-08-28,324.64
C02640,2025-05-20,paid_search,US,True,O0022483,2026-07-09,178.35
C01810,2025-02-03,paid_search,CR,True,O0015652,2025-08-01,82.39
C02534,2024-12-24,paid_search,MX,True,O0021693,2026-02-17,237.04
C00824,2025-08-27,organic,MX,True,O0007106,2026-07-18,122.41
C00993,2024-11-03,referral,US,True,O0008541,2025-09-01,119.76
C00269,2026-06-19,organic,US,True,O0002322,2026-06-20,205.69
C00113,2026-03-29,email,MX,True,O0000954,2026-03-30,73.23
C01250,2024-10-15,email,US,False,O0010739,2026-06-28,39.98
C00945,2026-04-29,organic,MX,True,O0008158,2026-04-30,81.25
C00926,2025-01-24,paid_search,MX,True,O0008004,2025-12-24,61.46
C02586,2025-01-11,paid_search,US,False,O0022042,2026-08-15,152.43
C00700,2026-02-03,organic,US,True,O0006078,2026-02-04,45.01
C00763,2025-12-13,organic,CR,True,O0006584,2026-03-24,17.26
C02552,2026-03-10,organic,US,False,O0021813,2026-03-11,160.17
C02007,2024-11-24,organic,US,True,O0017365,2025-12-21,89.14
C02137,2025-06-19,email,CR,True,O0018437,2025-06-20,49.52
C00077,2026-06-30,paid_social,MX,True,O0000674,2026-07-20,131.09
C00721,2026-04-09,referral,BR,True,O0006279,2026-08-12,177.96
C01504,2025-03-06,referral,US,False,O0013110,2026-04-21,59.77
C01427,2026-06-26,paid_search,US,True,O0012366,2026-06-27,16.93
C00379,2025-06-03,paid_social,MX,True,O0003231,2026-06-04,32.28
C02986,2025-01-03,paid_search,US,True,O0025196,2026-03-02,62.05
C00107,2026-06-12,email,US,False,O0000906,2026-06-13,84.07
C01724,2024-09-23,paid_social,CR,False,O0014960,2026-05-01,46.5
C01693,2026-03-22,organic,MX,True,O0014720,2026-03-23,207.28
C01733,2024-11-22,organic,BR,True,O0015046,2026-07-10,44.85
C01614,2024-12-17,email,US,True,O0014057,2026-07-22,133.92
C00316,2025-12-04,organic,MX,True,O0002708,2026-06-04,124.29
C01954,2025-12-05,referral,US,True,O0016901,2026-06-18,208.3
C02394,2025-08-15,referral,BR,True,O0020577,2026-06-04,67.26
C02228,2025-03-18,paid_social,US,True,O0019172,2025-11-12,79.15
C00773,2024-12-02,paid_social,MX,True,O0006651,2025-08-16,79.88
C01118,2026-08-01,organic,CR,True,O0009503,2026-08-02,33.38
C01419,2025-03-20,organic,US,True,O0012296,2026-06-01,86.96
C01327,2026-06-20,paid_search,CR,True,O0011511,2026-06-21,200.85
C02723,2025-12-26,organic,US,True,O0023186,2026-06-09,36.91
C01140,2025-12-19,email,BR,True,O0009735,2026-07-04,66.06
C00380,2025-05-10,referral,MX,True,O0003239,2026-01-07,84.7
C01512,2025-04-11,paid_search,BR,True,O0013185,2026-04-14,74.79
C00234,2025-02-21,organic,CR,False,O0001979,2026-03-15,44.1
C02796,2024-10-13,referral,US,True,O0023722,2026-04-25,21.16
C02245,2024-11-26,referral,US,True,O0019332,2026-05-07,72.24
C02904,2025-02-26,paid_social,US,True,O0024541,2026-06-29,84.7
C02034,2025-12-16,organic,CR,True,O0017592,2025-12-17,64.95
C02895,2025-09-08,organic,MX,True,O0024468,2026-01-15,131.12
C01577,2024-09-17,paid_social,US,True,O0013744,2025-02-12,95.31
C01737,2025-07-01,organic,US,True,O0015082,2025-08-14,27.49
C01640,2026-07-07,referral,US,True,O0014251,2026-07-08,61.37
C02445,2025-12-05,paid_social,US,True,O0020946,2025-12-06,123.49
C01049,2025-08-12,organic,US,True,O0008970,2026-02-25,155.37
C02135,2024-12-29,referral,BR,True,O0018432,2025-05-27,27.28
C00255,2025-11-14,paid_social,MX,True,O0002165,2026-02-07,199.97
C00902,2024-11-04,referral,BR,True,O0007786,2026-01-04,109.76
C01154,2025-06-04,paid_search,US,True,O0009853,2026-04-13,196.57
C01509,2026-05-09,paid_search,BR,True,O0013151,2026-05-10,25.37
C01647,2025-10-22,referral,US,True,O0014304,2026-07-25,343.99
C01410,2026-05-14,paid_search,BR,True,O0012224,2026-06-30,44.73
C00380,2025-05-10,referral,MX,True,O0003236,2025-09-20,108.43
C00113,2026-03-29,email,MX,True,O0000963,2026-06-29,119.05
C01028,2026-03-02,paid_social,BR,False,O0008802,2026-03-21,236.11
C01615,2025-12-01,email,US,True,O0014065,2026-02-13,85.71
C02881,2025-07-18,organic,MX,True,O0024368,2026-05-24,28.76
C00072,2025-07-19,organic,BR,True,O0000618,2025-12-16,36.5
C02297,2026-05-16,paid_search,MX,True,O0019761,2026-07-24,88.87
C00898,2026-01-20,organic,US,True,O0007762,2026-01-21,19.76
C00987,2025-06-18,paid_search,BR,False,O0008479,2026-04-30,75.98
C02769,2025-10-16,paid_search,US,True,O0023508,2025-10-17,17.39
C02299,2024-10-02,referral,US,True,O0019776,2025-06-10,90.04
C02891,2025-03-15,email,MX,True,O0024444,2026-03-29,53.06
C01099,2025-07-23,organic,US,True,O0009366,2025-11-27,45.23
C00821,2025-08-14,organic,BR,True,O0007080,2026-06-27,46.31
C01873,2025-08-18,email,BR,True,O0016196,2026-07-30,213.21
C01346,2025-04-20,paid_search,MX,True,O0011668,2026-05-23,30.64
C02249,2024-10-24,paid_social,US,True,O0019358,2026-05-01,37.68
C02802,2025-08-20,referral,BR,True,O0023764,2026-07-08,81.95
C00042,2025-09-02,paid_search,CR,True,O0000408,2026-08-09,80.63
C01645,2026-04-28,paid_search,MX,True,O0014284,2026-04-29,68.51
C01570,2026-06-11,referral,BR,False,O0013685,2026-06-12,46.82
C00826,2025-11-23,organic,US,False,O0007121,2026-07-10,85.5
C02088,2026-06-04,email,BR,False,O0018038,2026-06-05,116.05
C02231,2025-10-11,email,US,True,O0019193,2025-10-12,30.23
C01827,2026-05-07,referral,US,False,O0015811,2026-07-25,40.85
C01931,2025-03-22,paid_search,BR,True,O0016649,2026-02-20,20.16
C01041,2024-09-17,paid_social,US,True,O0008902,2026-08-25,195.66
C02546,2024-11-25,paid_search,MX,True,O0021782,2026-04-26,8.7
C02232,2025-01-06,organic,BR,True,O0019203,2025-12-01,8.0
C01161,2025-07-04,paid_search,US,True,O0009923,2026-04-09,32.93
C00881,2024-12-14,email,BR,True,O0007632,2026-01-03,19.93
C00495,2025-09-06,paid_search,MX,True,O0004178,2025-10-07,91.36
C00811,2026-07-29,paid_social,CR,True,O0007018,2026-08-06,28.7
C02125,2025-03-31,referral,US,True,O0018316,2026-02-11,48.22
C00757,2025-02-12,organic,MX,True,O0006531,2025-06-30,42.96
C00094,2026-03-04,organic,US,False,O0000809,2026-03-15,62.14
C00255,2025-11-14,paid_social,MX,True,O0002174,2026-08-08,177.78
C02729,2025-08-14,organic,BR,False,O0023235,2025-08-15,46.7
C01419,2025-03-20,organic,US,True,O0012304,2026-07-24,155.55
C02442,2026-07-12,email,US,False,O0020931,2026-08-30,234.98
C00877,2025-01-25,organic,BR,False,O0007589,2026-03-19,20.58
C00442,2025-08-19,organic,BR,True,O0003709,2026-07-28,95.37
C00056,2024-12-17,paid_search,MX,True,O0000513,2024-12-18,29.2
C01374,2024-11-09,email,BR,False,O0011901,2025-08-02,43.39
C01071,2026-02-11,organic,CR,True,O0009155,2026-02-12,24.03
C01549,2026-01-21,paid_search,US,True,O0013488,2026-08-28,66.37
C02119,2025-12-07,referral,MX,True,O0018263,2026-04-01,93.85
C00499,2025-12-06,referral,MX,True,O0004222,2026-07-01,75.19
C01841,2025-07-14,organic,US,True,O0015892,2026-06-24,46.08
C01902,2025-03-14,email,BR,False,O0016432,2025-07-23,78.14
C00519,2025-12-31,organic,US,True,O0004399,2026-05-14,79.45
C02939,2026-03-02,email,CR,True,O0024804,2026-07-31,131.7
C02663,2025-12-30,organic,BR,True,O0022658,2025-12-31,52.6
C00021,2026-06-10,organic,US,True,O0000194,2026-06-11,44.01
C00438,2025-11-17,referral,MX,True,O0003661,2025-11-18,43.62
C02723,2025-12-26,organic,US,True,O0023188,2026-08-12,59.03
C00095,2025-02-09,organic,MX,True,O0000814,2026-05-05,78.4
C02049,2025-05-04,organic,MX,True,O0017730,2026-05-03,54.71
C01425,2025-07-02,organic,CR,True,O0012355,2026-03-11,73.54
C02437,2024-09-25,paid_search,US,True,O0020875,2026-05-23,104.38
C02698,2025-07-13,paid_search,MX,False,O0022977,2025-07-14,40.83
C01728,2026-06-11,organic,US,False,O0015005,2026-06-12,210.17
C00783,2025-08-06,paid_search,US,True,O0006730,2026-01-30,42.69
C01874,2025-06-18,paid_search,US,True,O0016200,2026-05-25,71.07
C01256,2025-05-07,paid_social,MX,True,O0010821,2025-10-25,9.19
C00614,2026-03-20,paid_social,BR,True,O0005273,2026-03-21,82.55
C00043,2025-08-05,paid_search,MX,False,O0000412,2026-07-20,41.96
C01978,2025-03-16,organic,US,True,O0017094,2025-12-21,292.07
C01965,2025-10-02,paid_social,US,False,O0017004,2025-10-03,69.79
C00076,2025-06-07,referral,BR,True,O0000650,2026-04-29,279.59
C00656,2025-12-11,organic,BR,False,O0005624,2025-12-12,85.18
C02685,2025-06-30,paid_search,US,True,O0022838,2026-05-06,68.8
C02495,2025-09-27,paid_social,CR,True,O0021346,2026-05-17,24.8
C00480,2026-03-04,organic,US,True,O0004089,2026-03-05,38.01
C00704,2026-02-18,paid_social,US,False,O0006123,2026-06-06,28.67
C01993,2025-01-09,organic,MX,False,O0017229,2026-03-30,30.01
C01023,2026-03-01,organic,CR,False,O0008759,2026-07-06,35.24
C01399,2025-11-11,organic,US,True,O0012116,2026-07-23,171.53
C01418,2024-12-27,organic,BR,True,O0012290,2026-07-11,13.95
C01206,2025-12-01,organic,MX,True,O0010344,2026-07-12,112.73
C00019,2024-11-16,paid_search,MX,True,O0000163,2026-03-08,175.43
C01172,2026-07-22,paid_search,MX,True,O0009996,2026-07-23,251.1
C01118,2026-08-01,organic,CR,True,O0009509,2026-08-02,49.38
C01268,2024-10-02,email,US,True,O0010934,2025-08-28,25.93
C01245,2025-02-28,organic,US,False,O0010671,2025-12-10,132.95
C01015,2025-12-02,paid_search,MX,True,O0008721,2026-08-26,19.05
C01808,2025-03-27,organic,US,True,O0015637,2025-05-03,108.61
C00807,2025-01-26,referral,US,True,O0006954,2026-05-05,54.39
C01858,2025-07-14,paid_search,BR,True,O0016072,2026-04-22,153.75
C02287,2024-11-26,paid_social,MX,True,O0019688,2026-05-03,60.79
C02607,2025-12-06,referral,MX,True,O0022194,2026-07-05,178.07
C01558,2025-04-01,paid_search,BR,True,O0013580,2026-01-17,53.22
C01855,2026-02-28,email,BR,True,O0016025,2026-04-19,36.6
C00332,2026-04-21,referral,BR,True,O0002860,2026-08-27,211.25
C01013,2024-11-11,paid_search,MX,True,O0008710,2026-04-09,90.01
C00863,2025-05-05,paid_social,US,True,O0007443,2025-05-28,66.05
C02670,2026-02-21,paid_search,US,True,O0022710,2026-02-22,9.75
C00052,2024-12-02,referral,MX,True,O0000488,2025-08-22,115.56
C01857,2025-03-19,paid_search,CR,True,O0016063,2026-08-09,174.36
C01774,2026-03-22,organic,CR,True,O0015369,2026-08-05,34.61
C01304,2026-01-13,referral,BR,False,O0011288,2026-01-14,106.0
C00544,2024-11-08,paid_social,MX,True,O0004602,2025-10-07,19.76
C02928,2025-06-13,paid_social,BR,True,O0024730,2025-06-14,105.8
C01250,2024-10-15,email,US,False,O0010729,2026-02-28,76.88
C02262,2025-08-19,organic,MX,True,O0019490,2026-08-16,34.57
C00493,2024-11-08,organic,US,True,O0004173,2026-03-04,132.93
C00409,2024-12-03,referral,US,True,O0003498,2026-04-09,85.67
C00290,2025-11-21,paid_social,US,False,O0002522,2026-07-14,218.64
C02643,2025-11-26,referral,MX,False,O0022505,2026-05-03,38.03
C00961,2026-06-01,organic,BR,True,O0008291,2026-06-08,77.96
C01722,2026-02-16,organic,BR,True,O0014952,2026-05-31,97.99
C01183,2026-01-10,paid_social,US,True,O0010115,2026-04-14,204.63
C00153,2025-03-29,referral,US,True,O0001329,2025-12-16,153.27
C02974,2025-08-02,referral,MX,True,O0025100,2026-04-19,95.2
C00433,2025-12-27,organic,BR,False,O0003631,2026-08-22,211.86
C01614,2024-12-17,email,US,True,O0014062,2026-08-20,27.62
C02958,2025-12-06,organic,US,True,O0024970,2026-07-15,218.81
C02779,2026-01-23,organic,US,True,O0023591,2026-01-24,142.64
C00701,2024-11-09,referral,CR,False,O0006099,2026-07-18,160.31
C01774,2026-03-22,organic,CR,True,O0015367,2026-07-19,90.35
C01351,2025-08-15,email,MX,True,O0011749,2026-03-07,61.03
C00011,2024-11-10,organic,CR,True,O0000118,2026-04-25,59.58
C02262,2025-08-19,organic,MX,True,O0019491,2026-08-22,30.52
C01398,2025-04-06,paid_search,MX,True,O0012104,2026-08-02,18.18
C00520,2024-12-22,organic,US,True,O0004410,2025-11-21,98.86
C00145,2025-08-29,organic,BR,True,O0001272,2026-05-16,54.54
C00361,2026-04-04,organic,MX,False,O0003071,2026-04-05,138.08
C02440,2025-03-29,email,MX,True,O0020903,2025-05-27,119.71
C00762,2026-06-02,paid_search,CR,True,O0006578,2026-06-03,123.91
C02764,2025-09-17,referral,US,True,O0023468,2026-08-02,229.04
C02598,2025-01-07,email,US,True,O0022123,2026-01-18,33.51
C01678,2025-06-24,paid_social,US,False,O0014615,2026-03-08,105.95
C00034,2026-02-20,organic,MX,False,O0000325,2026-05-05,38.34
C00641,2024-09-24,organic,US,True,O0005504,2026-06-27,54.11
C00991,2025-01-05,paid_search,CR,False,O0008519,2026-04-23,166.84
C02919,2026-02-01,organic,US,False,O0024664,2026-05-04,79.14
C02633,2025-11-06,paid_search,US,True,O0022414,2026-07-30,168.97
C01360,2025-01-27,referral,US,True,O0011808,2025-05-20,42.14
C01248,2026-04-23,referral,CR,False,O0010710,2026-04-24,261.61
C00390,2025-03-30,organic,US,True,O0003317,2026-03-18,98.38
C02271,2025-04-29,referral,BR,True,O0019571,2025-04-30,39.93
C01065,2026-05-25,email,BR,False,O0009085,2026-07-11,17.28
C00505,2025-09-18,paid_search,MX,False,O0004265,2026-06-10,63.35
C00041,2026-01-04,paid_search,MX,True,O0000400,2026-07-11,164.82
C00604,2025-04-16,referral,BR,False,O0005147,2026-08-21,112.77
C01517,2026-01-26,email,US,True,O0013221,2026-01-27,8.0
C00671,2025-09-20,paid_social,BR,False,O0005774,2026-06-25,36.03
C02429,2024-09-13,organic,CR,True,O0020814,2025-04-28,78.57
C02938,2025-11-05,email,US,False,O0024777,2025-12-04,29.35
C01608,2024-09-20,paid_search,CR,True,O0013998,2025-06-29,211.4
C00548,2024-10-30,organic,US,True,O0004635,2026-05-02,65.03
C02752,2026-07-09,email,BR,True,O0023382,2026-08-16,42.09
C00801,2024-12-04,email,BR,True,O0006907,2025-10-01,41.33
C02160,2026-02-17,paid_search,US,True,O0018633,2026-02-18,63.6
C01253,2025-11-21,referral,CR,True,O0010780,2026-04-01,113.66
C02270,2025-08-21,referral,MX,False,O0019550,2025-11-14,71.25
C01286,2025-02-01,paid_search,MX,True,O0011113,2025-09-28,133.47
C02267,2025-02-25,referral,MX,True,O0019518,2025-05-18,62.88
C00859,2026-02-13,paid_search,US,False,O0007410,2026-06-21,42.43
C02078,2024-11-30,paid_social,CR,True,O0017937,2026-01-14,31.64
C01859,2025-07-31,paid_search,US,False,O0016075,2025-08-01,32.21
C00002,2024-11-04,paid_social,CR,False,O0000019,2025-11-18,77.51
C01845,2025-05-08,organic,US,False,O0015937,2026-01-13,212.35
C02777,2025-09-21,organic,US,True,O0023579,2025-12-28,17.24
C01605,2025-10-25,referral,BR,True,O0013984,2026-05-22,101.29
C01121,2024-10-21,organic,US,True,O0009537,2026-08-09,15.7
C01041,2024-09-17,paid_social,US,True,O0008895,2026-06-23,230.08
C02748,2024-12-13,referral,MX,True,O0023354,2026-06-10,52.68
C02676,2025-01-25,paid_search,BR,False,O0022769,2026-04-08,34.12
C00579,2025-03-23,referral,BR,True,O0004915,2026-05-06,133.15
C00127,2024-10-10,organic,MX,True,O0001085,2025-12-17,114.98
C00792,2024-12-26,referral,US,True,O0006841,2026-06-05,33.7
C00756,2026-05-13,organic,MX,True,O0006527,2026-05-14,19.16
C01955,2026-01-22,organic,MX,True,O0016907,2026-01-23,101.4
C02096,2025-12-04,referral,MX,True,O0018087,2025-12-05,57.35
C01572,2026-05-03,organic,MX,False,O0013698,2026-06-10,203.88
C02029,2026-04-03,organic,US,False,O0017555,2026-06-17,14.57
C00398,2025-08-18,paid_social,BR,True,O0003380,2026-06-16,121.55
C01863,2024-09-16,paid_search,US,True,O0016103,2025-11-04,79.99
C02689,2026-04-10,email,US,True,O0022891,2026-08-08,62.87
C02682,2025-01-21,paid_search,US,True,O0022817,2026-08-13,287.11
C01464,2025-09-26,referral,US,True,O0012755,2026-07-22,187.73
C02586,2025-01-11,paid_search,US,False,O0022038,2026-07-01,84.27
C00404,2026-02-17,organic,CR,True,O0003449,2026-03-15,23.74
C00603,2026-02-08,email,BR,False,O0005129,2026-08-25,113.66
C02727,2025-02-22,organic,MX,False,O0023211,2026-01-20,125.52
C00193,2025-03-20,email,US,True,O0001606,2026-01-06,225.41
C00858,2025-02-08,paid_search,BR,True,O0007379,2025-12-10,91.13
C00292,2026-03-27,organic,MX,True,O0002529,2026-03-28,122.15
C01937,2024-11-06,organic,US,True,O0016725,2026-04-25,369.69
C02380,2025-09-11,organic,MX,True,O0020464,2026-02-28,173.51
C02788,2025-10-21,organic,MX,True,O0023651,2025-10-22,35.69
C00499,2025-12-06,referral,MX,True,O0004224,2026-07-14,122.77
C02645,2025-03-13,referral,MX,False,O0022519,2026-08-24,56.4
C00361,2026-04-04,organic,MX,False,O0003076,2026-06-21,126.3
C02461,2025-09-10,referral,BR,True,O0021078,2026-08-21,100.94
C02017,2025-12-24,referral,MX,True,O0017448,2025-12-25,15.39
C00264,2025-04-29,paid_search,BR,True,O0002266,2026-05-02,93.72
C00809,2026-06-24,paid_social,US,True,O0006973,2026-06-25,129.38
C02207,2025-12-22,paid_search,MX,True,O0018993,2026-07-31,126.07
C00257,2025-09-07,referral,MX,False,O0002191,2026-05-27,147.97
C00469,2026-03-28,organic,US,True,O0003999,2026-03-30,135.4
C02078,2024-11-30,paid_social,CR,True,O0017946,2026-07-11,190.04
C00924,2025-01-29,paid_search,US,True,O0007989,2026-08-08,35.07
C00527,2024-12-10,paid_search,MX,True,O0004460,2025-09-19,10.91
C02156,2026-07-17,paid_social,MX,False,O0018619,2026-08-23,172.74
C01445,2025-07-13,paid_search,MX,True,O0012558,2025-11-05,256.39
C00375,2025-02-23,paid_search,US,True,O0003194,2026-04-18,56.23
C00177,2025-01-06,paid_search,MX,True,O0001515,2025-09-04,85.6
C02900,2025-04-01,referral,US,True,O0024518,2026-05-26,12.51
C02817,2026-06-04,organic,US,True,O0023898,2026-06-05,55.17
C02508,2024-10-14,organic,BR,True,O0021451,2026-04-01,50.18
C00621,2025-08-28,paid_social,BR,True,O0005321,2026-06-14,52.86
C01158,2025-02-15,paid_search,CR,True,O0009899,2026-02-17,135.81
C00953,2025-03-22,referral,US,True,O0008238,2025-03-23,42.38
C00614,2026-03-20,paid_social,BR,True,O0005272,2026-03-21,140.08
C02102,2026-04-21,email,MX,False,O0018139,2026-07-04,26.31
C01659,2024-09-27,organic,US,True,O0014420,2026-08-13,91.53
C00194,2025-10-10,paid_search,US,True,O0001627,2025-12-04,50.03
C01631,2025-01-14,referral,CR,True,O0014197,2026-07-13,31.34
C00553,2025-08-03,paid_search,MX,True,O0004675,2026-07-27,10.61
C01698,2026-05-06,paid_search,MX,True,O0014760,2026-06-11,144.04
C00604,2025-04-16,referral,BR,False,O0005136,2026-05-23,41.14
C02784,2026-03-15,email,BR,False,O0023633,2026-05-18,62.61
C02546,2024-11-25,paid_search,MX,True,O0021790,2026-07-22,32.35
C00381,2024-10-13,organic,CR,True,O0003248,2026-03-20,24.83
C02934,2026-04-06,email,CR,True,O0024756,2026-04-07,51.73
C02035,2026-06-11,organic,MX,True,O0017607,2026-06-12,138.69
C01369,2026-01-18,referral,BR,True,O0011860,2026-01-19,55.97
C01010,2025-06-23,paid_search,BR,True,O0008677,2025-06-25,61.41
C01029,2025-04-14,paid_social,US,True,O0008808,2025-04-15,57.94
C00309,2024-11-25,organic,BR,True,O0002650,2025-11-17,77.63
C01203,2026-06-13,email,US,True,O0010325,2026-06-14,32.22
C02673,2025-11-14,paid_search,US,False,O0022746,2026-08-07,417.3
C02476,2026-01-20,paid_search,CR,True,O0021203,2026-01-21,69.3
C01471,2024-10-17,paid_social,US,False,O0012837,2025-09-07,65.68
C02327,2026-01-25,paid_search,BR,True,O0019974,2026-01-26,93.79
C01828,2026-06-03,paid_search,MX,True,O0015818,2026-06-04,56.18
C00984,2025-09-19,organic,BR,True,O0008458,2026-06-13,230.94
C02767,2025-04-28,organic,BR,True,O0023483,2025-12-17,130.47
C00029,2025-04-19,paid_social,CR,True,O0000249,2026-04-20,51.35
C02156,2026-07-17,paid_social,MX,False,O0018609,2026-07-18,162.64
C02018,2024-11-12,paid_search,MX,True,O0017455,2025-10-04,33.08
C00641,2024-09-24,organic,US,True,O0005507,2026-07-17,45.34
C01482,2025-06-20,referral,BR,True,O0012915,2025-08-31,147.52
C01436,2026-03-23,organic,US,True,O0012465,2026-03-24,43.82
C02114,2025-06-25,organic,US,False,O0018212,2025-07-11,8.01
C01704,2024-10-21,referral,BR,True,O0014805,2025-09-19,61.78
C02146,2026-06-29,organic,CR,False,O0018521,2026-08-27,46.16
C00502,2024-09-18,paid_search,BR,True,O0004241,2025-05-06,92.17
C00135,2025-02-15,organic,US,True,O0001164,2026-06-29,55.21
C01402,2026-03-30,paid_search,US,True,O0012150,2026-05-29,304.54
C00706,2025-01-15,organic,US,True,O0006137,2025-12-27,47.29
C00827,2024-09-29,email,US,True,O0007128,2026-03-02,57.32
C01024,2026-06-29,referral,US,True,O0008766,2026-06-30,42.78
C00627,2024-10-31,referral,CR,False,O0005376,2025-07-28,80.19
C01869,2025-07-04,organic,BR,True,O0016147,2025-07-05,86.51
C01447,2025-10-31,paid_social,BR,True,O0012579,2025-11-01,54.1
C02949,2025-03-19,organic,US,True,O0024897,2025-09-07,79.04
C01718,2025-04-16,organic,US,False,O0014929,2026-01-21,142.17
C01355,2025-07-30,paid_search,US,True,O0011775,2026-08-17,18.48
C02795,2024-11-04,email,US,True,O0023720,2025-04-27,31.88
C01912,2026-05-01,email,MX,False,O0016495,2026-05-22,101.2
C02379,2026-01-06,paid_social,BR,True,O0020459,2026-08-29,82.92
C01417,2025-12-24,referral,MX,False,O0012285,2025-12-25,72.25
C02218,2025-03-28,paid_search,US,True,O0019089,2026-06-04,138.67
C01496,2024-11-20,paid_social,BR,True,O0013045,2026-01-23,38.61
C02768,2024-09-25,paid_search,CR,True,O0023503,2026-08-21,239.83
C02131,2026-01-02,organic,BR,False,O0018392,2026-05-29,198.62
C01950,2025-03-24,paid_social,MX,True,O0016873,2026-06-11,105.64
C00752,2025-03-31,organic,MX,False,O0006509,2026-02-26,8.79
C00970,2026-03-17,paid_social,US,True,O0008369,2026-03-18,303.73
C01397,2025-09-12,paid_social,BR,False,O0012089,2025-09-13,96.81
C00273,2025-04-20,referral,MX,True,O0002369,2026-08-08,81.95
C01306,2025-06-19,organic,BR,True,O0011309,2026-07-08,78.05
C01776,2025-07-11,paid_search,US,True,O0015399,2026-08-19,376.36
C02283,2026-02-13,referral,US,True,O0019657,2026-04-18,26.58
C00248,2026-01-26,referral,MX,True,O0002092,2026-06-20,59.76
C02800,2026-01-27,organic,US,False,O0023739,2026-01-28,88.3
C01412,2025-07-17,referral,BR,True,O0012248,2026-04-15,218.59
C00969,2026-06-12,organic,US,True,O0008363,2026-06-13,233.57
C02231,2025-10-11,email,US,True,O0019199,2026-03-27,13.82
C02572,2026-02-01,organic,MX,True,O0021948,2026-07-08,70.22
C02089,2025-10-07,referral,US,True,O0018051,2026-07-11,115.58
C00239,2025-12-17,organic,MX,True,O0002021,2025-12-18,198.41
C01708,2025-12-04,paid_search,MX,False,O0014821,2026-05-02,102.3
C02143,2026-01-29,referral,MX,True,O0018494,2026-05-01,9.88
C02228,2025-03-18,paid_social,US,True,O0019174,2026-01-07,71.67
C01096,2026-02-23,paid_search,BR,True,O0009360,2026-02-24,42.31
C00014,2024-12-31,organic,BR,True,O0000147,2026-03-14,69.5
C02636,2026-06-09,organic,CR,True,O0022448,2026-06-10,163.6
C02058,2025-05-18,paid_social,MX,True,O0017784,2026-04-30,113.63
C02336,2026-02-09,organic,BR,True,O0020073,2026-02-10,95.0
C00164,2026-04-01,referral,BR,True,O0001418,2026-04-02,159.1
C00683,2025-10-19,referral,MX,False,O0005892,2026-03-17,111.16
C00109,2025-10-23,paid_social,MX,False,O0000932,2026-04-23,26.1
C01297,2026-01-19,organic,US,True,O0011239,2026-02-07,25.18
C02162,2025-07-11,organic,BR,True,O0018641,2025-07-12,38.35
C00621,2025-08-28,paid_social,BR,True,O0005317,2026-05-21,56.57
C01504,2025-03-06,referral,US,False,O0013111,2026-05-25,93.9
C00477,2025-04-16,organic,CR,True,O0004063,2026-04-27,16.8
C02705,2026-06-14,organic,US,True,O0023026,2026-06-15,34.05
C01190,2025-12-30,paid_social,US,True,O0010213,2026-06-05,132.17
C02341,2024-09-21,referral,US,True,O0020135,2026-01-08,188.02
C00241,2025-12-28,paid_search,US,True,O0002029,2026-05-07,38.61
C00911,2026-06-15,paid_social,CR,True,O0007850,2026-06-16,52.35
C02232,2025-01-06,organic,BR,True,O0019205,2026-01-23,45.39
C01290,2025-07-08,paid_social,CR,True,O0011170,2026-08-09,82.56
C01417,2025-12-24,referral,MX,False,O0012282,2025-12-25,10.26
C01201,2024-11-30,paid_social,CR,True,O0010289,2026-04-08,44.24
C02882,2025-03-30,organic,BR,True,O0024372,2025-09-19,122.05
C01350,2024-10-03,paid_search,US,True,O0011730,2026-07-15,262.93
C02757,2025-11-28,paid_social,US,True,O0023414,2025-11-29,89.63
C02932,2026-05-19,email,BR,True,O0024744,2026-05-20,52.05
C00634,2026-02-09,organic,US,True,O0005441,2026-06-13,126.51
C02567,2025-01-28,paid_social,CR,True,O0021899,2026-03-05,30.85
C01341,2026-03-25,paid_search,CR,True,O0011638,2026-03-26,25.37
C00488,2026-01-02,referral,BR,True,O0004151,2026-08-23,23.96
C00219,2025-02-28,paid_social,BR,True,O0001808,2026-04-08,9.76
C01687,2026-01-15,paid_social,US,True,O0014680,2026-01-16,14.53
C00255,2025-11-14,paid_social,MX,True,O0002170,2026-07-02,119.68
C02331,2025-07-29,email,US,False,O0020006,2025-07-30,43.29
C00455,2025-05-15,paid_search,CR,False,O0003830,2025-05-16,28.65
C00080,2024-11-27,paid_search,MX,True,O0000691,2026-03-20,197.77
C00687,2025-11-18,organic,US,True,O0005956,2026-03-25,400.52
C02353,2025-09-22,referral,MX,True,O0020256,2026-05-05,119.41
C02409,2025-08-13,paid_social,US,False,O0020681,2025-08-14,99.94
C00737,2025-12-25,paid_search,CR,True,O0006388,2026-07-20,238.12
C01955,2026-01-22,organic,MX,True,O0016909,2026-02-10,85.89
C01618,2026-03-13,paid_social,MX,True,O0014102,2026-05-07,54.88
C01566,2025-12-25,paid_social,MX,False,O0013656,2026-08-20,29.97
C00808,2024-12-21,paid_social,US,True,O0006961,2025-11-13,64.77
C02438,2025-07-21,paid_social,BR,True,O0020896,2026-07-12,62.81
C01637,2025-10-21,paid_search,US,False,O0014239,2026-04-09,24.33
C00780,2025-01-27,organic,US,False,O0006713,2026-06-14,98.47
C01230,2025-03-13,organic,MX,True,O0010541,2026-08-11,150.56
C00261,2025-08-17,paid_social,CR,False,O0002231,2026-06-04,29.75
C01877,2025-10-04,organic,BR,True,O0016237,2026-05-25,79.46
C01465,2025-04-21,referral,BR,True,O0012768,2026-06-11,143.16
C02022,2026-06-03,organic,US,True,O0017488,2026-06-14,29.1
C02200,2026-06-06,referral,BR,False,O0018937,2026-06-07,103.34
C01274,2026-01-01,paid_search,BR,True,O0011020,2026-07-10,128.16
C00890,2026-07-04,organic,MX,True,O0007691,2026-07-05,53.62
C01631,2025-01-14,referral,CR,True,O0014201,2026-08-22,35.48
C02109,2025-11-09,referral,US,True,O0018171,2026-05-26,41.77
C00693,2026-02-17,paid_search,US,True,O0006049,2026-07-30,19.62
C01524,2025-07-26,paid_social,BR,True,O0013295,2026-08-06,108.85
C02137,2025-06-19,email,CR,True,O0018445,2026-03-24,112.22
C01777,2025-04-10,organic,MX,True,O0015416,2026-08-16,170.76
C00776,2024-10-09,paid_search,MX,True,O0006664,2026-08-26,81.63
C00237,2025-02-21,referral,MX,True,O0002005,2025-06-12,43.64
C00377,2026-07-30,organic,US,True,O0003216,2026-07-31,195.33
C02920,2026-04-15,referral,US,True,O0024668,2026-04-16,27.02
C02468,2025-12-23,paid_search,US,True,O0021148,2025-12-24,146.82
C02855,2025-09-11,organic,US,True,O0024136,2026-03-04,112.34
C02932,2026-05-19,email,BR,True,O0024747,2026-05-20,42.91
C00316,2025-12-04,organic,MX,True,O0002700,2025-12-20,29.94
C02165,2025-07-25,organic,MX,True,O0018670,2026-05-28,125.22
C01481,2025-03-04,paid_social,MX,True,O0012902,2026-01-23,43.71
C01392,2026-03-31,organic,BR,True,O0012025,2026-04-06,179.13
C01460,2025-08-23,email,US,True,O0012716,2025-12-18,35.95
C01823,2026-03-16,referral,BR,True,O0015771,2026-03-22,65.91
C00164,2026-04-01,referral,BR,True,O0001420,2026-06-12,133.82
C01301,2025-05-06,organic,MX,True,O0011269,2026-01-17,50.03
C00923,2024-11-24,organic,MX,False,O0007978,2026-04-18,136.58
C02818,2025-07-20,referral,MX,True,O0023913,2026-06-05,71.93
C01232,2024-09-22,organic,US,True,O0010557,2026-03-29,49.81
C01590,2025-04-14,referral,BR,False,O0013870,2026-07-20,48.01
C01748,2025-09-25,paid_social,US,True,O0015164,2026-02-11,19.86
C01890,2026-02-25,paid_search,CR,False,O0016353,2026-02-26,13.64
C00701,2024-11-09,referral,CR,False,O0006087,2026-02-22,113.47
C01517,2026-01-26,email,US,True,O0013222,2026-01-27,187.83
C00273,2025-04-20,referral,MX,True,O0002357,2026-03-11,84.19
C02592,2026-01-24,email,BR,False,O0022079,2026-04-15,193.0
C00619,2025-04-10,referral,CR,True,O0005299,2026-05-20,30.27
C00132,2026-05-19,paid_search,US,True,O0001128,2026-06-17,18.87
C02242,2025-01-05,paid_search,US,True,O0019295,2026-08-23,98.19
C01485,2025-07-03,referral,US,True,O0012955,2026-01-16,63.8
C02281,2026-04-19,paid_social,MX,True,O0019636,2026-04-20,139.07
C02890,2025-12-07,referral,CR,False,O0024433,2026-05-02,141.18
C02567,2025-01-28,paid_social,CR,True,O0021897,2025-09-07,165.17
C00580,2026-07-19,referral,MX,True,O0004920,2026-07-20,31.17
C00466,2025-06-05,organic,US,True,O0003972,2026-05-15,81.57
C00943,2024-10-09,organic,MX,True,O0008142,2025-06-12,132.26
C00891,2024-09-30,paid_search,MX,True,O0007699,2025-08-03,124.38
C00268,2026-01-25,paid_social,BR,True,O0002315,2026-08-13,155.0
C01753,2025-01-19,paid_search,BR,True,O0015191,2026-03-31,37.27
C00472,2025-10-28,organic,US,True,O0004008,2026-05-14,29.96
C02119,2025-12-07,referral,MX,True,O0018259,2025-12-08,70.14
C02369,2025-10-10,paid_social,US,True,O0020363,2026-06-06,226.7
C02981,2024-12-26,paid_search,BR,True,O0025154,2026-06-20,70.56
C01230,2025-03-13,organic,MX,True,O0010529,2026-05-28,59.45
C00850,2025-03-12,paid_search,US,True,O0007317,2025-03-13,125.8
C02245,2024-11-26,referral,US,True,O0019322,2025-05-01,75.91
C00227,2025-09-06,referral,US,True,O0001880,2026-06-04,131.17
C02014,2024-12-05,organic,US,True,O0017427,2026-03-29,40.42
C00456,2025-01-03,paid_social,MX,False,O0003838,2026-05-03,84.25
C02687,2025-02-03,paid_social,MX,True,O0022863,2026-08-19,119.34
C00143,2025-05-20,paid_social,US,True,O0001258,2026-05-27,110.18
C00583,2024-12-26,paid_social,US,False,O0004952,2026-02-19,350.77
C01537,2025-10-30,referral,BR,True,O0013386,2026-05-07,123.49
C00701,2024-11-09,referral,CR,False,O0006102,2026-08-02,118.12
C02719,2025-08-03,organic,BR,True,O0023157,2026-03-18,136.28
C01146,2024-12-18,paid_social,BR,True,O0009791,2026-06-14,116.42
C02745,2025-09-16,paid_search,BR,True,O0023336,2026-01-11,38.57
C01349,2025-03-27,email,US,True,O0011708,2026-05-08,189.99
C02388,2025-07-14,organic,MX,True,O0020531,2025-07-15,38.94
C03000,2026-03-10,referral,CR,True,O0025310,2026-05-25,75.36
C01170,2026-03-06,paid_social,MX,False,O0009984,2026-06-16,19.63
C02881,2025-07-18,organic,MX,True,O0024371,2026-08-03,34.14
C02824,2026-01-28,email,BR,False,O0023946,2026-04-08,87.65
C01773,2026-07-21,organic,BR,True,O0015353,2026-07-22,201.52
C02242,2025-01-05,paid_search,US,True,O0019286,2026-06-05,69.28
C02519,2025-01-30,organic,US,False,O0021576,2026-04-25,20.31
C02882,2025-03-30,organic,BR,True,O0024379,2026-01-25,140.22
C02921,2025-04-01,organic,BR,True,O0024685,2026-08-20,45.7
C01602,2025-06-26,organic,US,True,O0013968,2026-01-15,26.97
C02183,2024-10-11,referral,US,True,O0018795,2026-05-25,50.86
C01205,2025-06-15,organic,MX,True,O0010332,2025-06-16,27.48
C01082,2024-12-08,referral,MX,True,O0009228,2026-01-09,63.35
C00462,2025-12-21,organic,BR,True,O0003936,2026-08-26,83.08
C00161,2025-11-27,paid_search,US,True,O0001394,2026-04-24,37.41
C01245,2025-02-28,organic,US,False,O0010689,2026-08-21,130.7
C01793,2025-04-05,paid_social,US,True,O0015531,2025-04-09,32.07
C01609,2025-01-16,organic,US,True,O0014004,2026-03-27,124.92
C01554,2025-12-08,organic,BR,True,O0013528,2025-12-09,35.55
C01753,2025-01-19,paid_search,BR,True,O0015201,2026-08-11,178.99
C01475,2024-12-09,paid_social,US,True,O0012864,2026-01-11,76.05
C02828,2026-04-13,paid_social,BR,True,O0023987,2026-04-14,76.16
C01867,2025-07-25,organic,BR,True,O0016136,2025-07-26,142.45
C00910,2024-09-18,email,US,True,O0007838,2026-06-01,170.31
C01524,2025-07-26,,BR,True,O0013283,2026-06-01,211.23
C02383,2026-06-09,referral,CR,False,O0020497,2026-06-10,78.29
C01865,2026-02-03,referral,BR,True,O0016113,2026-02-04,53.66
C00790,2026-03-05,paid_search,US,False,O0006830,2026-03-06,36.42
C00687,2025-11-18,organic,US,True,O0005976,2026-08-29,66.15
C01655,2025-10-12,referral,US,True,O0014383,2025-10-13,88.0
C00928,2026-01-19,email,MX,True,O0008035,2026-03-28,176.5
C00027,2025-04-19,paid_search,MX,True,O0000229,2025-10-29,69.35
C00706,2025-01-15,organic,US,True,O0006134,2025-10-16,85.39
C01177,2025-08-20,paid_social,BR,False,O0010061,2026-07-14,23.3
C01637,2025-10-21,paid_search,US,False,O0014242,2026-08-15,25.01
C02002,2025-12-14,organic,MX,True,O0017332,2026-02-05,94.14
C01544,2024-09-17,organic,US,True,O0013455,2026-08-02,158.83
C00666,2025-08-01,paid_social,BR,True,O0005718,2026-06-21,20.19
C00309,2024-11-25,organic,BR,True,O0002657,2026-04-07,48.31
C01585,2025-04-17,paid_search,MX,False,O0013811,2025-11-28,75.08
C00551,2026-01-05,paid_social,MX,True,O0004665,2026-01-06,81.12
C02086,2026-05-28,paid_search,MX,True,O0018024,2026-07-26,76.96
C00609,2025-11-11,organic,CR,True,O0005214,2026-03-15,138.63
C00754,2025-02-04,referral,BR,True,O0006518,2026-04-19,56.99
C01475,2024-12-09,paid_social,US,True,O0012869,2026-07-03,12.48
C00084,2025-04-17,organic,MX,True,O0000716,2025-10-23,67.14
C01524,2025-07-26,paid_social,BR,True,O0013279,2026-04-11,79.17
C02509,2026-06-30,organic,CR,True,O0021465,2026-07-01,65.86
C00478,2026-03-21,paid_search,US,True,O0004068,2026-03-22,60.02
C00607,2025-07-16,referral,MX,True,O0005190,2026-07-20,64.55
C01446,2026-05-15,organic,BR,True,O0012564,2026-05-16,42.08
C02142,2025-01-20,paid_search,BR,True,O0018481,2025-10-04,241.22
C00675,2024-12-22,referral,US,True,O0005827,2026-08-26,478.66
C01249,2025-01-19,paid_search,MX,True,O0010716,2026-05-15,64.21
C01881,2026-03-26,referral,CR,True,O0016264,2026-03-27,188.67
C02834,2024-10-08,organic,MX,True,O0024029,2026-07-13,43.9
C01408,2026-03-14,referral,US,True,O0012203,2026-03-15,134.48
C01278,2026-07-18,organic,MX,False,O0011045,2026-07-19,50.66
C02671,2026-02-09,organic,US,True,O0022717,2026-03-22,29.75
C02753,2026-01-02,email,BR,True,O0023393,2026-06-17,48.92
C00418,2025-11-26,organic,US,True,O0003531,2026-01-19,61.57
C01823,2026-03-16,referral,BR,True,O0015779,2026-08-07,105.88
C01428,2025-06-22,email,BR,False,O0012375,2026-04-29,169.01
C01331,2026-06-02,paid_search,US,True,O0011555,2026-06-03,152.87
C01549,2026-01-21,paid_search,US,True,O0013486,2026-06-18,123.03
C02914,2024-12-04,email,CR,True,O0024602,2025-12-20,148.13
C02534,2024-12-24,paid_search,MX,True,O0021705,2026-08-01,140.17
C02840,2025-01-08,paid_search,BR,True,O0024066,2026-06-11,42.36
C00406,2026-04-05,referral,MX,True,O0003468,2026-04-06,27.07
C02595,2024-12-03,paid_social,BR,True,O0022102,2025-11-09,28.57
C01154,2025-06-04,paid_search,US,True,O0009849,2025-10-24,63.21
C00583,2024-12-26,paid_social,US,False,O0004951,2026-02-16,72.51
C00382,2025-01-12,paid_social,US,True,O0003255,2026-05-09,8.0
C01679,2025-09-09,organic,BR,True,O0014622,2026-02-18,68.3
C00816,2025-06-16,organic,US,True,O0007036,2025-07-02,24.54
C02337,2025-09-23,email,US,True,O0020096,2026-08-26,168.52
C01989,2025-10-10,referral,MX,True,O0017192,2026-03-05,33.43
C02074,2025-04-17,referral,CR,True,O0017890,2026-04-13,227.05
C00949,2025-09-02,organic,US,False,O0008213,2025-10-24,96.76
C01494,2026-03-31,paid_search,BR,True,O0013031,2026-08-31,221.51
C01377,2025-10-27,paid_search,BR,True,O0011941,2026-08-09,203.72
C00956,2024-12-03,referral,MX,True,O0008255,2026-04-06,51.75
C00263,2026-03-03,paid_search,MX,True,O0002254,2026-03-04,8.0
C00526,2024-12-25,paid_search,MX,True,O0004443,2026-02-25,51.66
C02287,2024-11-26,paid_social,MX,True,O0019684,2026-03-26,167.28
C00565,2025-08-31,paid_search,MX,True,O0004770,2026-03-05,83.26
C02956,2025-08-12,organic,US,True,O0024948,2026-04-12,554.34
C02333,2026-07-25,referral,CR,False,O0020038,2026-07-26,121.7
C02121,2024-12-02,organic,BR,True,O0018274,2025-11-04,118.85
C02115,2024-12-19,organic,US,True,O0018222,2025-05-23,52.25
C02972,2025-08-23,paid_search,US,True,O0025084,2026-01-02,43.97
C02327,2026-01-25,paid_search,BR,True,O0019977,2026-01-26,44.18
C00244,2026-02-16,organic,US,True,O0002053,2026-02-17,224.7
C02280,2026-01-08,paid_search,US,True,O0019626,2026-01-09,131.2
C02965,2025-09-12,paid_search,US,True,O0025036,2026-02-06,151.41
C01269,2026-01-25,referral,US,False,O0010946,2026-02-08,91.58
C02595,2024-12-03,paid_social,BR,True,O0022098,2025-05-07,194.85
C00568,2024-10-02,referral,US,True,O0004808,2025-07-18,120.52
C00739,2026-03-13,referral,US,True,O0006423,2026-07-04,10.13
C01274,2026-01-01,paid_search,BR,True,O0011021,2026-07-18,56.94
C02973,2024-10-14,organic,BR,True,O0025094,2025-07-07,8.0
C02487,2025-02-02,referral,US,True,O0021290,2026-02-17,42.6
C00278,2026-07-16,email,BR,True,O0002400,2026-07-17,59.31
C01363,2025-10-12,paid_social,BR,False,O0011824,2026-06-04,8.0
C00464,2025-08-16,organic,US,True,O0003944,2025-10-21,42.75
C00924,2025-01-29,paid_search,US,True,O0007985,2026-05-28,13.74
C02029,2026-04-03,organic,US,False,O0017556,2026-07-16,44.11
C00504,2025-02-23,paid_social,CR,False,O0004263,2026-06-03,65.02
C01568,2025-04-30,email,MX,True,O0013667,2025-07-28,26.38
C01478,2025-11-20,referral,BR,True,O0012879,2026-03-02,185.69
C01171,2026-05-23,organic,US,True,O0009989,2026-05-24,43.61
C02449,2025-08-08,paid_search,MX,True,O0020980,2026-03-15,75.43
C02991,2025-12-07,organic,MX,True,O0025233,2026-07-18,227.14
C01653,2026-05-06,organic,US,False,O0014374,2026-05-07,99.22
C01395,2026-03-24,paid_search,BR,False,O0012069,2026-03-30,231.61
C00126,2024-09-24,email,CR,True,O0001065,2026-05-16,45.69
C02113,2026-02-13,paid_social,BR,True,O0018206,2026-04-12,49.15
C01003,2026-07-18,email,BR,True,O0008620,2026-07-19,98.74
C01728,2026-06-11,organic,US,False,O0014996,2026-06-12,87.37
C00581,2025-11-27,referral,MX,True,O0004934,2025-11-28,32.58
C00190,2025-09-18,paid_social,BR,True,O0001578,2026-04-04,70.31
C00194,2025-10-10,paid_search,US,True,O0001635,2026-07-24,223.65
C01524,2025-07-26,paid_social,BR,True,O0013298,2026-08-26,62.55
C02678,2024-12-20,referral,US,True,O0022782,2026-04-07,29.25
C02835,2026-02-09,paid_search,US,True,O0024032,2026-02-10,101.73
C01541,2025-06-21,email,MX,False,O0013425,2026-04-12,86.07
C02750,2026-04-16,paid_social,BR,True,O0023364,2026-04-17,31.89
C00763,2025-12-13,organic,CR,True,O0006587,2026-05-28,49.37
C00132,2026-05-19,paid_search,US,True,O0001127,2026-06-04,161.97
C00922,2026-05-21,email,US,True,O0007960,2026-07-18,140.24
C01446,2026-05-15,organic,BR,True,O0012572,2026-05-16,137.69
C02242,2025-01-05,paid_search,US,True,O0019285,2026-05-17,61.57
C01354,2025-10-18,email,US,True,O0011766,2025-11-30,161.86
C02127,2026-07-13,referral,US,True,O0018351,2026-08-07,18.44
C01814,2025-10-27,organic,BR,True,O0015668,2026-05-01,146.14
C00036,2026-07-14,organic,US,True,O0000360,2026-07-15,163.52
C01724,2024-09-23,paid_social,CR,False,O0014964,2026-08-11,58.59
C02453,2025-12-31,paid_search,US,True,O0021004,2026-03-31,53.2
C02029,2026-04-03,organic,US,False,O0017553,2026-05-21,39.34
C01941,2024-09-17,paid_search,BR,True,O0016769,2026-04-29,43.25
C01965,2025-10-02,paid_social,US,False,O0017007,2025-10-17,83.4
C01947,2025-03-11,paid_social,BR,True,O0016828,2026-03-14,29.3
C00396,2026-05-13,referral,MX,True,O0003369,2026-07-08,29.2
C02346,2025-09-25,organic,CR,True,O0020181,2025-09-26,54.89
C01496,2024-11-20,paid_social,BR,True,O0013044,2026-01-12,88.76
C02125,2025-03-31,referral,US,True,O0018328,2026-08-29,62.96
C02267,2025-02-25,referral,MX,True,O0019526,2026-04-09,192.0
C00947,2025-03-26,referral,US,True,O0008196,2026-04-08,58.14
C02613,2026-07-05,email,BR,True,O0022248,2026-07-06,182.07
C02032,2025-04-03,email,US,False,O0017571,2026-07-23,130.72
C00906,2026-07-19,email,MX,False,O0007809,2026-07-20,29.24
C00542,2024-10-14,referral,BR,True,O0004582,2026-06-16,9.56
C00389,2026-02-14,organic,MX,True,O0003310,2026-06-08,16.37
C01772,2025-09-14,organic,US,True,O0015352,2026-01-07,120.42
C01523,2026-01-08,referral,US,True,O0013261,2026-04-04,186.76
C02177,2026-05-05,organic,US,True,O0018741,2026-05-06,113.14
C02598,2025-01-07,email,US,True,O0022126,2026-05-18,55.56
C00964,2024-12-24,paid_search,US,True,O0008314,2025-03-20,27.09
C01777,2025-04-10,organic,MX,True,O0015409,2026-06-10,151.82
C01005,2025-01-28,email,US,True,O0008628,2026-01-03,141.62
C01576,2025-10-06,referral,US,False,O0013732,2025-12-05,149.55
C01806,2026-06-18,email,US,False,O0015619,2026-06-19,190.3
C02745,2025-09-16,paid_search,BR,True,O0023335,2025-12-16,16.39
C00790,2026-03-05,paid_search,US,False,O0006832,2026-07-09,73.57
C02346,2025-09-25,organic,CR,True,O0020188,2026-02-13,53.82
C00195,2025-05-30,organic,BR,False,O0001638,2026-06-07,32.53
C01431,2025-08-09,paid_search,BR,True,O0012416,2026-08-22,45.54
C01063,2025-02-25,organic,MX,True,O0009064,2026-02-13,115.77
C02839,2025-07-25,organic,CR,True,O0024058,2026-08-24,518.91
C01949,2025-03-06,referral,BR,True,O0016865,2026-08-11,157.47
C01572,2026-05-03,organic,MX,False,O0013701,2026-07-16,168.62
C01297,2026-01-19,organic,US,True,O0011242,2026-05-22,133.12
C01162,2025-02-27,referral,BR,True,O0009942,2026-03-02,167.76
C01310,2025-08-09,paid_search,BR,False,O0011351,2026-03-31,193.99
C00124,2025-06-23,paid_search,US,False,O0001033,2026-01-12,8.0
C00294,2025-03-31,organic,CR,True,O0002549,2026-02-12,28.53
C02034,2025-12-16,organic,CR,True,O0017590,2025-12-17,50.41
C02929,2025-04-04,paid_search,US,True,O0024733,2026-04-17,38.45
C00351,2025-03-01,paid_search,BR,True,O0002996,2025-06-08,128.95
C00543,2024-10-18,referral,US,True,O0004589,2026-03-11,81.49
C01964,2025-06-16,organic,BR,False,O0016995,2026-07-21,83.17
C00686,2024-10-01,organic,BR,True,O0005940,2026-03-16,46.56
C01548,2026-05-23,paid_search,US,True,O0013480,2026-05-24,154.38
C01456,2025-05-28,paid_search,US,True,O0012677,2025-08-12,120.58
C02277,2025-03-18,organic,BR,False,O0019606,2026-03-18,62.95
C00453,2024-09-13,paid_search,MX,True,O0003822,2026-08-30,66.16
C01872,2026-06-24,paid_social,MX,False,O0016175,2026-06-25,56.52
C00110,2026-02-06,organic,CR,True,O0000936,2026-04-22,8.0
C02410,2026-02-24,organic,US,False,O0020696,2026-07-13,69.69
C02052,2025-02-02,organic,US,True,O0017744,2026-03-05,90.24
C00448,2025-03-03,referral,CR,True,O0003754,2026-03-23,252.94
C00222,2025-08-16,organic,MX,True,O0001843,2025-10-13,46.87
C00322,2025-04-08,organic,US,False,O0002763,2026-03-07,40.74
C00783,2025-08-06,paid_search,US,True,O0006747,2026-07-14,485.62
C00972,2026-03-22,organic,US,True,O0008404,2026-08-25,156.75
C00861,2025-12-17,email,CR,True,O0007428,2026-02-18,9.4
C02465,2026-05-05,paid_search,US,True,O0021141,2026-08-15,152.16
C00033,2025-08-11,paid_search,BR,True,O0000320,2025-08-12,47.75
C01644,2025-03-19,paid_search,MX,True,O0014281,2026-05-18,21.54
C00809,2026-06-24,paid_social,US,True,O0006987,2026-08-03,55.87
C02465,2026-05-05,paid_search,US,True,O0021127,2026-05-06,136.62
C00714,2025-07-18,paid_social,MX,True,O0006198,2026-02-01,207.87
C00025,2026-02-19,paid_social,US,False,O0000221,2026-05-19,34.47
C00006,2025-01-22,paid_social,CR,True,O0000074,2026-07-24,81.87
C02659,2025-08-26,referral,CR,True,O0022622,2026-04-21,41.23
C02880,2024-12-20,organic,BR,True,O0024356,2025-12-17,90.96
C00319,2026-03-15,organic,US,True,O0002740,2026-03-16,40.97
C00457,2025-09-14,referral,US,True,O0003850,2025-09-20,201.1
C02947,2025-06-23,paid_search,CR,True,O0024877,2026-08-15,161.11
C02544,2026-07-06,paid_social,CR,True,O0021775,2026-07-07,100.72
C00921,2025-10-03,email,BR,True,O0007939,2026-04-21,79.69
C01937,2024-11-06,organic,US,True,O0016737,2026-07-27,43.92
C02052,2025-02-02,organic,US,True,O0017748,2026-04-20,73.5
C00897,2025-03-26,referral,US,False,O0007742,2026-02-15,227.51
C02356,2024-10-14,referral,US,True,O0020270,2026-04-01,68.29
C01588,2025-06-03,organic,MX,True,O0013852,2026-03-05,87.26
C01911,2026-06-20,paid_search,CR,True,O0016484,2026-06-21,79.23
C01236,2025-02-28,paid_search,US,True,O0010601,2026-02-23,182.02
C00130,2025-04-03,organic,MX,True,O0001105,2025-08-21,52.23
C00790,2026-03-05,paid_search,US,False,O0006835,2026-08-11,39.87
C02368,2026-02-03,paid_search,BR,True,O0020349,2026-02-04,29.03
C00369,2025-05-02,paid_search,BR,False,O0003141,2025-08-23,80.17
C01402,2026-03-30,paid_search,US,True,O0012146,2026-03-31,-10.0
C00375,2025-02-23,paid_search,US,True,O0003203,2026-07-25,116.38
C01296,2026-06-05,referral,MX,False,O0011229,2026-06-06,96.37
C00210,2026-03-04,paid_social,US,True,O0001739,2026-05-18,43.88
C01538,2025-09-17,referral,MX,True,O0013394,2025-09-18,31.39
C01163,2025-04-16,paid_search,CR,True,O0009949,2026-02-15,41.85
C01815,2024-12-18,referral,BR,True,O0015682,2026-03-24,86.22
C02457,2025-12-06,organic,MX,False,O0021029,2025-12-07,77.2
C02242,2025-01-05,paid_search,US,True,O0019291,2026-07-16,80.26
C00044,2026-02-05,organic,MX,False,O0000414,2026-08-01,10.73
C02921,2025-04-01,organic,BR,True,O0024676,2025-10-08,45.04
C02455,2025-02-04,paid_social,US,True,O0021014,2025-07-01,20.83
C02788,2025-10-21,organic,MX,True,O0023654,2026-01-22,196.37
C01075,2025-08-17,organic,BR,True,O0009193,2025-12-02,15.98
C02768,2024-09-25,paid_search,CR,True,O0023500,2026-08-12,143.26
C02869,2026-05-30,paid_search,MX,False,O0024256,2026-07-13,119.75
C00689,2026-01-29,referral,CR,True,O0006006,2026-05-14,109.69
C01278,2026-07-18,organic,MX,False,O0011044,2026-07-19,58.39
C00906,2026-07-19,email,MX,False,O0007804,2026-07-20,40.29
C00604,2025-04-16,referral,BR,False,O0005142,2026-07-13,119.95
C01265,2025-10-29,paid_social,US,False,O0010905,2026-05-12,156.75
C01008,2026-01-26,paid_social,CR,True,O0008655,2026-01-27,76.74
C02503,2025-08-27,paid_social,MX,True,O0021404,2026-04-15,40.18
C00448,2025-03-03,referral,CR,True,O0003764,2026-07-19,283.89
C00284,2026-07-18,paid_search,US,True,O0002455,2026-07-19,30.05
C02326,2025-09-22,paid_social,CR,False,O0019964,2025-09-23,85.85
C01494,2026-03-31,paid_search,BR,True,O0013021,2026-06-07,185.21
C02027,2025-12-30,organic,US,True,O0017537,2026-08-26,128.45
C01176,2025-11-19,organic,MX,True,O0010052,2025-11-20,21.65
C00921,2025-10-03,email,BR,True,O0007947,2026-07-26,61.95
C02367,2026-04-02,paid_search,MX,False,O0020333,2026-04-03,32.85
C01798,2025-08-21,referral,US,True,O0015570,2026-08-08,78.49
C02285,2026-05-19,paid_social,MX,True,O0019674,2026-07-27,152.57
C01224,2026-02-23,referral,MX,True,O0010487,2026-02-24,33.48
C02143,2026-01-29,referral,MX,True,O0018495,2026-06-23,90.99
C00914,2026-01-29,paid_search,MX,False,O0007875,2026-05-07,56.12
C00201,2024-12-23,organic,BR,True,O0001680,2024-12-24,48.52
C00776,2024-10-09,paid_search,MX,True,O0006663,2026-07-30,62.8
C02892,2025-09-10,paid_social,US,False,O0024452,2025-10-19,37.93
C00481,2025-10-03,paid_search,MX,False,O0004102,2026-08-05,202.97
C01273,2025-02-17,referral,BR,True,O0010986,2026-02-27,185.23
C00705,2026-02-03,organic,MX,False,O0006127,2026-06-29,55.72
C02511,2025-11-01,organic,CR,True,O0021500,2026-01-18,137.16
C00436,2025-02-27,paid_search,CR,True,O0003653,2025-12-06,66.63
C02968,2026-04-14,paid_social,US,False,O0025062,2026-07-01,55.05
C02576,2025-12-28,paid_search,BR,True,O0021980,2026-06-17,18.03
C02879,2025-02-17,referral,MX,False,O0024349,2026-02-20,26.13
C00683,2025-10-19,referral,MX,False,O0005897,2026-05-12,51.09
C01524,2025-07-26,paid_social,BR,True,O0013277,2026-02-01,302.44
C02044,2026-06-16,referral,BR,True,O0017669,2026-06-17,29.51
C01784,2026-05-20,referral,US,True,O0015466,2026-05-21,133.09
C00464,2025-08-16,organic,US,True,O0003947,2026-03-05,16.51
C00034,2026-02-20,organic,MX,False,O0000334,2026-07-28,211.9
C00270,2025-04-15,paid_social,US,True,O0002334,2026-06-11,209.09
C01652,2024-11-07,paid_search,US,True,O0014366,2026-06-26,260.34
C01211,2024-12-28,email,BR,False,O0010411,2026-04-17,18.16
C01492,2025-06-30,paid_social,BR,False,O0013004,2026-06-04,152.51
C00574,2025-11-29,organic,CR,True,O0004851,2025-11-30,73.49
C02605,2026-07-19,email,MX,True,O0022183,2026-07-20,97.06
C02191,2024-09-22,paid_search,US,False,O0018862,2026-04-06,123.19
C00192,2025-03-17,paid_social,MX,False,O0001592,2026-05-10,50.22
C01454,2024-09-18,paid_social,MX,False,O0012663,2026-08-11,429.1
C02229,2025-02-23,paid_social,US,False,O0019185,2025-10-16,101.82
C00140,2026-05-23,paid_social,CR,True,O0001219,2026-05-24,274.05
C01175,2026-02-27,organic,US,False,O0010040,2026-07-18,46.65
C00189,2025-08-27,paid_search,MX,True,O0001568,2025-10-12,205.55
C02016,2026-07-02,referral,CR,True,O0017440,2026-07-03,58.65
C02864,2026-01-06,organic,US,True,O0024208,2026-07-06,83.06
C01095,2025-04-14,paid_search,US,True,O0009349,2025-11-04,90.77
C00548,2024-10-30,organic,US,True,O0004644,2026-07-25,194.23
C02242,2025-01-05,paid_search,US,True,O0019297,2026-08-30,90.3
C02890,2025-12-07,referral,CR,False,O0024431,2026-03-13,48.35
C02651,2024-10-13,paid_search,BR,False,O0022576,2025-12-30,168.88
C02320,2026-03-20,paid_social,US,True,O0019930,2026-05-29,219.29
C00232,2024-12-20,paid_search,US,True,O0001935,2026-01-20,148.34
C00864,2026-05-28,paid_search,MX,True,O0007462,2026-07-01,76.14
C02650,2025-11-02,organic,US,True,O0022560,2025-11-03,146.06
C00281,2026-01-09,organic,BR,False,O0002431,2026-02-03,83.39
C01230,2025-03-13,organic,MX,True,O0010530,2026-05-29,59.03
C00317,2026-07-09,organic,MX,True,O0002726,2026-07-10,92.4
C02689,2026-04-10,email,US,True,O0022875,2026-04-14,265.5
C02583,2025-10-26,paid_social,CR,True,O0022013,2026-04-23,187.23
C01769,2024-11-29,organic,BR,True,O0015319,2026-03-31,18.79
C02262,2025-08-19,organic,MX,True,O0019474,2026-03-01,21.41
C01128,2025-06-06,organic,MX,True,O0009600,2026-08-22,13.72
C01186,2025-07-14,organic,BR,True,O0010166,2026-06-17,97.97
C02238,2025-07-23,paid_search,CR,True,O0019263,2026-03-31,126.92
C01656,2025-10-14,referral,BR,True,O0014395,2025-10-15,18.69
C00343,2026-02-24,email,US,True,O0002908,2026-02-25,55.7
C00608,2024-12-20,referral,CR,True,O0005205,2026-08-26,101.66
C02137,2025-06-19,email,CR,True,O0018443,2026-03-18,189.85
C01972,2024-11-21,paid_social,US,True,O0017037,2026-04-27,94.77
C02889,2025-11-16,paid_search,BR,False,O0024426,2026-03-07,75.71
C02102,2026-04-21,email,MX,False,O0018130,2026-04-22,69.18
C00907,2025-03-28,organic,US,True,O0007817,2026-06-29,28.38
C01292,2025-01-26,organic,BR,True,O0011189,2026-07-09,34.86
C01603,2025-09-30,paid_social,CR,True,O0013975,2025-10-01,34.68
C01672,2025-02-25,organic,BR,True,O0014555,2026-07-16,174.71
C02335,2026-01-17,paid_social,MX,True,O0020052,2026-05-30,54.19
C02630,2024-10-20,organic,MX,True,O0022384,2026-02-08,63.26
C02049,2025-05-04,organic,MX,True,O0017734,2026-08-08,49.35
C01877,2025-10-04,organic,BR,True,O0016236,2026-05-03,44.85
C02216,2025-06-23,organic,US,True,O0019073,2025-07-12,280.33
C00458,2025-03-10,organic,US,True,O0003864,2026-06-07,188.55
C00214,2025-12-31,email,MX,True,O0001775,2026-07-27,131.3
C02028,2025-04-03,paid_social,BR,True,O0017547,2025-12-08,35.47
C01651,2025-08-08,paid_social,BR,True,O0014353,2026-08-31,149.73
C02946,2025-08-29,paid_search,BR,False,O0024860,2026-05-27,151.62
C02651,2024-10-13,paid_search,BR,False,O0022572,2025-09-06,191.99
C01124,2025-09-23,paid_social,MX,True,O0009556,2025-09-24,106.68
C00344,2026-04-16,paid_social,MX,True,O0002936,2026-06-14,148.74
C01451,2024-12-27,email,CR,True,O0012623,2026-03-18,73.38
C00874,2025-07-08,referral,CR,True,O0007555,2025-12-13,183.09
C01597,2025-05-07,organic,CR,True,O0013925,2026-03-08,23.95
C01634,2026-06-18,organic,BR,True,O0014211,2026-06-19,194.83
C00915,2026-04-27,organic,US,True,O0007884,2026-04-28,115.09
C00718,2025-01-28,paid_search,MX,True,O0006238,2026-06-23,190.4
C01334,2026-06-03,paid_social,US,True,O0011580,2026-06-13,29.92
C02027,2025-12-30,organic,US,True,O0017532,2026-07-23,29.7
C00477,2025-04-16,organic,CR,True,O0004065,2026-06-14,138.4
C00456,2025-01-03,paid_social,MX,False,O0003842,2026-07-09,98.4
C02303,2025-02-06,organic,US,False,O0019800,2026-06-30,94.11
C02025,2025-07-16,paid_social,US,False,O0017505,2025-07-17,37.47
C01906,2025-07-18,organic,CR,True,O0016460,2026-06-25,194.87
C01127,2025-01-17,referral,MX,True,O0009589,2026-07-03,77.81
C01844,2025-04-25,paid_search,US,True,O0015933,2026-05-16,167.34
C02069,2025-06-21,organic,BR,True,O0017867,2026-04-28,119.97
C02914,2024-12-04,email,CR,True,O0024611,2026-06-18,140.01
C01487,2025-10-22,referral,CR,True,O0012977,2026-07-24,330.17
C02976,2025-09-02,organic,MX,True,O0025111,2025-09-03,110.67
C01126,2025-04-19,email,CR,True,O0009571,2026-07-15,88.74
C02033,2026-03-06,paid_social,BR,True,O0017584,2026-03-07,73.85
C02849,2025-02-19,paid_search,BR,True,O0024111,2025-09-17,58.72
C02426,2025-07-16,paid_social,CR,True,O0020808,2025-08-25,33.86
C00212,2025-04-23,paid_social,BR,True,O0001752,2026-02-17,46.95
C02826,2025-02-05,paid_social,US,False,O0023971,2025-04-21,53.49
C01391,2025-09-30,referral,US,True,O0012019,2025-10-01,26.72
C02949,2025-03-19,organic,US,True,O0024895,2025-04-22,11.52
C02170,2025-11-25,paid_social,US,True,O0018697,2026-05-22,35.69
C01036,2025-03-31,referral,MX,True,O0008863,2026-01-23,50.32
C01754,2025-03-23,email,US,True,O0015210,2026-04-17,78.4
C02394,2025-08-15,referral,BR,True,O0020574,2026-02-04,10.14
C02977,2026-03-08,paid_social,BR,True,O0025122,2026-03-09,55.68
C02465,2026-05-05,paid_search,US,True,O0021131,2026-06-22,44.31
C01432,2025-09-23,referral,BR,True,O0012418,2025-10-26,134.75
C01470,2025-07-08,email,BR,True,O0012823,2025-10-20,46.81
C01945,2026-06-08,email,BR,True,O0016812,2026-06-09,37.83
C01066,2025-01-10,paid_social,MX,True,O0009098,2026-06-14,259.87
C01054,2024-11-25,paid_social,US,True,O0009013,2026-05-05,26.33
C00561,2026-03-17,organic,MX,True,O0004726,2026-04-15,22.89
C02458,2025-02-01,organic,BR,True,O0021052,2026-07-14,121.67
C00972,2026-03-22,organic,US,True,O0008395,2026-05-08,203.95
C00715,2026-03-16,referral,US,True,O0006207,2026-03-17,84.03
C00664,2025-09-27,paid_social,US,True,O0005699,2026-08-16,130.35
C00444,2026-03-24,paid_social,US,True,O0003736,2026-05-07,22.65
C01437,2026-03-02,referral,CR,True,O0012478,2026-03-03,101.13
C01251,2025-01-10,paid_social,US,False,O0010750,2026-03-02,25.8
C01556,2025-10-22,paid_search,CR,True,O0013551,2026-08-06,79.99
C01485,2025-07-03,referral,US,True,O0012960,2026-05-05,100.8
C01846,2026-01-04,paid_social,US,False,O0015957,2026-07-19,44.43
C01619,2025-05-26,paid_search,US,True,O0014119,2026-08-21,8.12
C00635,2025-06-12,email,BR,False,O0005447,2026-01-10,99.85
C02589,2026-05-03,organic,BR,True,O0022062,2026-05-04,41.83
C01696,2026-07-19,organic,US,True,O0014745,2026-07-20,74.56
C02347,2025-02-07,email,CR,False,O0020198,2026-03-30,90.39
C00264,2025-04-29,paid_search,BR,True,O0002267,2026-05-04,128.26
C00576,2025-08-26,email,US,True,O0004905,2026-08-13,294.75
C02629,2024-11-14,paid_search,MX,True,O0022375,2026-06-21,151.1
C01503,2026-07-31,email,US,False,O0013102,2026-08-01,31.37
C01460,2025-08-23,email,US,True,O0012722,2026-05-17,70.8
C02921,2025-04-01,organic,BR,True,O0024684,2026-05-19,231.08
C02291,2025-12-05,paid_social,MX,False,O0019718,2026-05-25,12.27
C02684,2025-10-22,paid_search,CR,True,O0022837,2026-06-08,74.43
C02937,2025-12-20,organic,CR,True,O0024773,2026-07-16,74.98
C00336,2025-10-09,email,US,True,O0002878,2026-07-21,15.85
C00250,2025-05-02,referral,MX,True,O0002120,2026-08-06,156.78
C00688,2025-03-25,paid_search,CR,False,O0005985,2026-04-27,160.88
C02307,2025-08-10,paid_search,MX,False,O0019831,2026-04-27,78.04
C02605,2026-07-19,email,MX,True,O0022181,2026-07-20,154.46
C02633,2025-11-06,paid_search,US,True,O0022413,2026-07-04,76.63
C01461,2025-05-01,organic,CR,True,O0012732,2026-04-15,244.42
C00948,2025-12-19,referral,MX,False,O0008205,2026-03-12,142.45
C02877,2026-05-11,referral,MX,False,O0024337,2026-08-31,213.69
C00477,2025-04-16,organic,CR,True,O0004064,2026-05-25,48.99
C02945,2025-11-06,paid_search,US,True,O0024850,2025-11-07,37.95
C02058,2025-05-18,paid_social,MX,True,O0017779,2026-01-21,41.47
C01323,2025-01-08,email,BR,True,O0011481,2026-06-30,78.81
C02509,2026-06-30,organic,CR,True,O0021473,2026-07-01,47.63
C00097,2025-02-09,email,US,True,O0000827,2025-07-15,50.63
C00036,2026-07-14,organic,US,True,O0000357,2026-07-15,15.44
C02915,2024-11-15,referral,BR,True,O0024618,2026-07-15,99.88
C02795,2024-11-04,email,US,True,O0023716,2024-11-05,79.32
C02402,2026-01-13,referral,US,True,O0020618,2026-02-15,37.23
C02999,2025-02-28,paid_search,US,True,O0025285,2026-04-02,47.44
C02670,2026-02-21,paid_search,US,True,O0022713,2026-02-22,9.67
C00114,2025-08-24,paid_search,MX,True,O0000968,2026-07-28,17.72
C00042,2025-09-02,paid_search,CR,True,O0000407,2026-07-09,8.69
C00372,2025-10-12,paid_social,BR,True,O0003164,2026-06-23,91.56
C00875,2024-11-12,paid_search,CR,True,O0007571,2026-06-12,56.63
C02392,2025-02-16,organic,US,True,O0020554,2025-09-24,153.19
C01432,2025-09-23,referral,BR,True,O0012428,2026-08-21,102.79
C01865,2026-02-03,referral,BR,True,O0016116,2026-02-04,150.11
C02905,2025-09-08,paid_search,BR,True,O0024559,2026-08-10,88.64
C02645,2025-03-13,referral,MX,False,O0022517,2026-06-16,47.73
C00027,2025-04-19,paid_search,MX,True,O0000234,2026-05-27,37.87
C00880,2026-04-16,paid_social,MX,False,O0007628,2026-07-16,248.47
C01431,2025-08-09,paid_search,BR,True,O0012413,2026-08-08,164.49
C01817,2026-04-03,referral,US,True,O0015704,2026-04-04,43.71
C02315,2025-07-12,email,MX,True,O0019893,2026-01-08,99.77
C00858,2025-02-08,paid_search,BR,True,O0007385,2026-03-24,169.86
C01251,2025-01-10,paid_social,US,False,O0010751,2026-03-10,154.24
C02592,2026-01-24,email,BR,False,O0022083,2026-07-31,24.58
C01525,2026-03-19,paid_social,US,True,O0013303,2026-03-20,215.43
C02809,2026-06-16,paid_search,MX,True,O0023804,2026-06-17,15.72
C00109,2025-10-23,paid_social,MX,False,O0000923,2025-10-24,31.77
C01494,2026-03-31,paid_search,BR,True,O0013011,2026-04-01,54.16
C02437,2024-09-25,paid_search,US,True,O0020876,2026-05-25,168.43
C01634,2026-06-18,organic,BR,True,O0014224,2026-08-25,288.37
C02455,2025-02-04,paid_social,US,True,O0021016,2025-09-04,18.27
C02809,2026-06-16,paid_search,MX,True,O0023817,2026-08-01,67.52
C00701,2024-11-09,referral,CR,False,O0006090,2026-04-30,79.83
C02353,2025-09-22,referral,MX,True,O0020251,2026-01-06,31.95
C02947,2025-06-23,paid_search,CR,True,O0024865,2026-04-04,48.28
C01573,2025-11-16,email,US,True,O0013712,2025-11-17,26.91
C01527,2025-11-20,paid_search,MX,True,O0013321,2026-08-25,110.53
C00236,2025-09-13,referral,US,True,O0001986,2026-03-27,163.08
C00530,2026-07-14,paid_social,CR,True,O0004483,2026-07-15,166.39
C01591,2026-03-23,referral,BR,False,O0013874,2026-03-24,8.0
C02168,2025-07-16,paid_search,BR,True,O0018692,2026-03-12,141.78
C00031,2025-12-01,organic,US,False,O0000280,2026-02-04,147.34
C01344,2025-07-04,paid_social,CR,True,O0011661,2026-07-03,48.12
C02189,2026-07-21,paid_social,MX,True,O0018840,2026-08-11,112.43
C00784,2025-12-12,referral,US,True,O0006773,2026-08-05,61.46
C01203,2026-06-13,email,US,True,O0010326,2026-07-16,136.27
C00928,2026-01-19,email,MX,True,O0008036,2026-04-04,79.16
C00285,2026-06-07,organic,US,True,O0002477,2026-07-29,76.76
C02512,2025-04-29,paid_social,US,False,O0021518,2026-08-16,97.45
C02639,2025-11-01,organic,US,False,O0022472,2026-04-17,89.02
C01068,2026-01-14,email,MX,False,O0009118,2026-06-22,77.65
C02327,2026-01-25,paid_search,BR,True,O0019984,2026-01-26,44.61
C02374,2025-12-04,referral,MX,False,O0020399,2026-02-01,82.67
C02942,2026-02-23,paid_search,US,False,O0024820,2026-03-02,82.84
C02246,2026-04-28,paid_search,MX,True,O0019339,2026-06-16,41.55
C00268,2026-01-25,paid_social,BR,True,O0002318,2026-08-20,179.81
C02931,2026-04-02,organic,MX,True,O0024741,2026-06-20,88.72
C00859,2026-02-13,paid_search,US,False,O0007415,2026-07-21,146.02
C01380,2024-11-30,organic,CR,True,O0011956,2025-01-12,42.81
C01918,2025-05-11,referral,MX,True,O0016538,2025-12-10,68.9
C02482,2025-07-23,organic,BR,False,O0021252,2026-08-24,143.8
C00935,2024-12-06,referral,US,True,O0008081,2025-07-30,41.51
C01526,2025-05-29,organic,MX,True,O0013310,2025-05-30,42.96
C00567,2025-11-05,organic,MX,True,O0004800,2026-07-14,59.1
C02513,2026-08-01,email,US,True,O0021522,2026-08-02,113.28
C02636,2026-06-09,organic,CR,True,O0022457,2026-08-06,180.55
C01710,2025-11-18,email,BR,True,O0014839,2025-11-19,67.55
C02070,2025-08-24,organic,US,True,O0017874,2026-07-14,45.04
C00580,2026-07-19,referral,MX,True,O0004927,2026-07-20,179.4
C01947,2025-03-11,paid_social,BR,True,O0016826,2025-12-25,28.35
C01175,2026-02-27,organic,US,False,O0010041,2026-07-23,285.31
C01403,2026-05-11,email,US,True,O0012174,2026-07-11,156.01
C02967,2026-01-07,referral,US,True,O0025051,2026-04-05,143.13
C01665,2025-10-19,organic,BR,True,O0014469,2025-10-20,25.53
C01182,2024-12-29,paid_social,US,True,O0010108,2026-05-06,288.6
C02820,2026-07-24,organic,US,False,O0023929,2026-07-25,52.69
C02262,2025-08-19,organic,MX,True,O0019476,2026-04-10,181.88
C01780,2026-04-27,referral,US,True,O0015437,2026-04-28,50.06
C00109,2025-10-23,paid_social,MX,False,O0000927,2025-12-08,28.79
C00891,2024-09-30,paid_search,MX,True,O0007694,2025-06-12,15.75
C02870,2025-10-30,referral,BR,True,O0024272,2026-06-05,77.95
C02975,2026-01-26,organic,MX,True,O0025107,2026-01-27,123.81
C02127,2026-07-13,referral,US,True,O0018348,2026-07-14,111.75
C01540,2026-01-07,paid_search,CR,True,O0013415,2026-06-26,56.44
C02878,2026-03-20,organic,BR,True,O0024341,2026-03-21,61.02
C01557,2026-03-04,referral,MX,False,O0013564,2026-07-10,208.63
C00440,2025-09-12,referral,CR,True,O0003693,2026-07-28,59.14
C00430,2025-01-13,organic,MX,True,O0003601,2026-02-11,158.29
C01553,2025-04-08,email,US,True,O0013520,2026-07-23,205.17
C01139,2025-11-11,referral,MX,False,O0009716,2026-06-08,107.7
C02773,2025-02-06,organic,CR,True,O0023556,2026-07-20,150.19
C01646,2026-06-29,organic,US,True,O0014288,2026-06-30,89.16
C02174,2025-04-06,paid_search,BR,True,O0018717,2025-11-18,17.55
C00568,2024-10-02,referral,US,True,O0004807,2025-07-14,69.74
C02811,2026-04-12,organic,BR,True,O0023827,2026-04-13,37.0
C00081,2024-11-29,organic,CR,True,O0000704,2026-05-10,171.2
C02046,2025-07-22,referral,US,True,O0017685,2026-08-03,115.14
C01559,2026-06-24,email,CR,True,O0013590,2026-06-25,48.62
C00895,2026-04-20,referral,BR,True,O0007725,2026-04-21,21.19
C01461,2025-05-01,organic,CR,True,O0012727,2025-12-23,78.63
C01709,2025-05-11,paid_search,US,True,O0014836,2026-06-11,61.07
C00145,2025-08-29,organic,BR,True,O0001274,2026-06-10,150.31
C01499,2026-03-28,paid_search,US,True,O0013067,2026-03-29,112.02
C01315,2026-04-13,referral,MX,True,O0011399,2026-07-07,16.36
C02939,2026-03-02,email,CR,True,O0024794,2026-04-17,48.7
C01882,2025-06-06,referral,MX,True,O0016280,2026-07-02,19.14
C02852,2025-07-29,paid_social,CR,True,O0024123,2026-06-27,18.1
C01259,2025-07-13,paid_search,US,True,O0010852,2025-07-14,120.43
C00668,2026-03-28,paid_social,BR,True,O0005736,2026-03-29,53.83
C00077,2026-06-30,paid_social,MX,True,O0000663,2026-07-01,141.68
C00350,2025-06-10,paid_social,CR,False,O0002987,2026-05-31,71.76
C01892,2026-03-14,email,US,True,O0016360,2026-03-15,73.67
C00666,2025-08-01,paid_social,BR,True,O0005717,2026-06-17,20.02
C01192,2025-02-11,organic,BR,False,O0010220,2025-06-18,212.08
C01804,2026-06-02,paid_search,CR,False,O0015599,2026-06-03,74.72
C00436,2025-02-27,paid_search,CR,True,O0003647,2025-04-03,258.9
C02634,2025-08-28,paid_search,US,True,O0022423,2025-08-29,70.66
C00080,2024-11-27,paid_search,MX,True,O0000698,2026-08-14,139.31
C00629,2025-11-16,paid_social,US,True,O0005403,2026-07-14,50.36
C01583,2024-12-23,organic,BR,True,O0013789,2025-12-22,102.62
C02258,2025-05-22,paid_search,CR,False,O0019436,2025-08-26,60.68
C01319,2026-05-16,organic,US,True,O0011443,2026-05-17,56.26
C00176,2024-10-10,organic,MX,True,O0001508,2025-09-08,167.66
C01949,2025-03-06,referral,BR,True,O0016844,2026-03-16,16.92
C00823,2026-05-09,referral,BR,False,O0007092,2026-05-10,78.17
C00386,2026-07-10,paid_search,MX,False,O0003286,2026-07-11,45.66
C02533,2025-11-08,organic,MX,False,O0021685,2025-11-09,78.93
C00289,2024-09-13,referral,US,False,O0002506,2025-09-01,95.24
C00521,2026-06-21,paid_search,US,True,O0004418,2026-06-22,104.72
C01431,2025-08-09,paid_search,BR,True,O0012414,2026-08-15,50.85
C02661,2026-01-29,referral,US,True,O0022632,2026-05-30,33.55
C01236,2025-02-28,paid_search,US,True,O0010609,2026-06-19,170.1
C02271,2025-04-29,referral,BR,True,O0019572,2025-07-04,53.42
C00457,2025-09-14,referral,US,True,O0003852,2026-03-02,51.26
C02747,2026-07-21,referral,MX,False,O0023348,2026-07-22,88.36
C00554,2025-05-28,paid_search,US,True,O0004678,2025-07-13,70.89
C00153,2025-03-29,referral,US,True,O0001323,2025-04-18,35.05
C00052,2024-12-02,referral,MX,True,O0000483,2025-04-06,122.53
C01272,2025-12-02,organic,MX,True,O0010983,2026-02-02,145.99
C00641,2024-09-24,organic,US,True,O0005509,2026-07-21,75.24
C00727,2026-06-07,organic,BR,True,O0006318,2026-06-08,33.11
C02636,2026-06-09,organic,CR,True,O0022459,2026-08-23,183.1
C01805,2026-06-29,paid_search,US,True,O0015615,2026-07-17,88.6
C01069,2025-01-18,organic,US,True,O0009137,2026-06-29,78.18
C01503,2026-07-31,email,US,False,O0013090,2026-08-01,123.8
C00856,2025-01-15,paid_search,US,True,O0007364,2025-10-04,98.95
C00637,2025-12-05,organic,US,True,O0005470,2026-05-11,22.96
C00263,2026-03-03,paid_search,MX,True,O0002260,2026-07-03,123.63
C01574,2026-01-07,referral,MX,False,O0013721,2026-07-30,213.11
C01833,2025-08-02,referral,BR,True,O0015850,2025-09-18,125.39
C02403,2026-03-02,referral,BR,True,O0020622,2026-03-03,102.45
C02204,2025-10-06,paid_search,US,False,O0018963,2025-10-07,121.26
C02552,2026-03-10,organic,US,False,O0021815,2026-03-11,44.39
C01286,2025-02-01,paid_search,MX,True,O0011106,2025-05-17,99.14
C01974,2024-12-21,paid_search,US,True,O0017060,2024-12-22,88.55
C00844,2025-01-21,organic,CR,True,O0007263,2025-07-29,134.99
C02014,2024-12-05,organic,US,True,O0017434,2026-08-09,43.55
C00077,2026-06-30,paid_social,MX,True,O0000666,2026-07-01,137.97
C00555,2025-11-09,paid_search,US,True,O0004690,2025-11-27,133.54
C00028,2025-05-17,referral,BR,True,O0000238,2025-05-18,113.17
C01533,2026-07-31,paid_social,BR,True,O0013346,2026-08-01,62.6
C01684,2025-06-18,organic,BR,True,O0014648,2026-03-06,44.93
C00032,2026-03-12,organic,MX,False,O0000307,2026-07-10,74.2
C00914,2026-01-29,paid_search,MX,False,O0007871,2026-01-30,51.21
C02648,2026-01-22,referral,US,True,O0022549,2026-08-09,19.42
C02564,2026-07-15,paid_search,CR,True,O0021879,2026-07-16,68.67
C01864,2025-04-26,paid_search,MX,True,O0016107,2026-06-03,161.73
C02270,2025-08-21,referral,MX,False,O0019554,2026-03-26,174.38
C01896,2025-03-10,organic,CR,False,O0016396,2025-06-27,25.16
C01555,2024-10-17,organic,BR,True,O0013538,2025-06-07,20.98
C02187,2026-06-23,organic,US,True,O0018819,2026-06-24,136.12
C02771,2025-02-25,organic,BR,True,O0023528,2026-05-08,8.75
C02557,2026-05-29,organic,BR,False,O0021838,2026-05-30,106.0
C02286,2024-09-17,paid_search,US,True,O0019680,2025-11-26,148.13
C01269,2026-01-25,referral,US,False,O0010963,2026-08-31,91.14
C01677,2025-07-30,organic,US,True,O0014603,2026-07-26,89.6
C00165,2025-02-11,paid_social,BR,True,O0001431,2026-07-27,81.47
C00260,2024-10-11,referral,MX,True,O0002218,2026-06-03,19.47
C01454,2024-09-18,paid_social,MX,False,O0012664,2026-08-12,85.67
C01805,2026-06-29,paid_search,US,True,O0015612,2026-06-30,204.76
C00856,2025-01-15,paid_search,US,True,O0007369,2026-01-01,98.59
C00689,2026-01-29,referral,CR,True,O0006024,2026-08-28,156.89
C00032,2026-03-12,organic,MX,False,O0000299,2026-03-13,286.99
C00109,2025-10-23,paid_social,MX,False,O0000930,2026-03-28,235.3
C01551,2025-06-01,paid_search,MX,True,O0013496,2025-06-02,75.27
C00215,2024-09-28,email,MX,False,O0001780,2025-10-26,46.72
C02186,2026-07-23,paid_social,MX,True,O0018817,2026-07-24,227.44
C00848,2025-02-15,paid_search,US,True,O0007304,2026-07-20,87.32
C02892,2025-09-10,paid_social,US,False,O0024458,2026-05-28,47.5
C00726,2025-12-17,email,MX,False,O0006313,2025-12-18,29.1
C01188,2025-10-13,paid_social,US,True,O0010201,2026-08-16,50.5
C01445,2025-07-13,paid_search,MX,True,O0012555,2025-09-27,93.81
C02124,2026-04-13,organic,US,True,O0018314,2026-05-09,100.65
C02457,2025-12-06,organic,MX,False,O0021028,2025-12-07,85.48
C00687,2025-11-18,organic,US,True,O0005962,2026-06-15,208.15
C00834,2024-12-29,email,BR,True,O0007169,2026-01-19,68.27
C00683,2025-10-19,referral,MX,False,O0005908,2026-08-23,55.86
C01249,2025-01-19,paid_search,MX,True,O0010718,2026-06-07,119.86
C02484,2025-12-30,paid_search,US,True,O0021275,2026-07-25,49.09
C02035,2026-06-11,organic,MX,True,O0017606,2026-06-12,59.46
C01070,2024-11-09,paid_search,US,True,O0009145,2026-04-03,18.3
C00662,2025-10-02,referral,CR,False,O0005684,2026-07-12,48.36
C01419,2025-03-20,organic,US,True,O0012306,2026-08-08,63.48
C01726,2025-04-25,paid_social,US,True,O0014981,2026-06-25,93.69
C01435,2026-07-11,organic,US,True,O0012454,2026-07-12,73.41
C02721,2026-07-13,referral,US,True,O0023171,2026-07-14,54.33
C00270,2025-04-15,paid_social,US,True,O0002328,2026-02-11,169.08
C00928,2026-01-19,email,MX,True,O0008031,2026-01-20,22.78
C02839,2025-07-25,organic,CR,True,O0024046,2026-03-11,345.98
C02209,2025-03-25,email,US,False,O0018999,2025-11-21,30.1
C02407,2026-06-16,organic,MX,True,O0020668,2026-06-17,90.24
C00231,2025-06-06,paid_social,MX,True,O0001932,2026-05-27,36.74
C00671,2025-09-20,paid_social,BR,False,O0005768,2026-04-30,135.51
C01320,2026-05-26,organic,MX,True,O0011450,2026-05-27,61.45
C00465,2025-03-31,paid_search,US,True,O0003957,2026-02-03,70.54
C02398,2025-02-06,paid_social,CR,True,O0020589,2025-02-07,45.21
C00397,2024-10-10,email,MX,True,O0003372,2025-06-09,65.58
C02731,2025-01-04,organic,BR,True,O0023254,2026-05-04,71.76
C02379,2026-01-06,paid_social,BR,True,O0020456,2026-08-03,97.91
C02557,2026-05-29,organic,BR,False,O0021841,2026-05-30,121.74
C00215,2024-09-28,email,MX,False,O0001779,2025-10-03,11.87
C02537,2024-12-18,organic,US,True,O0021730,2026-06-26,59.53
C02711,2025-04-28,referral,BR,True,O0023094,2025-04-29,45.04
C01936,2025-12-07,paid_social,US,True,O0016708,2026-03-06,315.83
C01140,2025-12-19,email,BR,True,O0009733,2026-05-30,60.56
C01340,2025-06-08,referral,US,True,O0011631,2026-01-26,95.35
C02739,2025-05-17,paid_social,US,False,O0023299,2025-05-18,49.75
C00505,2025-09-18,paid_search,MX,False,O0004264,2026-04-26,165.31
C02483,2025-12-29,organic,US,True,O0021259,2026-06-13,98.95
C01436,2026-03-23,organic,US,True,O0012471,2026-03-24,52.44
C01894,2025-11-14,organic,CR,True,O0016385,2026-04-14,66.75
C01111,2026-03-11,email,CR,False,O0009453,2026-03-12,193.67
C01561,2024-10-29,paid_search,US,True,O0013609,2025-12-25,14.74
C00441,2025-12-01,paid_social,BR,True,O0003697,2026-07-11,59.31
C00801,2024-12-04,email,BR,True,O0006910,2025-12-21,102.6
C01196,2025-04-01,paid_social,BR,False,O0010266,2026-08-13,133.84
C00454,2025-11-07,organic,CR,True,O0003824,2025-11-08,77.92
C01444,2026-07-21,paid_search,US,True,O0012548,2026-08-06,232.88
C02143,2026-01-29,referral,MX,True,O0018496,2026-07-16,27.28
C01806,2026-06-18,email,US,False,O0015624,2026-06-19,110.18
C00147,2025-12-29,paid_search,BR,False,O0001294,2026-07-02,350.25
C00710,2024-10-03,referral,MX,True,O0006172,2026-07-01,58.31
C01928,2025-01-29,paid_search,US,True,O0016639,2026-08-26,55.63
C01513,2024-10-02,paid_social,MX,True,O0013189,2025-10-24,82.62
C02956,2025-08-12,organic,US,True,O0024958,2026-07-14,410.78
C02332,2025-06-15,paid_search,US,True,O0020008,2025-12-14,34.76
C00397,2024-10-10,email,MX,True,O0003371,2025-03-10,33.54
C00853,2025-09-12,organic,MX,False,O0007328,2026-05-30,212.96
C00316,2025-12-04,organic,MX,True,O0002710,2026-07-07,89.46
C01254,2026-02-24,paid_social,US,True,O0010798,2026-06-22,166.26
C00867,2025-09-21,email,US,True,O0007497,2026-03-03,33.58
C02126,2024-10-22,referral,US,True,O0018331,2026-04-14,112.29
C02231,2025-10-11,email,US,True,O0019197,2026-02-12,90.34
C01654,2025-01-08,email,US,True,O0014380,2026-07-25,59.15
C01309,2025-08-11,organic,CR,True,O0011341,2025-08-12,38.08
C02148,2025-01-13,organic,BR,True,O0018534,2026-03-15,46.75
C01128,2025-06-06,organic,MX,True,O0009596,2026-07-11,130.19
C00517,2025-08-15,organic,US,True,O0004376,2026-06-05,114.16
C01940,2025-07-16,paid_search,US,True,O0016765,2026-07-19,42.19
C02221,2025-05-10,referral,CR,True,O0019116,2025-05-11,42.96
C00396,2026-05-13,referral,MX,True,O0003363,2026-05-14,29.06
C02612,2025-09-03,paid_social,US,True,O0022240,2025-12-08,21.18
C00003,2024-10-07,referral,BR,True,O0000025,2026-03-14,90.0
C02023,2025-08-09,paid_search,BR,False,O0017501,2026-08-12,12.66
C01444,2026-07-21,paid_search,US,True,O0012541,2026-07-22,144.34
C01948,2024-12-21,paid_social,US,True,O0016841,2026-08-09,101.9
C01932,2025-11-13,paid_social,MX,True,O0016666,2025-11-14,231.55
C01808,2025-03-27,organic,US,True,O0015636,2025-04-10,63.48
C01188,2025-10-13,paid_social,US,True,O0010191,2026-06-11,82.51
C00672,2025-01-14,paid_search,US,True,O0005779,2025-10-28,170.21
C02074,2025-04-17,referral,CR,True,O0017898,2026-06-28,58.07
C02089,2025-10-07,referral,US,True,O0018045,2025-12-13,13.8
C02618,2024-09-23,paid_social,US,True,O0022300,2026-02-03,66.1
C02517,2024-10-22,email,BR,True,O0021559,2026-08-28,66.32
C00074,2026-07-14,paid_search,BR,True,O0000626,2026-07-15,45.08
C01429,2024-12-13,paid_social,US,True,O0012391,2026-04-10,71.1
C02353,2025-09-22,referral,MX,True,O0020254,2026-04-29,26.14
C01647,2025-10-22,referral,US,True,O0014293,2026-04-13,127.05
C01488,2026-05-16,organic,US,False,O0012984,2026-05-17,97.15
C00795,2026-07-07,email,MX,True,O0006865,2026-07-08,163.26
C01044,2025-07-19,email,US,True,O0008933,2026-08-19,58.04
C02175,2025-04-22,email,BR,True,O0018732,2026-03-21,138.1
C01562,2025-06-18,organic,CR,False,O0013627,2026-07-03,65.63
C00189,2025-08-27,paid_search,MX,True,O0001575,2026-05-31,194.65
C00531,2025-12-20,email,BR,True,O0004497,2026-05-03,126.52
C00679,2025-07-21,paid_search,CR,True,O0005866,2026-07-05,52.2
C01054,2024-11-25,paid_social,US,True,O0009020,2026-07-23,129.84
C00049,2026-04-29,organic,BR,True,O0000454,2026-04-30,29.57
C00106,2026-06-08,paid_social,US,True,O0000896,2026-06-09,84.52
C01293,2026-07-13,paid_social,US,False,O0011208,2026-07-14,194.94
C02917,2026-02-02,email,US,True,O0024631,2026-05-25,59.33
C01607,2025-09-08,paid_search,US,True,O0013991,2025-09-09,48.63
C02256,2024-12-08,paid_search,US,True,O0019423,2025-07-26,12.77
C01735,2025-04-02,paid_search,CR,True,O0015059,2026-04-29,21.69
C01853,2025-10-25,email,BR,False,O0016010,2025-11-03,72.57
C02827,2025-03-11,email,MX,False,O0023977,2025-10-22,90.52
C02461,2025-09-10,referral,BR,True,O0021069,2026-02-02,148.52
C01279,2024-11-26,paid_search,BR,True,O0011062,2026-07-15,122.47
C00380,2025-05-10,referral,MX,True,O0003237,2025-11-23,52.39
C00709,2025-06-27,paid_social,US,True,O0006165,2026-07-15,50.47
C01129,2024-09-14,paid_social,US,True,O0009606,2025-11-11,148.93
C00391,2025-11-07,organic,MX,False,O0003322,2025-11-08,49.14
C02493,2025-06-11,paid_social,MX,True,O0021333,2026-07-12,117.02
C01729,2026-03-14,referral,US,True,O0015012,2026-07-01,41.12
C00595,2025-08-30,organic,CR,True,O0005053,2025-08-31,17.6
C01612,2024-12-15,referral,US,False,O0014022,2026-01-21,142.72
C02259,2026-06-27,organic,US,True,O0019445,2026-06-28,160.78
C02692,2026-02-06,email,MX,True,O0022924,2026-04-23,103.44
C01753,2025-01-19,paid_search,BR,True,O0015190,2026-03-01,40.71
C01631,2025-01-14,referral,CR,True,O0014196,2026-07-10,108.71
C00283,2026-05-15,organic,MX,True,O0002449,2026-05-16,18.8
C00545,2025-06-12,referral,BR,True,O0004609,2026-08-11,8.0
C01456,2025-05-28,paid_search,US,True,O0012680,2025-10-09,279.87
C01453,2024-10-12,referral,MX,True,O0012646,2024-11-15,83.12
C01938,2025-03-11,organic,US,True,O0016761,2026-08-29,158.35
C01441,2025-09-10,organic,US,False,O0012516,2025-12-05,85.51
C02382,2025-12-19,email,US,True,O0020494,2026-06-11,62.07
C02842,2024-11-09,paid_search,US,True,O0024073,2025-03-11,29.8
C02019,2026-02-26,organic,US,False,O0017470,2026-06-26,35.92
C01446,2026-05-15,organic,BR,True,O0012566,2026-05-16,65.12
C01554,2025-12-08,organic,BR,True,O0013526,2025-12-09,41.6
C01137,2025-04-22,paid_social,MX,True,O0009685,2025-12-05,32.51
C00118,2025-02-04,paid_social,MX,True,O0000978,2025-02-17,133.96
C02152,2025-09-20,paid_social,US,True,O0018579,2026-05-25,67.38
C00091,2026-04-21,organic,MX,True,O0000781,2026-07-13,135.55
C00189,2025-08-27,paid_search,MX,True,O0001577,2026-07-20,55.81
C02632,2025-10-02,organic,BR,True,O0022400,2026-06-23,76.54
C00487,2026-02-13,email,US,True,O0004127,2026-02-14,14.7
C02999,2025-02-28,paid_search,US,True,O0025280,2026-03-07,29.89
C01525,2026-03-19,paid_social,US,True,O0013305,2026-03-20,35.76
C02422,2025-11-17,paid_search,US,True,O0020762,2025-12-17,90.46
C00924,2025-01-29,paid_search,US,True,O0007983,2026-05-24,166.0
C01771,2025-10-12,organic,MX,True,O0015343,2026-08-28,187.58
C02810,2025-10-24,organic,CR,True,O0023822,2026-06-10,59.03
C01599,2024-11-29,paid_search,BR,False,O0013939,2025-10-07,35.54
C02877,2026-05-11,referral,MX,False,O0024329,2026-06-19,524.57
C01622,2024-10-01,referral,US,False,O0014144,2026-07-11,37.77
C02569,2025-11-07,paid_search,US,True,O0021917,2025-11-08,178.99
C01851,2024-11-25,organic,BR,True,O0015989,2025-09-28,36.51
C02011,2025-11-09,email,US,True,O0017383,2026-01-12,74.07
C02291,2025-12-05,paid_social,MX,False,O0019719,2026-05-28,83.36
C00281,2026-01-09,organic,BR,False,O0002429,2026-01-10,92.2
C02241,2024-11-04,referral,US,True,O0019277,2025-06-01,134.5
C00647,2025-05-16,email,BR,True,O0005548,2025-08-08,103.08
C01806,2026-06-18,email,US,False,O0015618,2026-06-19,87.38
C00718,2025-01-28,paid_search,MX,True,O0006242,2026-08-10,70.35
C00547,2025-06-07,paid_search,MX,False,O0004631,2026-08-28,102.22
C00718,2025-01-28,paid_search,MX,True,O0006233,2026-06-12,92.26
C01274,2026-01-01,paid_search,BR,True,O0011010,2026-04-20,197.62
C01451,2024-12-27,email,CR,True,O0012628,2026-06-19,178.29
C01258,2025-07-09,paid_social,BR,True,O0010845,2026-08-26,87.27
C01867,2025-07-25,organic,BR,True,O0016138,2025-09-05,171.67
C01741,2025-05-18,referral,US,False,O0015113,2026-02-16,8.0
C00105,2024-09-28,paid_social,MX,True,O0000892,2025-04-15,56.99
C02636,2026-06-09,organic,CR,True,O0022438,2026-06-10,48.69
C01349,2025-03-27,email,US,True,O0011713,2026-06-29,185.53
C02208,2025-07-16,organic,US,True,O0018997,2025-07-17,54.74
C01715,2025-09-30,paid_search,CR,False,O0014899,2026-03-06,49.44
C00668,2026-03-28,paid_social,BR,True,O0005735,2026-03-29,118.66
C01220,2025-01-30,paid_social,BR,False,O0010466,2026-05-13,19.22
C01861,2026-06-30,organic,MX,True,O0016089,2026-07-01,31.7
C01572,2026-05-03,organic,MX,False,O0013702,2026-07-25,132.17
C00443,2025-01-15,email,US,True,O0003718,2026-06-19,75.53
C00082,2025-06-06,paid_social,CR,False,O0000708,2025-06-08,47.41
C01594,2024-10-27,email,US,True,O0013896,2026-08-02,146.36
C02507,2026-07-08,paid_search,BR,True,O0021440,2026-07-09,65.41
C02116,2026-03-06,email,CR,True,O0018245,2026-06-07,34.48
C02251,2025-01-08,paid_social,US,True,O0019384,2026-08-12,98.1
C02326,2025-09-22,paid_social,CR,False,O0019973,2026-05-05,74.93
C02722,2025-10-04,email,US,True,O0023183,2026-05-27,111.85
C02486,2026-06-18,email,CR,True,O0021283,2026-06-19,50.57
C00265,2024-10-02,paid_social,MX,True,O0002274,2026-05-22,86.4
C02626,2025-08-28,organic,US,True,O0022351,2025-10-03,60.87
C00517,2025-08-15,organic,US,True,O0004364,2025-10-19,58.83
C02645,2025-03-13,referral,MX,False,O0022516,2026-05-09,8.0
C00868,2025-06-06,email,US,True,O0007516,2025-11-20,80.96
C00264,2025-04-29,paid_search,BR,True,O0002269,2026-07-10,62.92
C02939,2026-03-02,email,CR,True,O0024796,2026-05-05,27.87
C01919,2025-07-13,referral,US,True,O0016555,2026-06-13,325.55
C00181,2025-03-14,paid_social,US,True,O0001534,2026-05-14,15.47
C00967,2026-04-03,paid_social,CR,False,O0008332,2026-05-01,68.88
C01778,2025-06-13,email,US,True,O0015423,2026-03-14,190.54
C01832,2025-03-18,paid_social,US,False,O0015847,2026-08-21,21.11
C01340,2025-06-08,referral,US,True,O0011634,2026-04-22,77.07
C01458,2026-03-07,paid_search,CR,True,O0012700,2026-06-18,25.46
C02508,2024-10-14,organic,BR,True,O0021453,2026-04-20,49.74
C01601,2025-08-30,paid_social,MX,True,O0013960,2026-08-09,106.91
C02022,2026-06-03,organic,US,True,O0017494,2026-08-06,137.39
C01146,2024-12-18,paid_social,BR,True,O0009793,2026-07-04,46.41
C01058,2025-11-13,email,MX,True,O0009034,2026-06-02,59.87
C00641,2024-09-24,organic,US,True,O0005508,2026-07-20,159.62
C00639,2026-01-18,referral,CR,True,O0005485,2026-03-02,62.85
C01347,2026-05-12,organic,BR,False,O0011690,2026-08-29,111.38
C01559,2026-06-24,email,CR,True,O0013594,2026-06-25,49.61
C02260,2026-01-16,organic,BR,False,O0019453,2026-01-17,8.25
C01413,2025-08-09,paid_search,CR,True,O0012262,2025-08-10,36.13
C01401,2024-10-18,organic,US,True,O0012139,2025-09-19,49.85
C02354,2026-07-01,organic,US,False,O0020259,2026-07-02,60.09
C01937,2024-11-06,organic,US,True,O0016721,2025-12-04,84.48
C02412,2026-04-01,organic,US,True,O0020713,2026-04-02,31.26
C00248,2026-01-26,referral,MX,True,O0002087,2026-04-11,125.5
C01609,2025-01-16,organic,US,True,O0014008,2026-07-27,43.63
C01810,2025-02-03,paid_search,CR,True,O0015657,2026-05-02,194.96
C01207,2026-06-04,paid_search,US,True,O0010371,2026-08-24,36.75
C00574,2025-11-29,organic,CR,True,O0004854,2025-11-30,123.69
C00250,2025-05-02,referral,MX,True,O0002116,2026-07-28,223.27
C01544,2024-09-17,organic,US,True,O0013448,2026-05-25,118.46
C00458,2025-03-10,organic,US,True,O0003872,2026-08-06,74.65
C02215,2024-11-09,paid_social,CR,True,O0019063,2026-07-08,104.11
C01927,2026-03-29,organic,US,True,O0016624,2026-06-02,67.71
C02991,2025-12-07,organic,MX,True,O0025218,2026-04-02,212.68
C00611,2024-12-19,organic,US,False,O0005244,2026-07-12,93.1
C02743,2026-05-07,organic,US,True,O0023322,2026-06-27,128.96
C01513,2024-10-02,paid_social,MX,True,O0013195,2026-04-07,78.25
C00519,2025-12-31,organic,US,True,O0004395,2026-01-01,77.96
C01988,2025-12-21,referral,US,True,O0017182,2026-02-24,211.91
C02194,2025-12-02,email,US,True,O0018898,2026-06-19,30.65
C02767,2025-04-28,organic,BR,True,O0023481,2025-05-03,148.94
C01526,2025-05-29,organic,MX,True,O0013309,2025-05-30,101.04
C02141,2024-10-13,organic,BR,True,O0018475,2025-01-29,101.08
C02777,2025-09-21,organic,US,True,O0023578,2025-12-24,51.02
C02978,2025-05-01,organic,BR,True,O0025130,2025-09-05,58.44
C02944,2024-12-30,email,US,True,O0024844,2026-04-12,224.02
C01553,2025-04-08,email,US,True,O0013523,2026-08-13,83.25
C01964,2025-06-16,organic,BR,False,O0016984,2026-03-30,132.25
C01584,2026-01-03,email,BR,True,O0013804,2026-01-04,39.21
C00611,2024-12-19,organic,US,False,O0005236,2026-01-11,113.63
C01430,2026-07-11,referral,MX,True,O0012399,2026-07-12,88.84
C00988,2025-10-24,organic,BR,True,O0008487,2026-05-15,48.71
C02841,2025-11-04,organic,US,False,O0024069,2026-05-06,59.22
C02410,2026-02-24,organic,US,False,O0020692,2026-02-25,30.71
C00090,2024-11-01,paid_search,MX,True,O0000766,2025-06-19,35.18
C01062,2025-04-06,email,MX,True,O0009050,2025-10-22,49.13
C00625,2025-08-17,referral,MX,True,O0005349,2026-02-28,216.43
C02277,2025-03-18,organic,BR,False,O0019601,2025-10-22,100.04
C02654,2026-03-09,referral,US,True,O0022590,2026-03-10,49.72
C02947,2025-06-23,paid_search,CR,True,O0024871,2026-07-22,177.1
C00058,2025-02-20,paid_search,US,True,O0000520,2026-05-05,53.29
C00801,2024-12-04,email,BR,True,O0006908,2025-11-20,111.54
C01524,2025-07-26,paid_social,BR,True,O0013293,2026-07-25,188.17
C00514,2026-02-26,referral,CR,True,O0004341,2026-06-19,74.51
C00796,2025-03-16,organic,MX,False,O0006872,2025-09-14,210.47
C01317,2026-06-08,paid_search,MX,True,O0011424,2026-06-09,48.49
C02559,2024-11-01,paid_search,US,True,O0021852,2025-10-09,30.48
C01478,2025-11-20,referral,BR,True,O0012878,2026-02-18,23.22
C01292,2025-01-26,organic,BR,True,O0011195,2026-08-24,53.4
C02412,2026-04-01,organic,US,True,O0020714,2026-04-02,85.38
C01111,2026-03-11,email,CR,False,O0009450,2026-03-12,61.06
C02296,2025-02-11,paid_social,BR,True,O0019753,2026-08-12,173.42
C00664,2025-09-27,paid_social,US,True,O0005694,2026-04-28,84.45
C02363,2025-05-21,paid_social,CR,True,O0020307,2025-12-23,79.95
C02608,2025-07-20,paid_search,US,True,O0022204,2025-07-21,19.15
C01448,2025-01-03,referral,CR,True,O0012588,2025-09-10,103.66
C01025,2025-11-10,paid_search,US,True,O0008769,2025-11-11,122.64
C02458,2025-02-01,organic,BR,True,O0021043,2026-05-08,152.8
C02133,2024-10-20,paid_search,US,True,O0018410,2026-06-20,205.92
C00812,2025-08-24,referral,US,False,O0007024,2025-08-25,46.29
C02462,2026-03-22,paid_social,BR,True,O0021094,2026-07-16,168.11
C00943,2024-10-09,organic,MX,True,O0008145,2026-02-19,64.62
C01599,2024-11-29,paid_search,BR,False,O0013942,2025-12-19,43.57
C00135,2025-02-15,organic,US,True,O0001165,2026-07-29,111.3
C00415,2025-09-19,referral,US,True,O0003520,2025-09-20,22.4
C00945,2026-04-29,organic,MX,True,O0008163,2026-04-30,53.58
C00495,2025-09-06,paid_search,MX,True,O0004179,2025-11-18,54.9
C02105,2025-09-23,referral,US,True,O0018148,2026-06-15,54.4
C02308,2025-12-26,paid_social,BR,False,O0019843,2026-02-14,68.82
C00604,2025-04-16,referral,BR,False,O0005139,2026-06-17,86.07
C00923,2024-11-24,organic,MX,False,O0007976,2026-02-25,60.89
C02839,2025-07-25,organic,CR,True,O0024045,2026-02-24,36.94
C01962,2025-04-24,paid_search,US,True,O0016969,2025-07-19,58.77
C01977,2025-07-13,paid_social,BR,True,O0017086,2026-03-02,131.46
C00856,2025-01-15,paid_search,US,True,O0007367,2025-11-26,251.37
C00902,2024-11-04,referral,BR,True,O0007787,2026-01-25,151.78
C00712,2025-05-19,paid_social,US,True,O0006180,2026-02-27,26.0
C01882,2025-06-06,referral,MX,True,O0016288,2026-08-11,12.7
C01145,2024-11-25,organic,BR,True,O0009771,2026-06-30,85.76
C00048,2025-02-02,paid_social,BR,True,O0000447,2026-01-11,125.26
C00822,2025-04-23,paid_social,MX,True,O0007085,2025-04-24,75.89
C00758,2026-07-26,paid_social,CR,True,O0006544,2026-07-27,42.59
C00636,2025-06-18,referral,US,True,O0005464,2026-08-21,253.11
C00823,2026-05-09,referral,BR,False,O0007090,2026-05-10,114.92
C01846,2026-01-04,paid_social,US,False,O0015954,2026-07-01,128.84
C02449,2025-08-08,paid_search,MX,True,O0020976,2026-01-15,106.43
C02873,2024-12-16,organic,MX,True,O0024299,2025-08-20,70.9
C00257,2025-09-07,referral,MX,False,O0002198,2026-07-07,157.17
C00080,2024-11-27,paid_search,MX,True,O0000695,2026-06-07,192.4
C00278,2026-07-16,email,BR,True,O0002405,2026-07-17,31.47
C02049,2025-05-04,organic,MX,True,O0017729,2026-01-28,52.89
C01871,2026-06-01,paid_search,US,True,O0016158,2026-06-02,58.38
C00800,2025-08-30,paid_search,US,True,O0006897,2026-06-09,48.44
C00442,2025-08-19,organic,BR,True,O0003702,2026-06-15,61.67
C00050,2025-07-09,paid_search,US,False,O0000459,2026-04-22,168.11
C01540,2026-01-07,paid_search,CR,True,O0013412,2026-04-02,303.37
C00892,2026-01-14,organic,MX,True,O0007714,2026-08-08,176.83
C01402,2026-03-30,paid_search,US,True,O0012153,2026-06-22,234.46
C00169,2025-02-01,referral,MX,True,O0001451,2025-02-02,38.43
C00056,2024-12-17,paid_search,MX,True,O0000514,2025-04-06,127.99
C01660,2026-02-09,paid_social,CR,True,O0014434,2026-07-03,112.16
C00958,2026-06-01,paid_social,CR,True,O0008275,2026-06-02,79.78
C02610,2026-05-24,paid_search,BR,True,O0022221,2026-06-16,57.0
C01454,2024-09-18,paid_social,MX,False,O0012651,2026-05-05,152.04
C01121,2024-10-21,organic,US,True,O0009525,2026-01-01,284.98
C00106,2026-06-08,paid_social,US,True,O0000902,2026-06-20,54.09
C00125,2025-09-18,organic,MX,False,O0001049,2025-11-09,140.49
C01059,2025-06-06,referral,CR,True,O0009036,2026-04-10,26.35
C01421,2025-09-24,paid_social,US,False,O0012322,2026-04-09,129.03
C01552,2024-10-12,organic,BR,False,O0013506,2026-03-19,118.81
C01665,2025-10-19,organic,BR,True,O0014471,2025-10-20,121.04
C02084,2025-08-02,email,CR,True,O0018003,2026-01-04,22.55
C00260,2024-10-11,referral,MX,True,O0002220,2026-06-08,101.34
C01290,2025-07-08,paid_social,CR,True,O0011162,2026-06-10,95.04
C00598,2024-11-16,organic,US,True,O0005080,2026-08-24,134.91
C00391,2025-11-07,organic,MX,False,O0003323,2025-11-08,9.09
C00791,2025-11-03,paid_search,US,True,O0006838,2026-06-18,11.89
C02043,2026-05-15,referral,US,True,O0017663,2026-05-16,29.78
C01979,2025-03-04,organic,BR,True,O0017100,2026-01-27,260.19
C02369,2025-10-10,paid_social,US,True,O0020359,2026-01-04,229.12
C01872,2026-06-24,paid_social,MX,False,O0016180,2026-08-04,94.16
C00283,2026-05-15,organic,MX,True,O0002447,2026-05-16,59.24
C02133,2024-10-20,paid_search,US,True,O0018416,2026-07-16,162.78
C01484,2025-10-03,paid_social,CR,True,O0012944,2026-03-08,73.84
C02336,2026-02-09,organic,BR,True,O0020072,2026-02-10,158.79
C00770,2026-03-03,paid_search,US,False,O0006629,2026-05-08,117.63
C02490,2025-04-07,referral,BR,True,O0021307,2026-04-13,8.0
C02866,2024-11-26,email,CR,True,O0024223,2026-03-13,152.03
C01071,2026-02-11,organic,CR,True,O0009162,2026-06-09,97.78
C01242,2024-10-16,paid_search,CR,True,O0010664,2026-08-18,97.63
C02812,2025-03-25,organic,BR,True,O0023843,2026-08-06,57.33
C01888,2025-03-24,organic,MX,True,O0016327,2026-03-15,71.65
C01926,2025-01-13,organic,US,True,O0016610,2025-12-16,102.58
C01763,2025-03-12,referral,US,True,O0015295,2026-05-01,21.4
C00255,2025-11-14,paid_social,MX,True,O0002168,2026-06-11,122.04
C00555,2025-11-09,paid_search,US,True,O0004695,2026-03-14,15.3
C01286,2025-02-01,paid_search,MX,True,O0011105,2025-04-10,142.73
C02184,2025-07-04,organic,BR,True,O0018800,2025-07-05,131.11
C00842,2024-10-10,organic,US,True,O0007252,2026-04-24,70.24
C01516,2024-11-17,paid_search,MX,True,O0013209,2025-07-27,174.45
C00611,2024-12-19,organic,US,False,O0005238,2026-04-11,122.5
C00539,2025-06-28,referral,MX,True,O0004556,2026-02-18,43.89
C01948,2024-12-21,paid_social,US,True,O0016834,2026-05-13,243.11
C02367,2026-04-02,paid_search,MX,False,O0020337,2026-04-03,19.83
C01422,2026-07-02,organic,CR,True,O0012328,2026-07-03,40.39
C01346,2025-04-20,paid_search,MX,True,O0011666,2026-04-24,29.56
C00731,2025-12-31,referral,MX,True,O0006345,2026-01-01,80.92
C02009,2025-07-21,paid_search,CR,False,O0017371,2025-07-22,129.83
C00995,2025-10-14,organic,MX,True,O0008565,2026-04-19,61.49
C00205,2024-12-16,organic,MX,True,O0001697,2026-01-30,40.33
C00691,2025-12-01,organic,US,True,O0006033,2026-06-05,138.18
C02305,2025-04-09,referral,BR,True,O0019813,2026-01-21,50.19
C01102,2026-03-18,organic,MX,True,O0009387,2026-03-19,63.63
C02658,2026-03-28,paid_search,US,False,O0022615,2026-06-15,111.34
C00415,2025-09-19,referral,US,True,O0003521,2025-09-20,33.36
C00031,2025-12-01,organic,US,False,O0000284,2026-04-15,109.47
C02125,2025-03-31,referral,US,True,O0018318,2026-03-31,100.03
C02570,2026-05-13,email,US,True,O0021930,2026-05-14,148.02
C01431,2025-08-09,paid_search,BR,True,O0012410,2026-08-04,40.38
C02165,2025-07-25,organic,MX,True,O0018656,2025-11-05,80.76
C01245,2025-02-28,organic,US,False,O0010686,2026-07-31,44.55
C02308,2025-12-26,paid_social,BR,False,O0019834,2025-12-27,33.59
C01481,2025-03-04,paid_social,MX,True,O0012914,2026-08-16,79.21
C00738,2025-02-07,organic,US,True,O0006396,2026-05-21,105.91
C02906,2025-07-03,email,BR,True,O0024567,2025-09-21,89.98
C00660,2025-10-27,organic,US,False,O0005653,2025-10-28,11.5
C00697,2026-02-15,paid_search,MX,True,O0006064,2026-04-17,124.69
C00193,2025-03-20,email,US,True,O0001621,2026-07-23,315.77
C01218,2024-11-30,organic,CR,True,O0010457,2026-02-05,52.2
C00356,2026-05-24,referral,MX,True,O0003029,2026-05-25,106.81
C00140,2026-05-23,paid_social,CR,True,O0001221,2026-05-24,53.13
C01121,2024-10-21,organic,US,True,O0009526,2026-01-04,128.94
C02335,2026-01-17,paid_social,MX,True,O0020064,2026-08-05,114.46
C01210,2026-05-22,paid_search,BR,True,O0010399,2026-05-23,48.73
C02074,2025-04-17,referral,CR,True,O0017901,2026-07-05,43.2
C02205,2025-02-17,paid_search,MX,True,O0018973,2025-09-24,105.2
C00571,2025-08-03,referral,BR,False,O0004824,2025-08-04,24.06
C02633,2025-11-06,paid_search,US,True,O0022407,2026-03-14,107.65
C00221,2025-10-13,paid_social,CR,False,O0001838,2026-07-28,155.37
C00809,2026-06-24,paid_social,US,True,O0006982,2026-06-30,161.57
C00736,2026-01-08,organic,CR,True,O0006373,2026-01-09,162.17
C00589,2026-07-25,paid_search,US,True,O0005024,2026-07-26,26.74
C01757,2025-06-10,paid_search,US,False,O0015234,2026-07-12,236.33
C02771,2025-02-25,organic,BR,True,O0023535,2026-07-18,182.9
C00917,2025-11-21,organic,BR,False,O0007898,2025-12-07,15.06
C00948,2025-12-19,referral,MX,False,O0008204,2026-03-02,628.48
C00328,2025-06-16,referral,BR,False,O0002810,2026-06-12,133.14
C01674,2026-03-17,paid_social,CR,True,O0014573,2026-03-18,121.23
C00192,2025-03-17,paid_social,MX,False,O0001602,2026-07-10,190.22
C01812,2026-01-31,organic,MX,True,O0015663,2026-07-03,13.84
C00296,2025-07-09,organic,US,True,O0002573,2026-08-14,199.14
C00024,2025-11-14,organic,US,False,O0000208,2026-03-04,180.09
C02434,2025-01-08,referral,MX,True,O0020845,2026-01-04,154.07
C00003,2024-10-07,referral,BR,True,O0000033,2026-06-23,157.49
C00212,2025-04-23,paid_social,BR,True,O0001751,2026-01-07,20.65
C00801,2024-12-04,email,BR,True,O0006902,2025-05-20,183.2
C01886,2026-03-04,organic,US,True,O0016315,2026-03-05,118.15
C02273,2025-06-12,referral,US,False,O0019579,2025-06-13,55.37
C00736,2026-01-08,organic,CR,True,O0006372,2026-01-09,20.42
C01419,2025-03-20,organic,US,True,O0012292,2026-02-05,24.09
C00308,2024-11-14,organic,MX,False,O0002645,2026-01-02,94.47
C01542,2025-10-28,organic,MX,True,O0013434,2026-02-28,59.87
C00702,2026-08-01,organic,US,True,O0006106,2026-08-02,90.22
C01544,2024-09-17,organic,US,True,O0013451,2026-07-02,41.79
C01316,2025-03-03,paid_search,BR,True,O0011401,2026-03-28,86.23
C00654,2024-12-28,paid_social,US,True,O0005606,2026-07-22,144.19
C00089,2025-09-14,paid_social,US,True,O0000762,2026-06-27,100.23
C01761,2025-10-20,organic,CR,True,O0015277,2026-03-31,38.38
C02133,2024-10-20,paid_search,US,True,O0018411,2026-06-29,158.78
C02844,2025-08-16,organic,US,True,O0024084,2026-06-15,28.77
C01821,2025-12-29,paid_search,BR,True,O0015744,2026-06-30,99.82
C01404,2024-12-13,paid_search,MX,True,O0012176,2025-03-31,33.68
C01763,2025-03-12,referral,US,True,O0015286,2025-07-17,59.04
C01733,2024-11-22,organic,BR,True,O0015045,2026-07-09,27.86
C01284,2024-12-26,organic,MX,True,O0011088,2026-05-14,43.08
C01283,2024-09-17,email,MX,True,O0011086,2026-04-30,65.99
C02615,2025-04-29,paid_search,BR,True,O0022278,2025-09-23,97.25
C00208,2025-02-28,organic,MX,False,O0001720,2026-01-19,73.08
C00808,2024-12-21,paid_social,US,True,O0006959,2025-08-29,18.95
C02088,2026-06-04,email,BR,False,O0018041,2026-06-05,121.81
C00208,2025-02-28,organic,MX,False,O0001721,2026-03-26,336.91
C01777,2025-04-10,organic,MX,True,O0015419,2026-08-27,239.06
C02500,2026-03-23,paid_social,MX,True,O0021395,2026-04-08,43.05
C01230,2025-03-13,organic,MX,True,O0010536,2026-07-13,91.94
C02280,2026-01-08,paid_search,US,True,O0019629,2026-03-10,45.78
C00934,2026-06-03,organic,BR,True,O0008078,2026-06-04,61.95
C00138,2025-12-08,organic,US,True,O0001198,2026-01-30,40.45
C02491,2025-01-27,organic,US,True,O0021310,2025-05-30,63.47
C02326,2025-09-22,paid_social,CR,False,O0019968,2026-02-01,12.5
C02350,2026-01-15,paid_search,MX,True,O0020217,2026-01-16,40.26
C02404,2026-02-13,referral,US,False,O0020643,2026-02-14,117.62
C01314,2025-08-23,email,MX,False,O0011389,2026-01-16,132.22
C01521,2026-01-09,paid_search,CR,True,O0013248,2026-01-10,86.56
C01508,2025-09-11,organic,MX,True,O0013141,2026-05-21,67.25
C00410,2025-12-16,paid_search,US,True,O0003502,2026-07-05,16.65
C02048,2026-04-04,referral,US,True,O0017705,2026-04-05,17.85
C01036,2025-03-31,referral,MX,True,O0008865,2026-03-31,39.82
C00938,2025-11-09,email,US,False,O0008108,2026-05-28,102.77
C02947,2025-06-23,paid_search,CR,True,O0024881,2026-08-22,30.87
C02242,2025-01-05,paid_search,US,True,O0019282,2026-01-26,138.74
C00889,2024-10-27,referral,CR,True,O0007680,2025-10-26,29.43
C02926,2024-12-19,referral,MX,True,O0024717,2025-05-21,24.08
C01498,2024-09-20,paid_search,BR,True,O0013061,2026-04-17,72.15
C02777,2025-09-21,organic,US,True,O0023587,2026-08-19,81.79
C02207,2025-12-22,paid_search,MX,True,O0018983,2026-02-20,99.32
C02895,2025-09-08,organic,MX,True,O0024470,2026-02-10,39.79
C00856,2025-01-15,paid_search,US,True,O0007359,2025-04-03,122.21
C01052,2025-09-07,referral,US,False,O0008994,2025-09-08,191.46
C02629,2024-11-14,paid_search,MX,True,O0022380,2026-08-27,70.4
C02899,2025-04-20,referral,US,False,O0024503,2025-12-08,141.38
C01370,2025-09-25,referral,MX,False,O0011875,2026-08-07,105.95
C01763,2025-03-12,referral,US,True,O0015289,2025-08-29,67.17
C00093,2026-01-18,referral,US,True,O0000804,2026-04-23,127.78
C01451,2024-12-27,email,CR,True,O0012629,2026-06-19,138.64
C01475,2024-12-09,paid_social,US,True,O0012865,2026-02-11,135.31
C01129,2024-09-14,paid_social,US,True,O0009605,2025-11-07,64.1
C00488,2026-01-02,referral,BR,True,O0004152,2026-08-28,158.06
C01841,2025-07-14,organic,US,True,O0015899,2026-08-06,46.79
C00622,2025-08-03,paid_search,US,True,O0005330,2025-11-17,189.01
C01698,2026-05-06,paid_search,MX,True,O0014761,2026-06-15,137.79
C00667,2026-03-08,organic,CR,True,O0005726,2026-03-09,127.39
C02866,2024-11-26,email,CR,True,O0024214,2025-08-09,69.02
C01350,2024-10-03,paid_search,US,True,O0011733,2026-08-02,84.06
C00784,2025-12-12,referral,US,True,O0006775,2026-08-27,49.31
C01913,2025-05-24,paid_search,CR,True,O0016502,2026-05-12,8.79
C01910,2026-05-31,paid_search,BR,True,O0016475,2026-07-15,42.66
C00262,2026-05-05,paid_search,US,True,O0002244,2026-08-26,100.38
C02666,2025-07-12,paid_social,BR,False,O0022687,2025-07-13,170.31
C02327,2026-01-25,paid_search,BR,True,O0019979,2026-01-26,42.21
C02508,2024-10-14,organic,BR,True,O0021452,2026-04-16,76.3
C01195,2025-09-03,paid_social,US,True,O0010246,2025-09-17,126.67
C01431,2025-08-09,paid_search,BR,True,O0012408,2026-06-12,188.1
C01746,2026-04-22,paid_social,US,True,O0015152,2026-04-25,52.67
C02682,2025-01-21,paid_search,US,True,O0022816,2026-08-04,79.22
C02342,2025-01-09,referral,CR,True,O0020149,2026-02-20,116.56
C01612,2024-12-15,referral,US,False,O0014027,2026-06-08,70.83
C02072,2026-02-22,organic,US,False,O0017883,2026-05-09,69.43
C01661,2025-12-17,organic,US,True,O0014445,2025-12-18,74.93
C00140,2026-05-23,paid_social,CR,True,O0001237,2026-08-16,163.88
C00383,2026-01-05,referral,CR,True,O0003261,2026-01-06,114.95
C01266,2025-01-28,paid_search,US,True,O0010919,2026-08-12,117.48
C02534,2024-12-24,paid_search,MX,True,O0021703,2026-07-05,216.93
C01175,2026-02-27,organic,US,False,O0010029,2026-02-28,297.56
C01843,2025-05-18,organic,MX,True,O0015921,2025-08-13,43.24
C01817,2026-04-03,referral,US,True,O0015712,2026-04-04,45.99
C00403,2025-08-31,paid_social,US,True,O0003443,2026-05-23,122.43
C02513,2026-08-01,email,US,True,O0021525,2026-08-21,16.57
C01348,2026-06-03,paid_social,MX,True,O0011691,2026-06-04,79.19
C02281,2026-04-19,paid_social,MX,True,O0019635,2026-04-20,26.82
C00089,2025-09-14,paid_social,US,True,O0000764,2026-08-21,17.4
C00458,2025-03-10,organic,US,True,O0003870,2026-07-16,35.75
C02078,2024-11-30,paid_social,CR,True,O0017960,2026-08-28,58.41
C01842,2024-12-20,email,MX,True,O0015914,2026-04-30,29.77
C02531,2026-02-07,paid_social,MX,True,O0021667,2026-05-17,82.91
C00545,2025-06-12,referral,BR,True,O0004608,2026-08-01,70.23
C02632,2025-10-02,organic,BR,True,O0022401,2026-07-08,44.19
C01010,2025-06-23,paid_search,BR,True,O0008678,2025-07-17,129.13
C02552,2026-03-10,organic,US,False,O0021817,2026-04-06,15.69
C00614,2026-03-20,paid_social,BR,True,O0005276,2026-03-21,38.43
C00312,2025-09-27,organic,MX,True,O0002677,2025-09-28,54.86
C00285,2026-06-07,organic,US,True,O0002463,2026-06-08,55.95
C00576,2025-08-26,email,US,True,O0004906,2026-08-22,63.86
C00805,2025-03-17,paid_social,US,False,O0006940,2025-12-17,136.39
C02868,2026-03-24,paid_social,CR,True,O0024241,2026-03-25,89.27
C02673,2025-11-14,paid_search,US,False,O0022745,2026-08-02,130.79
C02236,2025-02-16,paid_search,US,True,O0019242,2026-04-16,20.36
C01042,2026-05-20,organic,US,False,O0008911,2026-05-21,27.34
C00087,2026-07-16,paid_social,BR,True,O0000743,2026-07-17,84.19
C01107,2025-06-10,organic,US,True,O0009434,2026-06-05,157.09
C01567,2026-01-24,organic,MX,True,O0013661,2026-02-21,87.74
C02506,2026-03-30,paid_search,US,True,O0021426,2026-03-31,48.32
C02687,2025-02-03,paid_social,MX,True,O0022847,2025-11-03,51.55
C01136,2025-05-28,organic,BR,True,O0009675,2026-02-19,160.29
C01651,2025-08-08,paid_social,BR,True,O0014340,2026-05-17,89.39
C00279,2025-07-24,referral,US,True,O0002425,2026-08-17,198.67
C01672,2025-02-25,organic,BR,True,O0014547,2026-03-18,13.37
C01560,2026-07-01,paid_search,BR,True,O0013600,2026-07-02,57.66
C00762,2026-06-02,paid_search,CR,True,O0006577,2026-06-03,23.6
C00068,2025-11-18,organic,MX,True,O0000576,2025-11-19,33.67
C01624,2026-03-20,organic,US,True,O0014152,2026-07-08,49.22
C00623,2025-11-23,paid_social,BR,True,O0005335,2025-11-24,37.02
C01171,2026-05-23,organic,US,True,O0009990,2026-05-24,79.84
C01443,2025-01-25,paid_social,US,True,O0012539,2026-07-24,24.95
C01354,2025-10-18,email,US,True,O0011768,2026-03-20,87.31
C00030,2026-05-25,referral,US,True,O0000256,2026-05-26,146.37
C01121,2024-10-21,organic,US,True,O0009534,2026-04-29,54.36
C01235,2025-10-21,paid_search,MX,True,O0010587,2026-06-06,62.94
C02333,2026-07-25,referral,CR,False,O0020037,2026-07-26,88.27
C00790,2026-03-05,paid_search,US,False,O0006827,2026-03-06,110.0
C02697,2025-01-13,paid_search,MX,True,O0022974,2026-04-15,48.38
C01355,2025-07-30,paid_search,US,True,O0011776,2026-08-21,68.35
C01095,2025-04-14,paid_search,US,True,O0009348,2025-09-06,271.97
C02544,2026-07-06,paid_social,CR,True,O0021769,2026-07-07,161.02
C00972,2026-03-22,organic,US,True,O0008401,2026-08-16,149.98
C01376,2025-06-30,organic,BR,True,O0011921,2026-08-04,40.09
C00493,2024-11-08,organic,US,True,O0004169,2026-01-17,207.76
C02409,2025-08-13,paid_social,US,False,O0020686,2026-02-20,241.96
C02982,2025-07-23,organic,CR,True,O0025165,2026-02-27,53.3
C01431,2025-08-09,paid_search,BR,True,O0012406,2026-05-19,121.43
C02440,2025-03-29,email,MX,True,O0020902,2025-03-30,20.23
C00448,2025-03-03,referral,CR,True,O0003759,2026-05-27,88.14
C01053,2025-05-17,organic,MX,True,O0009006,2026-07-15,27.8
C00048,2025-02-02,paid_social,BR,True,O0000439,2025-05-24,126.79
C00816,2025-06-16,organic,US,True,O0007035,2025-06-17,34.17
C01672,2025-02-25,organic,BR,True,O0014546,2026-03-02,142.59
C02069,2025-06-21,organic,BR,True,O0017866,2026-04-12,111.03
C01341,2026-03-25,paid_search,CR,True,O0011641,2026-03-26,118.04
C00853,2025-09-12,organic,MX,False,O0007332,2026-06-17,189.21
C02942,2026-02-23,paid_search,US,False,O0024823,2026-06-26,26.43
C00944,2026-07-02,paid_search,US,True,O0008146,2026-07-03,109.97
C00498,2025-10-18,paid_social,CR,True,O0004216,2026-08-06,106.88
C00708,2025-08-12,paid_search,BR,False,O0006143,2025-12-24,27.71
C01795,2025-03-17,paid_social,US,True,O0015538,2025-11-11,140.47
C00533,2025-07-14,referral,CR,True,O0004520,2025-08-18,165.75
C00325,2025-09-26,organic,US,True,O0002797,2025-09-27,68.04
C00628,2025-12-18,paid_social,MX,True,O0005383,2025-12-19,73.48
C01727,2026-05-13,organic,US,True,O0014993,2026-05-14,53.83
C02917,2026-02-02,email,US,True,O0024636,2026-07-22,89.78
C00315,2025-12-20,paid_social,US,True,O0002697,2026-04-11,54.9
C01470,2025-07-08,email,BR,True,O0012830,2026-04-18,68.55
C01881,2026-03-26,referral,CR,True,O0016267,2026-03-27,52.3
C00600,2025-08-01,organic,CR,True,O0005094,2025-10-04,50.73
C02155,2025-03-28,organic,MX,True,O0018590,2026-03-08,16.95
C01187,2026-03-18,organic,CR,False,O0010177,2026-03-19,116.14
C02462,2026-03-22,paid_social,BR,True,O0021095,2026-07-22,65.99
C01988,2025-12-21,referral,US,True,O0017177,2025-12-22,29.38
C02363,2025-05-21,paid_social,CR,True,O0020313,2026-07-18,89.88
C00921,2025-10-03,email,BR,True,O0007937,2026-04-13,91.9
C00730,2025-12-29,referral,MX,True,O0006340,2025-12-30,27.0
C01886,2026-03-04,organic,US,True,O0016313,2026-03-05,73.0
C01135,2025-05-29,paid_search,MX,False,O0009663,2026-03-03,49.84
C01286,2025-02-01,paid_search,MX,True,O0011114,2025-12-22,222.64
C02243,2025-04-29,referral,MX,True,O0019303,2026-01-11,119.15
C01310,2025-08-09,paid_search,BR,False,O0011357,2026-06-04,189.01
C02560,2025-12-15,paid_search,BR,True,O0021856,2026-07-10,51.55
C00481,2025-10-03,paid_search,MX,False,O0004107,2026-08-30,168.46
C02401,2026-04-17,paid_search,US,False,O0020606,2026-04-18,90.34
C02109,2025-11-09,referral,US,True,O0018163,2025-11-26,38.89
C00995,2025-10-14,organic,MX,True,O0008568,2026-06-03,83.98
C01917,2025-11-13,referral,MX,True,O0016531,2026-05-02,19.7
C00952,2025-10-13,organic,US,True,O0008236,2025-10-14,55.98
C01932,2025-11-13,paid_social,MX,True,O0016669,2025-11-14,94.34
C02302,2024-12-13,organic,MX,True,O0019793,2026-07-28,30.14
C02844,2025-08-16,organic,US,True,O0024080,2026-01-27,76.33
C01919,2025-07-13,referral,US,True,O0016558,2026-07-18,159.51
C01993,2025-01-09,organic,MX,False,O0017226,2026-02-15,38.6
C02941,2025-01-06,paid_search,US,True,O0024814,2026-06-21,74.89
C01749,2025-04-04,organic,US,True,O0015174,2025-04-05,22.51
C02429,2024-09-13,organic,CR,True,O0020815,2025-06-18,371.06
C01759,2025-07-09,paid_social,BR,True,O0015243,2025-11-29,135.94
C01210,2026-05-22,paid_search,BR,True,O0010403,2026-05-23,82.95
C01912,2026-05-01,email,MX,False,O0016499,2026-06-25,63.57
C00047,2025-05-30,paid_search,US,True,O0000431,2026-01-22,140.76
C01533,2026-07-31,paid_social,BR,True,O0013352,2026-08-01,52.16
C01161,2025-07-04,paid_search,US,True,O0009921,2026-03-18,208.83
C00603,2026-02-08,email,BR,False,O0005115,2026-02-09,137.32
C01695,2025-12-26,referral,US,True,O0014735,2026-05-10,26.89
C00758,2026-07-26,paid_social,CR,True,O0006548,2026-07-27,47.17
C01741,2025-05-18,referral,US,False,O0015114,2026-03-20,86.37
C00025,2026-02-19,paid_social,US,False,O0000212,2026-02-20,149.5
C00124,2025-06-23,paid_search,US,False,O0001046,2026-08-08,82.18
C02845,2024-12-15,organic,US,True,O0024086,2026-06-02,32.25
C01013,2024-11-11,paid_search,MX,True,O0008708,2026-02-22,90.65
C02530,2025-04-10,organic,MX,True,O0021646,2025-11-04,75.62
C02024,2024-12-24,referral,US,False,O0017502,2026-05-04,55.18
C01985,2025-06-16,organic,BR,True,O0017159,2026-06-21,60.18
C01677,2025-07-30,organic,US,True,O0014607,2026-08-18,222.31
C01126,2025-04-19,email,CR,True,O0009569,2026-06-05,79.03
C02468,2025-12-23,paid_search,US,True,O0021149,2025-12-24,69.67
C00140,2026-05-23,paid_social,CR,True,O0001227,2026-05-24,50.17
C00898,2026-01-20,organic,US,True,O0007759,2026-01-21,68.21
C02472,2024-11-08,email,MX,True,O0021178,2026-03-20,108.0
C01048,2026-05-11,referral,US,True,O0008953,2026-05-12,44.19
C00898,2026-01-20,organic,US,True,O0007758,2026-01-21,25.65
C02720,2026-06-28,referral,MX,True,O0023163,2026-06-29,55.16
C00009,2025-01-24,paid_social,BR,True,O0000098,2025-09-28,82.38
C00618,2026-02-15,paid_social,US,False,O0005297,2026-02-16,8.0
C00364,2025-10-23,referral,US,True,O0003100,2026-08-07,72.52
C01819,2025-02-25,referral,CR,True,O0015722,2026-04-19,13.84
C00183,2026-03-11,email,BR,True,O0001546,2026-05-17,59.7
C01245,2025-02-28,organic,US,False,O0010682,2026-07-19,213.31
C02511,2025-11-01,organic,CR,True,O0021499,2026-01-07,138.29
C01399,2025-11-11,organic,US,True,O0012106,2025-12-28,280.8
C01433,2025-04-06,paid_search,US,True,O0012429,2025-11-26,81.0
C01756,2026-06-30,referral,US,True,O0015219,2026-07-01,54.73
C02156,2026-07-17,paid_social,MX,False,O0018617,2026-08-18,79.66
C02189,2026-07-21,paid_social,MX,True,O0018830,2026-07-22,113.88
C00547,2025-06-07,paid_search,MX,False,O0004623,2026-06-06,78.49
C01598,2025-10-15,email,US,False,O0013937,2026-02-26,201.56
C01330,2024-11-07,referral,MX,True,O0011543,2026-06-03,151.7
C00183,2026-03-11,email,BR,True,O0001544,2026-04-01,93.96
C02066,2024-11-01,paid_social,CR,True,O0017840,2024-12-13,59.48
C01518,2024-10-04,organic,MX,False,O0013233,2026-04-28,184.76
C01231,2025-04-19,organic,BR,False,O0010543,2025-10-31,19.92
C01317,2026-06-08,paid_search,MX,True,O0011422,2026-06-09,97.81
C00458,2025-03-10,organic,US,True,O0003860,2026-02-18,140.51
C01971,2026-05-23,paid_social,MX,True,O0017029,2026-05-24,41.73
C00872,2024-11-03,paid_social,US,False,O0007537,2025-08-13,120.12
C02189,2026-07-21,paid_social,MX,True,O0018849,2026-08-23,146.74
C00770,2026-03-03,paid_search,US,False,O0006633,2026-08-20,33.03
C02332,2025-06-15,paid_search,US,True,O0020009,2026-01-03,32.95
C02802,2025-08-20,referral,BR,True,O0023762,2026-06-18,195.23
C01177,2025-08-20,paid_social,BR,False,O0010060,2026-07-12,42.14
C01693,2026-03-22,organic,MX,True,O0014716,2026-03-23,240.96
C02449,2025-08-08,paid_search,MX,True,O0020982,2026-04-21,100.06
C00543,2024-10-18,referral,US,True,O0004585,2025-12-09,87.72
C00537,2025-03-14,paid_social,US,True,O0004541,2026-07-28,61.08
C01269,2026-01-25,referral,US,False,O0010954,2026-07-12,42.1
C02670,2026-02-21,paid_search,US,True,O0022712,2026-02-22,8.0
C00106,2026-06-08,paid_social,US,True,O0000897,2026-06-09,56.55
C00833,2025-08-11,organic,MX,True,O0007167,2026-05-07,42.96
C02906,2025-07-03,email,BR,True,O0024573,2026-02-26,106.19
C02578,2025-09-01,referral,US,True,O0021990,2026-04-11,154.06
C00636,2025-06-18,referral,US,True,O0005456,2025-09-14,191.71
C00311,2025-10-15,email,US,True,O0002666,2026-06-09,134.01
C02046,2025-07-22,referral,US,True,O0017678,2026-02-07,22.68
C02632,2025-10-02,organic,BR,True,O0022397,2026-06-03,126.8
C01250,2024-10-15,email,US,False,O0010728,2026-01-20,47.95
C02674,2025-10-11,paid_social,BR,True,O0022757,2026-04-01,157.02
C01167,2026-03-30,paid_search,US,True,O0009967,2026-04-21,17.23
C00128,2026-07-29,paid_social,MX,True,O0001095,2026-08-16,116.6
C02241,2024-11-04,referral,US,True,O0019278,2025-06-04,139.69
C00448,2025-03-03,referral,CR,True,O0003765,2026-07-19,130.51
C00573,2026-05-16,referral,CR,True,O0004839,2026-05-17,158.57
C01327,2026-06-20,paid_search,CR,True,O0011506,2026-06-21,93.21
C01994,2026-01-28,email,US,False,O0017248,2026-01-29,144.52
C01983,2025-06-01,paid_search,MX,True,O0017146,2026-05-29,165.75
C01492,2025-06-30,paid_social,BR,False,O0012999,2026-01-07,135.29
C00500,2024-10-26,organic,BR,True,O0004230,2026-06-01,49.72
C00459,2025-09-20,referral,US,True,O0003894,2026-06-20,185.78
C00600,2025-08-01,organic,CR,True,O0005101,2026-03-18,144.18
C02294,2024-09-27,paid_social,US,True,O0019740,2026-01-30,157.62
C02783,2026-03-01,paid_social,BR,True,O0023621,2026-04-22,48.42
C02779,2026-01-23,organic,US,True,O0023593,2026-02-15,61.42
C01161,2025-07-04,paid_search,US,True,O0009933,2026-08-14,139.0
C02393,2026-01-18,referral,US,True,O0020569,2026-07-04,72.23
C02681,2025-10-26,email,MX,True,O0022803,2026-06-23,237.15
C01677,2025-07-30,organic,US,True,O0014600,2026-07-13,228.79
C01471,2024-10-17,paid_social,US,False,O0012840,2025-11-17,55.82
C00834,2024-12-29,email,BR,True,O0007180,2026-06-07,88.92
C01708,2025-12-04,paid_search,MX,False,O0014827,2026-08-18,112.55
C00576,2025-08-26,email,US,True,O0004899,2026-07-10,50.66
C00357,2026-01-07,organic,BR,True,O0003035,2026-04-19,51.9
C01683,2026-01-30,referral,BR,True,O0014637,2026-01-31,38.63
C01312,2024-11-16,organic,US,True,O0011377,2026-03-24,19.79
C02150,2024-11-28,email,US,True,O0018565,2025-11-04,98.28
C00071,2026-01-31,referral,US,True,O0000609,2026-02-01,19.65
C02770,2026-03-23,organic,CR,True,O0023512,2026-03-24,92.19
C01710,2025-11-18,email,BR,True,O0014844,2026-02-07,26.37
C01994,2026-01-28,email,US,False,O0017255,2026-04-21,250.26
C01757,2025-06-10,paid_search,US,False,O0015225,2026-03-07,105.92
C01181,2025-02-14,paid_search,BR,False,O0010091,2026-06-23,50.9
C01816,2026-01-23,email,US,False,O0015697,2026-03-31,106.22
C00686,2024-10-01,organic,BR,True,O0005951,2026-07-25,69.62
C01042,2026-05-20,organic,US,False,O0008909,2026-05-21,92.63
C00145,2025-08-29,organic,BR,True,O0001280,2026-07-31,100.96
C00492,2026-05-21,paid_search,US,True,O0004163,2026-05-22,21.37
C01898,2025-02-26,email,CR,False,O0016418,2025-04-19,44.77
C01958,2026-02-07,organic,MX,True,O0016942,2026-04-19,101.07
C02791,2025-12-30,paid_search,CR,True,O0023678,2025-12-31,126.65
C01330,2024-11-07,referral,MX,True,O0011545,2026-07-09,54.37
C00127,2024-10-10,organic,MX,True,O0001078,2025-04-12,22.61
C02526,2025-06-20,referral,CR,False,O0021612,2025-06-21,209.73
C02565,2026-07-01,email,US,True,O0021883,2026-07-02,215.83
C02086,2026-05-28,paid_search,MX,True,O0018022,2026-05-29,81.8
C00987,2025-06-18,paid_search,BR,False,O0008476,2026-02-26,106.42
C02835,2026-02-09,paid_search,US,True,O0024033,2026-02-10,66.54
C00738,2025-02-07,organic,US,True,O0006409,2026-08-12,211.36
C00140,2026-05-23,paid_social,CR,True,O0001236,2026-08-15,120.42
C02287,2024-11-26,paid_social,MX,True,O0019696,2026-08-06,116.04
C01472,2026-03-05,referral,MX,True,O0012851,2026-04-22,85.1
C01442,2024-12-19,paid_social,CR,False,O0012524,2025-10-11,190.76
C00518,2025-12-08,paid_search,US,True,O0004381,2025-12-09,35.27
C00427,2025-06-25,paid_social,BR,True,O0003593,2026-08-22,55.37
C00407,2025-12-21,email,MX,False,O0003481,2025-12-22,83.89
C00989,2025-12-14,organic,MX,False,O0008500,2026-06-09,55.24
C02589,2026-05-03,organic,BR,True,O0022071,2026-08-05,60.08
C02380,2025-09-11,organic,MX,True,O0020466,2026-05-04,77.75
C02694,2026-06-23,referral,MX,False,O0022951,2026-06-24,104.63
C02849,2025-02-19,paid_search,BR,True,O0024112,2025-09-24,39.61
C00537,2025-03-14,paid_social,US,True,O0004542,2026-08-21,101.51
C00566,2025-10-06,referral,US,True,O0004784,2026-02-09,103.44
C00669,2025-02-05,organic,US,True,O0005741,2025-11-02,164.42
C01710,2025-11-18,email,BR,True,O0014841,2025-12-31,124.76
C00199,2025-10-26,organic,US,True,O0001668,2025-10-27,38.89
C01576,2025-10-06,referral,US,False,O0013733,2026-01-04,26.33
C01888,2025-03-24,organic,MX,True,O0016332,2026-06-06,88.2
C00146,2026-05-24,organic,BR,True,O0001284,2026-05-25,16.59
C02864,2026-01-06,organic,US,True,O0024199,2026-01-11,35.47
C00030,2026-05-25,referral,US,True,O0000260,2026-05-26,111.68
C01895,2025-05-10,referral,MX,False,O0016389,2025-05-18,15.98
C00921,2025-10-03,email,BR,True,O0007952,2026-08-23,116.76
C01420,2025-11-06,paid_search,CR,True,O0012315,2025-11-07,39.88
C01429,2024-12-13,paid_social,US,True,O0012393,2026-07-10,198.94
C00724,2026-02-23,organic,BR,True,O0006291,2026-02-24,193.16
C00026,2025-11-08,paid_social,CR,True,O0000227,2025-11-09,67.24
C00353,2024-11-28,paid_search,US,False,O0003015,2026-04-30,140.8
C02611,2026-06-17,organic,CR,True,O0022225,2026-06-18,49.36
C01238,2026-02-17,paid_search,CR,True,O0010624,2026-02-18,134.71
C02368,2026-02-03,paid_search,BR,True,O0020354,2026-07-03,71.82
C02542,2025-04-25,paid_social,US,True,O0021762,2026-05-14,26.98
C00941,2025-04-28,referral,US,False,O0008129,2026-08-24,152.44
C01670,2026-02-22,referral,CR,True,O0014534,2026-08-06,62.83
C00583,2024-12-26,paid_social,US,False,O0004971,2026-07-24,261.62
C02082,2025-08-17,organic,MX,False,O0017990,2026-04-21,31.53
C02218,2025-03-28,paid_search,US,True,O0019091,2026-06-29,137.68
C01942,2026-04-04,paid_search,US,True,O0016790,2026-04-05,104.31
C00647,2025-05-16,email,BR,True,O0005551,2026-01-28,62.4
C01991,2026-01-06,paid_social,US,True,O0017198,2026-01-07,42.43
C00163,2026-03-28,paid_social,US,True,O0001410,2026-03-29,44.1
C00805,2025-03-17,paid_social,US,False,O0006939,2025-11-03,88.44
C01195,2025-09-03,paid_social,US,True,O0010253,2026-04-17,115.52
C00311,2025-10-15,email,US,True,O0002663,2026-04-12,125.75
C00682,2026-04-11,referral,US,True,O0005888,2026-05-26,69.09
C02982,2025-07-23,organic,CR,True,O0025166,2026-04-06,31.4
C01321,2025-02-28,email,US,False,O0011459,2026-05-08,237.5
C01927,2026-03-29,organic,US,True,O0016627,2026-08-01,142.93
C01633,2025-03-13,paid_social,CR,True,O0014210,2026-08-15,28.4
C02525,2025-10-02,email,MX,False,O0021609,2026-04-14,128.4
C01668,2026-03-29,organic,MX,True,O0014504,2026-07-14,102.89
C01367,2026-06-11,paid_social,BR,False,O0011854,2026-08-20,64.81
C01941,2024-09-17,paid_search,BR,True,O0016782,2026-08-04,48.72
C02146,2026-06-29,organic,CR,False,O0018523,2026-08-30,88.17
C02022,2026-06-03,organic,US,True,O0017481,2026-06-04,119.6
C01972,2024-11-21,paid_social,US,True,O0017039,2026-05-13,161.44
C01824,2024-11-19,email,US,True,O0015781,2026-06-19,62.83
C01921,2026-01-17,referral,BR,True,O0016575,2026-05-28,127.47
C01800,2025-02-09,paid_search,US,True,O0015578,2025-04-08,44.57
C00367,2025-05-09,organic,CR,False,O0003131,2026-03-28,90.44
C01722,2026-02-16,organic,BR,True,O0014951,2026-04-22,21.16
C01648,2024-12-16,paid_social,US,False,O0014317,2026-07-24,26.42
C01789,2024-10-09,referral,MX,True,O0015498,2026-06-27,57.97
C02320,2026-03-20,paid_social,US,True,O0019927,2026-04-26,155.63
C01942,2026-04-04,paid_search,US,True,O0016795,2026-04-05,146.17
C02226,2025-04-09,organic,BR,True,O0019154,2025-07-19,83.52
C01203,2026-06-13,email,US,True,O0010322,2026-06-14,18.64
C00404,2026-02-17,organic,CR,True,O0003453,2026-05-01,30.35
C02577,2025-05-23,email,MX,True,O0021982,2026-05-11,80.13
C00525,2025-10-01,paid_search,US,False,O0004441,2026-05-04,27.13
C01984,2025-03-31,email,US,True,O0017157,2026-08-13,219.6
C02369,2025-10-10,paid_social,US,True,O0020361,2026-02-07,184.85
C02846,2025-04-09,email,US,True,O0024090,2025-11-14,43.5
C01652,2024-11-07,paid_search,US,True,O0014364,2026-06-13,54.32
C00162,2025-06-23,paid_search,BR,True,O0001396,2026-01-02,150.62
C01933,2025-03-21,organic,BR,True,O0016684,2026-05-17,147.47
C01156,2026-04-07,paid_search,US,True,O0009878,2026-04-08,113.15
C01182,2024-12-29,paid_social,US,True,O0010104,2025-12-27,20.6
C02878,2026-03-20,organic,BR,True,O0024338,2026-03-21,68.54
C01002,2025-02-11,organic,BR,True,O0008604,2026-02-25,57.06
C00531,2025-12-20,email,BR,True,O0004496,2026-04-19,102.07
C01183,2026-01-10,paid_social,US,True,O0010117,2026-05-18,28.38
C02338,2024-11-07,email,US,True,O0020104,2026-03-23,34.27
C02012,2024-12-12,paid_social,BR,True,O0017402,2026-08-11,146.61
C00001,2026-06-06,paid_social,BR,True,O0000006,2026-06-07,44.46
C01883,2025-05-17,referral,BR,True,O0016301,2026-02-10,97.09
C01956,2025-11-17,organic,US,False,O0016923,2026-03-11,112.26
C00991,2025-01-05,paid_search,CR,False,O0008515,2026-02-23,207.79
C02889,2025-11-16,paid_search,BR,False,O0024416,2025-11-17,26.61
C00877,2025-01-25,organic,BR,False,O0007593,2026-04-13,79.77
C02251,2025-01-08,paid_social,US,True,O0019383,2026-07-24,211.06
C02483,2025-12-29,organic,US,True,O0021265,2026-07-29,89.15
C01583,2024-12-23,organic,BR,True,O0013790,2025-12-24,149.7
C01090,2026-05-02,email,CR,True,O0009318,2026-07-24,334.75
C01849,2025-03-13,organic,MX,True,O0015976,2026-05-05,110.33
C01423,2025-06-19,paid_search,US,True,O0012337,2026-03-28,58.37
C00467,2025-05-28,email,BR,True,O0003979,2026-07-05,83.57
C00943,2024-10-09,organic,MX,True,O0008140,2025-04-26,53.6
C00859,2026-02-13,paid_search,US,False,O0007416,2026-07-27,117.33
C01234,2025-03-19,referral,CR,True,O0010573,2025-12-24,24.73
C01941,2024-09-17,paid_search,BR,True,O0016780,2026-07-25,140.11
C02012,2024-12-12,paid_social,BR,True,O0017396,2026-07-02,49.27
C01518,2024-10-04,organic,MX,False,O0013225,2025-05-19,64.99
C01598,2025-10-15,email,US,False,O0013936,2026-01-30,62.35
C02568,2026-02-25,referral,MX,False,O0021916,2026-08-27,47.8
C00961,2026-06-01,organic,BR,True,O0008293,2026-07-02,129.13
C01291,2025-07-29,paid_social,MX,True,O0011176,2025-08-08,41.33
C01655,2025-10-12,referral,US,True,O0014389,2026-01-08,133.43
C02767,2025-04-28,organic,BR,True,O0023482,2025-12-17,178.67
C00945,2026-04-29,organic,MX,True,O0008162,2026-04-30,68.37
C01892,2026-03-14,email,US,True,O0016364,2026-03-15,22.34
C01730,2025-03-08,paid_social,US,True,O0015021,2025-10-23,104.21
C00913,2025-09-07,organic,BR,True,O0007866,2025-09-08,78.75
C01398,2025-04-06,paid_search,MX,True,O0012100,2026-05-08,93.21
C00667,2026-03-08,organic,CR,True,O0005728,2026-03-09,173.46
C02669,2026-07-05,paid_search,BR,True,O0022708,2026-07-06,101.95
C02175,2025-04-22,email,BR,True,O0018729,2026-01-16,36.36
C00874,2025-07-08,referral,CR,True,O0007559,2026-04-23,54.07
C00215,2024-09-28,email,MX,False,O0001782,2025-11-24,28.82
C02216,2025-06-23,organic,US,True,O0019081,2026-03-01,158.19
C01193,2026-05-10,paid_social,BR,True,O0010233,2026-05-11,130.63
C01576,2025-10-06,referral,US,False,O0013729,2025-11-04,64.24
C02948,2026-02-13,organic,US,False,O0024892,2026-06-21,185.06
C01390,2026-04-27,paid_social,BR,False,O0012015,2026-04-28,43.72
C01866,2025-12-07,organic,CR,True,O0016135,2026-08-29,51.08
C02569,2025-11-07,paid_search,US,True,O0021918,2025-11-08,120.41
C02905,2025-09-08,paid_search,BR,True,O0024553,2026-03-04,91.87
C00246,2025-09-27,organic,US,True,O0002076,2026-08-01,235.35
C01250,2024-10-15,email,US,False,O0010730,2026-04-02,36.12
C01362,2026-04-15,organic,MX,True,O0011821,2026-08-21,25.66
C01053,2025-05-17,organic,MX,True,O0009003,2026-05-03,103.73
C00543,2024-10-18,referral,US,True,O0004591,2026-04-02,9.48
C00266,2025-01-17,organic,US,False,O0002283,2026-06-04,78.32
C02339,2024-09-26,referral,US,False,O0020113,2026-06-01,109.49
C00459,2025-09-20,referral,US,True,O0003893,2026-06-19,271.96
C02462,2026-03-22,paid_social,BR,True,O0021096,2026-07-24,50.11
C01428,2025-06-22,email,BR,False,O0012376,2026-05-06,92.43
C02482,2025-07-23,organic,BR,False,O0021248,2026-08-08,120.71
C00120,2024-10-11,paid_social,MX,True,O0000987,2026-02-06,106.91
C02079,2024-10-19,paid_social,CR,True,O0017965,2025-05-12,96.99
C00136,2025-05-31,paid_social,BR,True,O0001186,2026-08-22,138.5
C02368,2026-02-03,paid_search,BR,True,O0020357,2026-08-07,40.47
C00954,2024-12-30,organic,US,True,O0008242,2025-04-17,153.88
C02249,2024-10-24,paid_social,US,True,O0019369,2026-08-19,19.32
C01395,2026-03-24,paid_search,BR,False,O0012062,2026-03-25,19.8
C00193,2025-03-20,email,US,True,O0001619,2026-07-12,158.94
C01687,2026-01-15,paid_social,US,True,O0014677,2026-01-16,38.15
C00691,2025-12-01,organic,US,True,O0006034,2026-07-08,22.31
C00294,2025-03-31,organic,CR,True,O0002546,2025-10-04,108.21
C02991,2025-12-07,organic,MX,True,O0025217,2026-03-23,233.94
C01269,2026-01-25,referral,US,False,O0010952,2026-06-05,46.45
C00931,2026-03-31,paid_social,US,True,O0008050,2026-05-08,51.8
C02141,2024-10-13,organic,BR,True,O0018472,2024-10-14,73.77
C00516,2026-04-24,paid_search,MX,True,O0004353,2026-04-25,191.31
C02534,2024-12-24,paid_search,MX,True,O0021709,2026-08-25,55.8
C01621,2025-07-19,paid_search,US,True,O0014136,2026-03-11,200.41
C01268,2024-10-02,email,US,True,O0010931,2025-06-21,198.75
C01241,2024-12-20,email,MX,True,O0010649,2026-07-29,127.45
C01890,2026-02-25,paid_search,CR,False,O0016351,2026-02-26,197.95
C01586,2025-04-28,paid_search,MX,True,O0013837,2026-08-06,190.55
C01634,2026-06-18,organic,BR,True,O0014223,2026-08-23,50.7
C00031,2025-12-01,,US,False,O0000290,2026-05-31,78.16
C00786,2026-05-18,organic,US,True,O0006790,2026-08-11,30.26
C02011,2025-11-09,email,US,True,O0017387,2026-04-25,146.04
C02944,2024-12-30,email,US,True,O0024840,2025-12-15,168.47
C02307,2025-08-10,paid_search,MX,False,O0019826,2026-02-16,62.95
C00003,2024-10-07,referral,BR,True,O0000037,2026-08-02,53.9
C01511,2025-10-21,organic,MX,True,O0013168,2025-10-22,177.34
C00140,2026-05-23,paid_social,CR,True,O0001231,2026-06-10,105.04
C02308,2025-12-26,paid_social,BR,False,O0019842,2025-12-27,69.5
C01385,2025-08-07,organic,US,False,O0011983,2025-11-21,104.26
C01336,2026-01-21,organic,BR,False,O0011611,2026-04-08,289.09
C02636,2026-06-09,organic,CR,True,O0022449,2026-06-10,316.37
C02353,2025-09-22,referral,MX,True,O0020253,2026-02-16,34.94
C01490,2025-08-18,paid_social,US,False,O0012994,2026-05-30,99.33
C01972,2024-11-21,paid_social,US,True,O0017042,2026-05-29,98.48
C01453,2024-10-12,referral,MX,True,O0012647,2025-01-07,55.19
C01233,2026-04-16,paid_search,CR,True,O0010567,2026-05-29,39.02
C01688,2024-11-08,organic,MX,True,O0014685,2025-11-09,21.73
C02035,2026-06-11,organic,MX,True,O0017604,2026-06-12,59.92
C01568,2025-04-30,email,MX,True,O0013665,2025-06-01,9.91
C00973,2025-06-04,organic,CR,True,O0008412,2025-08-12,35.5
C02078,2024-11-30,paid_social,CR,True,O0017940,2026-04-29,160.81
C00677,2025-01-11,paid_social,MX,True,O0005841,2026-04-27,132.35
C02026,2024-11-11,paid_search,CR,True,O0017517,2026-05-14,212.91
C00035,2024-10-07,paid_social,CR,True,O0000345,2025-09-22,185.8
C00508,2025-02-12,organic,MX,False,O0004289,2026-06-27,88.87
C00734,2025-02-21,email,US,True,O0006362,2026-04-28,26.24
C00738,2025-02-07,organic,US,True,O0006403,2026-07-05,79.91
C02304,2024-12-28,organic,MX,True,O0019803,2025-07-15,138.81
C01899,2026-03-30,paid_search,CR,True,O0016425,2026-03-31,56.98
C01408,2026-03-14,referral,US,True,O0012202,2026-03-15,101.24
C02119,2025-12-07,referral,MX,True,O0018258,2025-12-08,164.13
C00929,2024-12-09,email,BR,True,O0008040,2026-05-29,68.43
C00837,2025-05-29,organic,BR,True,O0007206,2026-05-25,22.14
C00273,2025-04-20,referral,MX,True,O0002365,2026-07-16,139.25
C00262,2026-05-05,paid_search,US,True,O0002241,2026-08-11,87.11
C02340,2025-05-02,organic,MX,True,O0020127,2026-07-26,42.98
C01767,2024-12-17,paid_social,MX,True,O0015304,2025-07-21,56.02
C00006,2025-01-22,paid_social,CR,True,O0000066,2026-05-05,191.05
C01642,2026-03-10,paid_search,CR,False,O0014276,2026-06-17,137.84
C01932,2025-11-13,paid_social,MX,True,O0016668,2025-11-14,15.95
C00540,2026-05-26,paid_social,BR,True,O0004568,2026-06-23,111.39
C01091,2026-03-09,organic,US,True,O0009327,2026-03-10,60.92
C01726,2025-04-25,paid_social,US,True,O0014975,2026-03-20,109.26
C00564,2025-01-26,referral,US,True,O0004763,2026-08-08,117.7
C02082,2025-08-17,organic,MX,False,O0017989,2026-04-04,24.34
C02663,2025-12-30,organic,BR,True,O0022662,2026-01-21,50.1
C00977,2026-04-11,paid_social,CR,True,O0008421,2026-08-27,76.0
C02809,2026-06-16,paid_search,MX,True,O0023819,2026-08-27,172.65
C00055,2026-04-02,paid_social,US,True,O0000510,2026-04-03,84.85
C00772,2025-09-20,paid_social,BR,True,O0006639,2025-10-16,85.6
C01848,2025-12-14,referral,MX,True,O0015968,2026-07-25,61.75
C00959,2025-11-29,organic,BR,True,O0008278,2025-11-30,36.03
C00369,2025-05-02,paid_search,BR,False,O0003136,2025-05-03,25.26
C00022,2026-05-16,referral,MX,True,O0000195,2026-05-17,15.09
C01503,2026-07-31,email,US,False,O0013101,2026-08-01,166.15
C02448,2026-05-03,paid_social,BR,True,O0020968,2026-05-04,237.42
C01103,2025-02-06,paid_search,BR,True,O0009395,2025-10-25,194.2
C01423,2025-06-19,paid_search,US,True,O0012331,2025-11-27,214.58
C01671,2025-10-31,email,MX,True,O0014539,2025-11-01,87.96
C00749,2026-05-19,paid_search,US,True,O0006490,2026-08-28,124.96
C02680,2024-12-30,paid_search,US,False,O0022791,2026-08-08,97.52
C02944,2024-12-30,email,US,True,O0024838,2025-09-16,147.14
C00209,2024-12-08,organic,MX,True,O0001737,2026-08-12,119.04
C01304,2026-01-13,referral,BR,False,O0011286,2026-01-14,81.0
C00193,2025-03-20,email,US,True,O0001616,2026-06-23,87.13
C00720,2025-06-06,paid_search,US,True,O0006260,2025-06-07,28.74
C02284,2025-02-28,organic,US,True,O0019670,2025-10-31,126.58
C02527,2024-09-23,organic,CR,False,O0021622,2026-06-23,50.16
C02052,2025-02-02,organic,US,True,O0017746,2026-03-18,14.88
C00001,2026-06-06,paid_social,BR,True,O0000008,2026-06-07,250.53
C02403,2026-03-02,referral,BR,True,O0020634,2026-08-11,181.96
C01222,2025-11-20,organic,CR,True,O0010475,2026-03-28,56.57
C02389,2025-05-26,,US,True,O0020536,2026-01-23,99.0
C01753,2025-01-19,paid_search,BR,True,O0015202,2026-08-11,133.44
C02583,2025-10-26,paid_social,CR,True,O0022017,2026-08-29,32.17
C02356,2024-10-14,referral,US,True,O0020276,2026-06-11,33.37
C00028,2025-05-17,referral,BR,True,O0000243,2025-11-28,72.73
C02690,2025-12-17,paid_social,US,True,O0022901,2026-05-05,46.94
C01249,2025-01-19,paid_search,MX,True,O0010717,2026-06-05,177.29
C01788,2025-08-02,email,US,False,O0015484,2025-09-10,22.17
C01836,2024-11-20,organic,US,True,O0015873,2026-01-25,85.42
C01572,2026-05-03,organic,MX,False,O0013693,2026-05-04,83.45
C01642,2026-03-10,paid_search,CR,False,O0014277,2026-07-01,175.23
C02220,2026-05-01,referral,BR,True,O0019108,2026-05-02,118.6
C00036,2026-07-14,organic,US,True,O0000358,2026-07-15,188.01
C02403,2026-03-02,referral,BR,True,O0020637,2026-08-22,132.86
C00451,2024-10-04,organic,US,True,O0003797,2026-07-25,30.56
C00284,2026-07-18,paid_search,US,True,O0002460,2026-07-19,156.69
C00654,2024-12-28,paid_social,US,True,O0005610,2026-08-17,34.98
C00221,2025-10-13,paid_social,CR,False,O0001839,2026-08-01,109.59
C01537,2025-10-30,referral,BR,True,O0013383,2025-11-07,67.05
C02938,2025-11-05,email,US,False,O0024779,2026-01-24,82.68
C00582,2025-12-02,paid_social,US,True,O0004937,2026-05-08,122.06
C02690,2025-12-17,paid_social,US,True,O0022904,2026-06-08,27.04
C00443,2025-01-15,email,US,True,O0003722,2026-06-30,177.98
C00461,2025-10-18,referral,MX,True,O0003916,2026-07-06,164.41
C01334,2026-06-03,paid_social,US,True,O0011575,2026-06-04,123.5
C01036,2025-03-31,referral,MX,True,O0008860,2025-08-25,69.83
C01722,2026-02-16,organic,BR,True,O0014953,2026-06-15,102.64
C01180,2025-10-11,referral,US,False,O0010074,2026-02-07,35.2
C01760,2025-08-02,organic,MX,True,O0015264,2026-06-11,195.81
C02310,2025-12-02,organic,BR,False,O0019857,2026-01-07,30.68
C00378,2026-01-10,paid_search,US,True,O0003227,2026-01-11,68.64
C00087,2026-07-16,paid_social,BR,True,O0000740,2026-07-17,21.24
C00662,2025-10-02,referral,CR,False,O0005683,2026-06-26,66.42
C02444,2025-03-02,organic,BR,True,O0020935,2025-04-22,260.66
C02488,2025-08-22,organic,BR,False,O0021294,2025-08-23,29.24
C02331,2025-07-29,email,US,False,O0020005,2025-07-30,8.0
C01938,2025-03-11,organic,US,True,O0016748,2026-04-17,183.22
C01181,2025-02-14,paid_search,BR,False,O0010096,2026-07-24,96.98
C00879,2025-01-21,email,BR,True,O0007616,2026-08-22,96.55
C02074,2025-04-17,referral,CR,True,O0017891,2026-04-20,120.69
C00458,2025-03-10,organic,US,True,O0003863,2026-06-02,146.28
C01737,2025-07-01,organic,US,True,O0015083,2025-10-26,215.0
C00667,2026-03-08,organic,CR,True,O0005732,2026-08-13,87.39
C00127,2024-10-10,organic,MX,True,O0001082,2025-08-22,116.05
C01008,2026-01-26,paid_social,CR,True,O0008654,2026-01-27,82.97
C02204,2025-10-06,paid_search,US,False,O0018969,2025-11-28,76.13
C00786,2026-05-18,organic,US,True,O0006788,2026-05-19,39.94
C02128,2025-02-28,email,US,True,O0018369,2026-07-25,186.2
C02547,2025-12-01,email,US,True,O0021795,2026-02-16,240.96
C01937,2024-11-06,organic,US,True,O0016735,2026-06-28,30.59
C02914,2024-12-04,email,CR,True,O0024603,2025-12-29,33.97
C02829,2025-02-18,referral,BR,True,O0023993,2025-11-21,151.02
C02814,2026-04-29,paid_search,CR,True,O0023857,2026-04-30,98.7
C02650,2025-11-02,organic,US,True,O0022566,2026-01-06,121.7
C01553,2025-04-08,email,US,True,O0013517,2026-06-13,123.67
C01460,2025-08-23,email,US,True,O0012717,2025-12-22,57.1
C02618,2024-09-23,paid_social,US,True,O0022306,2026-06-01,26.81
C02569,2025-11-07,paid_search,US,True,O0021925,2026-02-09,106.64
C01814,2025-10-27,organic,BR,True,O0015671,2026-07-17,84.53
C02424,2025-11-17,organic,BR,True,O0020778,2026-04-07,258.42
C00540,2026-05-26,paid_social,BR,True,O0004573,2026-08-16,55.0
C02966,2026-03-08,organic,US,False,O0025047,2026-08-20,16.83
C02259,2026-06-27,organic,US,True,O0019451,2026-08-28,59.68
C02408,2026-01-27,organic,BR,True,O0020678,2026-01-28,52.84
C02024,2024-12-24,referral,US,False,O0017504,2026-08-19,25.68
C00967,2026-04-03,paid_social,CR,False,O0008345,2026-08-27,144.95
C01510,2025-11-17,organic,BR,True,O0013164,2026-05-19,75.37
C00005,2025-10-11,paid_search,US,True,O0000053,2026-04-15,148.4
C02599,2025-02-27,paid_search,BR,False,O0022135,2025-10-28,71.32
C01351,2025-08-15,email,MX,True,O0011753,2026-08-20,58.43
C02453,2025-12-31,paid_search,US,True,O0021003,2026-02-10,200.16
C02636,2026-06-09,organic,CR,True,O0022451,2026-06-18,51.18
C00946,2025-01-08,paid_social,US,True,O0008178,2025-04-28,176.64
C00897,2025-03-26,referral,US,False,O0007748,2026-06-17,104.83
C00550,2024-10-29,email,MX,True,O0004659,2025-07-30,228.6
C00457,2025-09-14,referral,US,True,O0003849,2025-09-15,75.53
C00936,2026-07-29,paid_social,MX,True,O0008087,2026-07-30,70.63
C02947,2025-06-23,paid_search,CR,True,O0024880,2026-08-21,25.97
C02007,2024-11-24,organic,US,True,O0017366,2026-01-12,40.16
C00032,2026-03-12,organic,MX,False,O0000308,2026-07-28,53.9
C00596,2026-06-01,paid_social,BR,True,O0005068,2026-06-02,86.02
C00952,2025-10-13,organic,US,True,O0008237,2025-10-14,33.28
C00801,2024-12-04,email,BR,True,O0006909,2025-11-21,141.7
C01071,2026-02-11,organic,CR,True,O0009160,2026-04-13,94.47
C02914,2024-12-04,email,CR,True,O0024607,2026-03-21,63.32
C00534,2026-07-02,organic,US,False,O0004533,2026-07-03,43.69
C00858,2025-02-08,paid_search,BR,True,O0007398,2026-07-26,95.87
C01086,2025-09-02,organic,BR,True,O0009277,2026-03-30,59.91
C00309,2024-11-25,organic,BR,True,O0002654,2026-02-08,114.18
C02692,2026-02-06,email,MX,True,O0022936,2026-08-08,33.19
C00942,2026-04-09,paid_social,MX,True,O0008136,2026-08-18,25.16
C02559,2024-11-01,paid_search,US,True,O0021851,2025-09-20,70.43
C02022,2026-06-03,organic,US,True,O0017482,2026-06-04,281.15
C00611,2024-12-19,organic,US,False,O0005247,2026-08-10,27.1
C02177,2026-05-05,organic,US,True,O0018745,2026-05-13,8.0
C01343,2026-02-26,organic,US,True,O0011652,2026-02-27,95.59
C02825,2025-08-14,organic,US,True,O0023951,2026-01-07,52.37
C02453,2025-12-31,paid_search,US,True,O0021005,2026-04-10,86.27
C02606,2025-04-06,paid_social,CR,False,O0022186,2025-08-18,46.15
C02586,2025-01-11,paid_search,US,False,O0022043,2026-08-16,194.73
C01563,2026-03-30,paid_search,US,True,O0013630,2026-03-31,111.32
C02422,2025-11-17,paid_search,US,True,O0020766,2026-05-11,102.14
C00116,2026-03-19,paid_search,US,True,O0000973,2026-05-27,23.55
C02039,2026-03-25,organic,MX,True,O0017627,2026-05-22,73.63
C00547,2025-06-07,paid_search,MX,False,O0004629,2026-08-19,198.97
C01785,2025-11-21,organic,BR,True,O0015469,2025-11-22,263.04
C01145,2024-11-25,organic,BR,True,O0009763,2026-04-06,160.28
C02366,2025-07-09,paid_social,MX,True,O0020331,2025-07-10,37.16
C02742,2025-05-17,paid_search,US,True,O0023311,2025-06-07,66.59
C00239,2025-12-17,organic,MX,True,O0002020,2025-12-18,66.12
C01394,2024-12-23,organic,US,True,O0012053,2026-04-27,30.93
C00116,2026-03-19,paid_search,US,True,O0000974,2026-06-18,45.38
C02794,2025-04-27,paid_social,BR,True,O0023713,2025-12-21,18.34
C01089,2026-07-18,referral,US,True,O0009303,2026-07-19,79.52
C00927,2024-12-07,referral,BR,True,O0008023,2026-03-17,13.81
C01508,2025-09-11,organic,MX,True,O0013142,2026-06-02,203.65
C01814,2025-10-27,organic,BR,True,O0015673,2026-07-26,62.06
C00286,2025-02-10,paid_search,US,True,O0002488,2026-05-10,66.92
C01144,2024-11-26,referral,BR,True,O0009755,2025-08-04,154.26
C00808,2024-12-21,paid_social,US,True,O0006962,2025-11-28,26.69
C01991,2026-01-06,paid_social,US,True,O0017211,2026-06-27,173.04
C02019,2026-02-26,organic,US,False,O0017462,2026-02-27,44.3
C01242,2024-10-16,paid_search,CR,True,O0010659,2026-07-09,229.6
C00345,2024-11-13,organic,CR,True,O0002952,2026-02-13,106.67
C02126,2024-10-22,referral,US,True,O0018341,2026-08-20,113.27
C02780,2025-02-23,paid_search,US,True,O0023600,2026-01-17,94.89
C01287,2025-09-10,organic,US,True,O0011125,2026-08-03,38.92
C01615,2025-12-01,email,US,True,O0014073,2026-07-04,96.9
C00426,2025-01-13,organic,US,True,O0003589,2026-06-25,108.87
C01953,2025-09-27,paid_search,MX,True,O0016894,2025-09-28,59.42
C00189,2025-08-27,paid_search,MX,True,O0001572,2026-03-03,46.42
C00897,2025-03-26,referral,US,False,O0007752,2026-07-13,196.85
C02959,2025-02-01,referral,US,True,O0024993,2026-08-05,201.49
C00039,2024-11-11,referral,BR,True,O0000381,2025-08-10,119.02
C02098,2025-11-11,organic,CR,True,O0018113,2026-08-21,201.2
C00009,2025-01-24,paid_social,BR,True,O0000105,2026-05-29,132.79
C02991,2025-12-07,organic,MX,True,O0025228,2026-06-28,282.48
C01725,2025-08-02,organic,MX,True,O0014967,2025-08-03,15.03
C01138,2025-10-11,paid_search,MX,False,O0009698,2026-06-13,31.99
C02786,2026-05-04,email,US,True,O0023640,2026-05-05,24.68
C02673,2025-11-14,paid_search,US,False,O0022734,2026-02-23,74.88
C02563,2025-08-18,paid_search,BR,True,O0021873,2026-04-01,108.52
C01875,2026-07-26,email,MX,True,O0016210,2026-07-27,126.62
C00580,2026-07-19,referral,MX,True,O0004918,2026-07-20,55.18
