merchant_id,as_of_date,country,industry,tenure_months,account_status,kyc_status,risk_tier,profitability_tier,monthly_payment_volume_usd,transaction_count_30d,avg_settlement_delay_hours,payout_failure_rate_90d,support_contacts_90d,mobile_app_active,instant_settlement_enabled,contacted_last_30d
LS013869,2026-08-01,BR,Travel,53,Paused,Verified,Low,Medium,19448.04,190,35.4,0.0097,0,1,1,0
LS045204,2026-08-01,MX,Retail,42,Active,Verified,Low,High,2183.14,23,33.0,0.0092,1,1,0,0
LS025730,2026-08-01,BR,Professional services,33,Active,Verified,Low,Low,1502.11,14,25.1,0.0223,0,1,0,0
LS055983,2026-08-01,US,Travel,23,Active,Verified,Low,Medium,18203.86,474,5.6,0.0,0,1,1,0
LS016471,2026-08-01,MX,Professional services,28,Active,Verified,Medium,Low,18730.0,289,36.9,0.016,2,1,0,0
LS024132,2026-08-01,BR,Retail,32,Active,Verified,Low,Medium,39511.4,489,37.9,0.0302,1,0,0,0
LS020909,2026-08-01,US,Travel,24,Active,Verified,Low,High,28870.55,261,40.4,0.0152,1,1,0,1
LS019116,2026-08-01,US,Retail,23,Active,Verified,Low,Medium,36636.28,319,27.2,0.0038,0,1,0,0
LS055487,2026-08-01,CR,Professional services,19,Active,Verified,Low,Medium,18016.33,232,11.9,0.0,1,0,1,0
LS013833,2026-08-01,US,Retail,66,Active,Verified,Low,High,1440.25,11,14.0,0.0208,1,1,0,0
LS038370,2026-08-01,US,Retail,2,Active,Verified,Low,Medium,14749.75,163,22.3,0.0049,1,1,1,0
LS049798,2026-08-01,BR,Retail,11,Paused,Verified,High,Medium,10810.56,187,34.9,0.0103,1,1,0,0
LS003020,2026-08-01,US,Retail,24,Active,Verified,Low,High,19622.06,715,40.5,0.0224,0,0,0,0
LS023252,2026-08-01,MX,Professional services,19,Active,Verified,Low,Low,22819.28,324,21.1,0.0047,0,1,0,0
LS029189,2026-08-01,BR,Retail,39,Active,Verified,Low,Medium,9797.68,152,18.3,0.0057,1,0,0,1
LS034862,2026-08-01,MX,Professional services,68,Active,Verified,Low,Low,13845.9,254,33.8,0.0107,2,1,0,0
LS036625,2026-08-01,CR,Food & beverage,42,Paused,Verified,High,Low,27650.66,779,21.5,0.0165,0,1,0,0
LS034058,2026-08-01,MX,Retail,34,Active,Verified,Low,Low,18458.77,239,34.1,0.009,1,1,0,0
LS006730,2026-08-01,BR,Digital goods,44,Active,Verified,Low,Medium,4565.96,76,24.0,0.0,0,1,0,0
LS056322,2026-08-01,BR,Food & beverage,6,Active,Verified,Low,High,6297.73,101,29.6,0.0126,1,0,0,0
LS039918,2026-08-01,MX,Food & beverage,51,Active,Verified,Low,Medium,40578.55,538,17.9,0.0142,0,1,0,0
LS032162,2026-08-01,BR,Professional services,28,Active,Verified,High,Medium,6297.51,95,34.6,0.021,0,1,0,0
LS009928,2026-08-01,BR,Travel,11,Active,Verified,Medium,Medium,2959.76,45,52.7,0.0089,0,1,0,0
LS001404,2026-08-01,US,Food & beverage,39,Active,Expired,Low,Medium,9001.74,134,15.3,0.0033,0,1,0,0
LS038090,2026-08-01,BR,Food & beverage,33,Active,Verified,Low,Medium,4185.97,40,40.3,0.022,0,1,0,0
LS002595,2026-08-01,BR,Retail,38,Active,Pending,Low,Medium,20011.18,288,39.5,0.0149,0,1,1,0
LS031880,2026-08-01,US,Digital goods,36,Active,Verified,Medium,Medium,4843.66,83,27.8,0.0067,2,1,0,0
LS042677,2026-08-01,MX,Travel,20,Active,Verified,Low,High,2827.39,42,24.9,0.0048,1,1,0,0
LS002434,2026-08-01,US,Professional services,61,Active,Verified,High,Medium,36443.39,423,33.6,0.0162,0,1,0,0
LS000656,2026-08-01,US,Digital goods,19,Active,Verified,Low,High,6103.87,52,56.6,0.0235,1,1,1,0
LS009465,2026-08-01,US,Digital goods,17,Active,Verified,Low,Medium,12667.85,260,34.2,0.0169,1,1,1,0
LS027345,2026-08-01,US,Retail,53,Active,Verified,Medium,Medium,7579.34,67,14.0,0.0,1,1,0,0
LS016263,2026-08-01,BR,Retail,33,Active,Verified,Medium,Medium,7381.4,53,27.7,0.0168,2,0,0,0
LS020243,2026-08-01,US,Retail,23,Active,Verified,Low,High,8794.45,253,21.2,0.0219,0,0,0,0
LS041846,2026-08-01,US,Food & beverage,14,Active,Verified,High,High,4949.62,42,22.6,0.0176,0,1,0,0
LS025151,2026-08-01,MX,Retail,24,Active,Verified,Low,Medium,5098.3,51,30.3,0.0225,2,1,0,0
LS048274,2026-08-01,BR,Professional services,13,Active,Verified,Medium,Low,11352.33,229,65.9,0.0318,1,1,0,0
LS051118,2026-08-01,US,Professional services,59,Paused,Verified,High,Medium,23121.07,186,61.6,0.0325,1,1,1,0
LS043245,2026-08-01,US,Retail,10,Active,Pending,Medium,Medium,7778.35,160,18.1,0.0,1,0,0,0
LS045625,2026-08-01,BR,Food & beverage,16,Active,Verified,Low,Medium,12164.99,145,49.8,0.0282,0,1,0,0
LS029274,2026-08-01,CR,Food & beverage,78,Active,Verified,High,High,152160.86,3626,41.3,0.0321,2,1,1,1
LS021337,2026-08-01,US,Food & beverage,36,Active,Verified,Low,Medium,3997.19,80,4.0,0.0008,0,0,0,0
LS012523,2026-08-01,US,Professional services,67,Active,Verified,Low,Low,3713.86,40,16.7,0.0036,0,0,0,0
LS004409,2026-08-01,CR,Retail,53,Active,Verified,Medium,Medium,36686.81,626,26.6,0.0225,0,1,1,0
LS006508,2026-08-01,MX,Travel,5,Active,Verified,Low,Medium,10134.03,169,25.8,0.0331,0,1,0,0
LS024164,2026-08-01,US,Retail,30,Active,Pending,Low,Low,5022.75,67,4.0,0.0,1,0,0,0
LS030832,2026-08-01,US,Food & beverage,28,Paused,Pending,High,High,17520.35,271,25.6,0.0081,0,1,0,0
LS050349,2026-08-01,CR,Professional services,25,Active,Pending,Medium,Medium,40121.57,731,4.0,0.0,1,1,0,0
LS028595,2026-08-01,US,Food & beverage,9,Active,Verified,Low,Medium,2756.61,47,31.2,0.0,0,0,0,0
LS027183,2026-08-01,MX,Professional services,29,Active,Verified,Low,Low,43324.45,511,8.5,0.0046,0,1,1,0
LS032614,2026-08-01,US,Food & beverage,25,Active,Verified,Medium,High,12414.44,399,25.8,0.0,0,1,0,1
LS020401,2026-08-01,CR,Travel,10,Active,Pending,Low,Medium,4872.22,115,25.7,0.0249,2,1,0,1
LS011538,2026-08-01,BR,Retail,31,Active,Verified,Medium,Low,6785.52,111,12.6,0.0148,1,0,0,0
LS004599,2026-08-01,MX,Professional services,43,Active,Verified,Low,Low,9475.34,106,39.2,0.0291,1,0,0,0
LS055400,2026-08-01,CR,Retail,21,Active,Verified,Low,Low,39873.73,413,34.8,0.0221,2,1,0,0
LS043406,2026-08-01,BR,Retail,20,Active,Expired,Low,Medium,19746.88,172,39.5,0.0079,1,1,1,0
LS007838,2026-08-01,MX,Food & beverage,24,Paused,Verified,Medium,Medium,14813.33,233,41.5,0.0175,1,1,0,0
LS027682,2026-08-01,MX,Food & beverage,23,Active,Verified,Medium,Medium,16948.67,317,32.7,0.0152,0,1,0,0
LS003647,2026-08-01,US,Food & beverage,8,Active,Verified,Low,High,16399.06,273,26.9,0.0157,1,0,0,0
LS035152,2026-08-01,US,Professional services,78,Active,Verified,Low,Low,14589.98,177,34.5,0.0138,1,1,0,0
LS036837,2026-08-01,BR,Retail,15,Paused,Verified,Medium,Low,26059.73,403,33.1,0.0143,0,1,0,0
LS054498,2026-08-01,MX,Food & beverage,21,Active,Expired,Low,High,22424.11,425,17.9,0.0,0,0,0,0
LS009373,2026-08-01,US,Travel,24,Active,Verified,Medium,Medium,25125.77,315,26.6,0.0137,1,0,1,0
LS056004,2026-08-01,US,Travel,28,Active,Verified,Low,High,16679.83,267,26.1,0.0044,1,0,0,0
LS044515,2026-08-01,MX,Professional services,43,Active,Verified,Medium,Medium,16583.38,315,21.9,0.0005,1,0,1,0
LS000467,2026-08-01,MX,Digital goods,12,Active,Verified,Low,Low,11560.42,190,51.7,0.0232,0,1,1,0
LS031475,2026-08-01,US,Digital goods,84,Active,Verified,Low,Medium,10156.94,108,29.3,0.005,0,0,1,0
LS031669,2026-08-01,US,Digital goods,10,Active,Verified,Low,High,7391.42,106,20.4,0.0163,0,1,0,0
LS006781,2026-08-01,US,Retail,27,Active,Verified,Low,Medium,2467.86,24,19.9,0.0069,1,1,1,1
LS008058,2026-08-01,MX,Digital goods,17,Active,Verified,Medium,High,10981.51,121,31.0,0.0203,1,1,0,0
LS026906,2026-08-01,BR,Digital goods,15,Active,Pending,Medium,Low,9454.98,162,27.3,0.0026,0,1,1,0
LS037119,2026-08-01,MX,Retail,16,Active,Verified,Low,Medium,8907.58,166,29.6,0.0222,1,1,0,1
LS047124,2026-08-01,MX,Travel,10,Closed,Verified,Medium,Low,1185.56,11,24.3,0.0,1,0,0,0
LS028653,2026-08-01,BR,Food & beverage,29,Active,Verified,Medium,Medium,16701.89,259,18.9,0.0004,1,1,0,0
LS041648,2026-08-01,BR,Food & beverage,17,Active,Verified,Low,High,7661.98,167,52.0,0.0366,2,1,0,0
LS046925,2026-08-01,US,Travel,25,Active,Verified,Low,Low,12566.33,146,31.5,0.0107,0,1,0,0
LS036989,2026-08-01,BR,Food & beverage,33,Paused,Verified,Low,High,23720.76,364,37.7,0.0216,0,0,0,0
LS030685,2026-08-01,MX,Travel,21,Active,Verified,Low,Low,10396.49,94,19.4,0.0092,3,1,0,0
LS037339,2026-08-01,MX,Food & beverage,14,Active,Verified,High,Medium,30198.45,554,27.5,0.0075,1,0,0,0
LS011078,2026-08-01,CR,Food & beverage,18,Active,Pending,Medium,Low,42382.88,571,18.0,0.0039,0,1,0,0
LS008972,2026-08-01,BR,Travel,44,Active,Verified,Medium,Low,10799.37,141,49.9,0.0172,2,1,0,0
LS021663,2026-08-01,MX,Retail,84,Active,Verified,High,High,2659.54,27,22.4,0.0131,0,1,0,0
LS007274,2026-08-01,MX,Retail,10,Active,Verified,High,Medium,17858.63,421,20.6,0.0039,1,1,1,0
LS037273,2026-08-01,MX,Retail,44,Active,Verified,Medium,Low,9466.3,135,28.6,0.004,0,1,0,0
LS042125,2026-08-01,US,Professional services,62,Active,Verified,Medium,Medium,7910.82,135,9.1,0.0048,0,1,0,0
LS041690,2026-08-01,MX,Retail,22,Active,Verified,Low,Low,53050.14,530,52.2,0.0323,4,0,0,0
LS046956,2026-08-01,MX,Travel,58,Active,Verified,Low,Low,38123.89,1021,16.4,0.0,1,1,0,0
LS036771,2026-08-01,BR,Digital goods,76,Active,Verified,Low,Low,24559.06,482,34.4,0.0064,0,1,0,1
LS002725,2026-08-01,US,Retail,36,Active,Verified,Low,Low,8716.21,217,29.6,0.0039,0,0,0,0
LS016998,2026-08-01,MX,Professional services,19,Active,Verified,Medium,Medium,7103.42,117,10.6,0.0063,2,1,0,0
LS059124,2026-08-01,US,Retail,81,Active,Verified,Low,Medium,41553.51,823,18.2,0.0179,1,1,0,0
LS027683,2026-08-01,US,Retail,15,Active,Verified,Low,High,53754.7,690,12.8,0.0099,0,0,0,0
LS053351,2026-08-01,MX,Travel,43,Active,Verified,Low,Medium,9404.98,108,18.3,0.0139,0,1,0,0
LS050369,2026-08-01,US,Digital goods,10,Active,Verified,Medium,High,17074.53,246,7.2,0.0,1,1,0,0
LS021006,2026-08-01,US,Digital goods,21,Active,Verified,Low,High,20185.85,134,18.8,0.0145,0,1,0,0
LS029594,2026-08-01,BR,Professional services,6,Active,Verified,Low,Low,24727.99,295,36.9,0.0096,1,1,0,1
LS050654,2026-08-01,BR,Professional services,21,Active,Verified,Low,Medium,13242.76,470,27.0,0.0133,0,1,0,0
LS030214,2026-08-01,US,Professional services,17,Active,Verified,Low,High,15330.57,155,9.7,0.0,0,1,0,1
LS002554,2026-08-01,MX,Food & beverage,29,Active,Verified,Low,Medium,10610.99,76,22.5,0.0,0,1,1,0
LS038920,2026-08-01,BR,Professional services,23,Active,Verified,Low,Medium,5396.06,75,32.5,0.0121,1,1,0,0
LS049587,2026-08-01,MX,Professional services,15,Active,Verified,Medium,Medium,20243.4,174,32.4,0.0116,0,0,1,0
LS058058,2026-08-01,US,Professional services,16,Active,Verified,Medium,High,10990.57,172,22.4,0.0046,0,1,0,0
LS015397,2026-08-01,MX,Professional services,45,Active,Verified,Low,High,46189.44,1033,8.3,0.0087,1,1,0,0
LS010494,2026-08-01,US,Retail,54,Closed,Verified,Medium,Medium,11526.31,256,23.5,0.0006,1,0,0,0
LS046159,2026-08-01,BR,Travel,13,Active,Pending,Low,High,9809.56,162,39.7,0.0159,3,1,0,1
LS045478,2026-08-01,US,Food & beverage,20,Active,Verified,Low,High,12763.26,351,44.8,0.0236,1,1,1,0
LS045365,2026-08-01,US,Travel,12,Closed,Verified,Medium,Medium,11791.68,204,34.2,0.0101,1,1,0,1
LS009765,2026-08-01,US,Professional services,84,Active,Verified,High,Medium,2973.46,29,24.4,0.0264,1,0,0,0
LS033495,2026-08-01,MX,Food & beverage,15,Active,Verified,Medium,Low,9307.77,69,13.1,0.0048,0,1,0,0
LS000597,2026-08-01,US,Professional services,9,Active,Verified,Medium,Low,7363.7,116,23.5,0.0,1,1,1,0
LS048124,2026-08-01,BR,Professional services,6,Active,Verified,Medium,Low,66330.97,748,24.3,0.0082,0,0,0,0
LS019682,2026-08-01,MX,Retail,26,Active,Verified,Medium,High,2288.86,48,9.9,0.0059,0,1,0,0
LS024374,2026-08-01,US,Retail,31,Active,Verified,Low,Low,5512.75,56,34.9,0.0233,1,0,0,0
LS035400,2026-08-01,US,Retail,14,Active,Verified,Low,Low,3230.12,31,20.5,0.0058,0,0,0,0
LS031072,2026-08-01,US,Food & beverage,29,Active,Verified,Low,Medium,21958.18,239,14.1,0.0151,1,1,0,0
LS031255,2026-08-01,BR,Retail,9,Active,Verified,Medium,Medium,27854.07,374,15.6,0.0118,0,1,0,0
LS008284,2026-08-01,MX,Digital goods,25,Active,Pending,Low,High,4886.01,59,49.0,0.0072,0,1,0,0
LS012672,2026-08-01,BR,Digital goods,13,Active,Verified,Low,High,8263.59,87,34.1,0.0213,1,1,0,0
LS041960,2026-08-01,US,Retail,26,Active,Verified,Medium,Low,8122.5,96,53.6,0.0114,2,1,0,0
LS026824,2026-08-01,MX,Food & beverage,9,Active,Verified,Low,Low,8711.96,158,29.2,0.0017,0,0,0,0
LS001949,2026-08-01,BR,Digital goods,34,Active,Verified,Low,High,8075.72,88,23.9,0.0061,0,1,1,0
LS020699,2026-08-01,BR,Digital goods,16,Active,Verified,Low,Low,34212.16,281,38.4,0.0144,2,0,0,0
LS049533,2026-08-01,MX,Professional services,5,Active,Pending,Low,Medium,87762.27,1053,33.3,0.0038,1,0,0,0
LS020932,2026-08-01,US,Retail,6,Active,Verified,Low,Medium,8658.47,181,35.5,0.0199,1,0,0,0
LS010521,2026-08-01,CR,Professional services,49,Active,Verified,Low,Low,38291.77,449,47.3,0.0377,1,1,1,0
LS049021,2026-08-01,CR,Digital goods,16,Active,Verified,Medium,Medium,9232.79,97,36.5,0.0154,0,1,0,0
LS041426,2026-08-01,US,Food & beverage,23,Paused,Verified,High,Medium,3820.87,50,37.9,0.015,0,1,0,0
LS042985,2026-08-01,MX,Digital goods,43,Active,Verified,Low,Low,8129.84,108,24.2,0.0165,0,1,0,0
LS008735,2026-08-01,MX,Retail,14,Active,Verified,Medium,Low,23164.62,289,4.0,0.0004,0,0,0,0
LS013186,2026-08-01,US,Professional services,32,Active,Verified,Medium,Medium,13788.98,371,35.1,0.0248,2,1,1,0
LS044100,2026-08-01,BR,Retail,23,Active,Verified,Medium,High,24190.14,440,37.1,0.0177,1,1,0,0
LS032262,2026-08-01,MX,Food & beverage,38,Active,Verified,Medium,Medium,17920.65,120,31.0,0.006,0,1,0,0
LS058891,2026-08-01,US,Travel,45,Active,Verified,Low,High,13107.93,263,21.4,0.0212,0,0,0,0
LS004480,2026-08-01,BR,Retail,26,Active,Verified,Low,Low,8296.78,255,11.8,0.0044,0,0,0,0
LS043404,2026-08-01,MX,Retail,20,Active,Verified,Low,Low,17131.91,224,16.0,0.0087,1,1,0,0
LS003003,2026-08-01,BR,Retail,67,Active,Verified,High,Medium,4472.55,55,21.1,0.0016,3,0,0,0
LS004711,2026-08-01,MX,Professional services,13,Active,Verified,Low,High,38370.27,649,42.8,0.0168,0,1,0,0
LS041642,2026-08-01,US,Digital goods,29,Active,Verified,Low,Medium,995.62,16,4.4,0.0081,0,0,0,0
LS031804,2026-08-01,MX,Retail,13,Active,Verified,Low,Medium,7712.74,87,30.0,0.0238,2,1,0,0
LS029984,2026-08-01,US,Retail,17,Active,Verified,Low,Medium,11960.32,145,31.2,0.0188,2,1,0,0
LS002106,2026-08-01,BR,Professional services,32,Active,Verified,Medium,Low,10758.65,163,53.9,0.0354,1,1,0,0
LS058898,2026-08-01,MX,Travel,40,Active,Verified,Low,Low,10955.61,181,20.0,0.0,1,1,1,0
LS052125,2026-08-01,BR,Travel,16,Active,Verified,High,High,32874.17,546,40.8,0.0248,1,1,0,0
LS006122,2026-08-01,US,Professional services,15,Active,Expired,Low,Low,15388.58,466,37.0,0.0127,2,0,1,0
LS031761,2026-08-01,CR,Digital goods,60,Active,Verified,Medium,High,9710.46,78,9.7,0.0,0,1,1,1
LS034730,2026-08-01,BR,Food & beverage,23,Active,Pending,Low,Low,7256.2,58,25.1,0.0178,0,1,0,0
LS031059,2026-08-01,US,Professional services,10,Active,Verified,Low,Medium,13725.03,193,40.4,0.0344,2,1,0,0
LS043392,2026-08-01,US,Food & beverage,29,Active,Verified,Low,Low,8872.86,160,20.0,0.0212,0,0,0,0
LS041819,2026-08-01,BR,Retail,43,Active,Pending,Medium,High,37039.81,664,42.6,0.0218,1,0,0,0
LS009212,2026-08-01,US,Professional services,8,Active,Verified,Low,Low,6919.26,102,19.8,0.0134,2,1,1,0
LS032126,2026-08-01,US,Professional services,27,Active,Verified,Low,Medium,3371.72,32,4.0,0.0,0,1,0,0
LS048381,2026-08-01,MX,Retail,48,Active,Verified,Low,High,3332.24,73,66.1,0.0253,2,1,0,0
LS049471,2026-08-01,CR,Professional services,32,Active,Verified,Low,Medium,14833.87,174,22.7,0.0147,0,1,0,0
LS015492,2026-08-01,BR,Digital goods,32,Active,Verified,Low,Medium,53850.42,676,12.5,0.0,1,1,1,0
LS044704,2026-08-01,MX,Digital goods,52,Active,Verified,Low,Medium,1099.32,20,17.0,0.0082,1,0,0,0
LS033541,2026-08-01,MX,Retail,14,Active,Verified,Low,Low,5760.26,177,11.0,0.0,0,1,0,0
LS035335,2026-08-01,BR,Food & beverage,8,Active,Expired,Low,Low,8675.17,65,31.7,0.018,1,1,0,0
LS042564,2026-08-01,MX,Retail,28,Active,Verified,Low,Low,38337.08,763,24.8,0.0,1,1,0,0
LS021608,2026-08-01,BR,Digital goods,25,Active,Verified,Low,Low,21693.23,230,19.8,0.0095,1,1,0,0
LS016071,2026-08-01,US,Retail,28,Active,Verified,Low,Medium,19204.3,193,24.6,0.0,0,1,0,0
LS001114,2026-08-01,CR,Retail,41,Paused,Verified,High,High,5003.09,60,19.0,0.0081,0,0,0,0
LS049292,2026-08-01,US,Travel,14,Active,Pending,High,Medium,35644.09,605,26.4,0.0124,4,1,0,0
LS016181,2026-08-01,US,Food & beverage,18,Active,Verified,Low,Low,29289.54,354,48.0,0.0052,1,1,0,0
LS035629,2026-08-01,BR,Food & beverage,31,Active,Verified,High,Medium,7019.97,130,29.1,0.0171,0,0,0,0
LS012918,2026-08-01,US,Professional services,19,Active,Verified,Low,Medium,7574.01,72,30.1,0.0132,1,1,0,0
LS031503,2026-08-01,CR,Food & beverage,25,Active,Verified,Medium,Low,13458.73,250,50.3,0.0186,3,1,0,0
LS009410,2026-08-01,BR,Travel,48,Active,Verified,Low,Medium,13532.55,275,20.7,0.0078,0,0,0,0
LS015908,2026-08-01,BR,Retail,39,Active,Verified,Low,Low,59919.06,628,39.2,0.014,1,1,0,0
LS045707,2026-08-01,US,Food & beverage,9,Active,Verified,High,Low,44592.67,743,20.0,0.0,1,1,0,0
LS015116,2026-08-01,US,Professional services,35,Active,Verified,Low,Medium,4127.54,73,26.6,0.0212,1,0,0,0
LS032036,2026-08-01,MX,Professional services,55,Active,Pending,Low,Low,4896.85,63,39.6,0.0295,2,1,1,0
LS027463,2026-08-01,BR,Professional services,29,Paused,Verified,Low,Low,52515.66,505,27.4,0.0119,2,0,1,0
LS012043,2026-08-01,MX,Professional services,21,Closed,Verified,Low,High,2997.5,43,4.0,0.0029,2,0,0,0
LS046882,2026-08-01,CR,Food & beverage,42,Active,Verified,High,Low,7942.89,80,11.8,0.0057,0,0,0,0
LS032366,2026-08-01,US,Digital goods,28,Paused,Pending,Medium,High,44956.84,434,25.0,0.0143,1,1,1,0
LS031645,2026-08-01,US,Retail,25,Active,Verified,Medium,Medium,1668.3,17,4.0,0.0,4,0,0,0
LS000872,2026-08-01,MX,Food & beverage,32,Active,Verified,Low,High,42962.05,732,31.9,0.0162,0,1,1,0
LS046386,2026-08-01,US,Professional services,4,Active,Pending,Low,Low,33694.08,566,20.2,0.0021,0,1,0,0
LS041346,2026-08-01,BR,Professional services,36,Active,Verified,Low,Medium,15992.27,231,30.7,0.0187,0,1,1,0
LS033991,2026-08-01,US,Professional services,46,Active,Verified,Low,Low,4338.03,52,29.7,0.013,1,1,0,1
LS046569,2026-08-01,CR,Digital goods,11,Active,Verified,Medium,Low,8205.29,97,23.7,0.0238,1,1,0,0
LS007290,2026-08-01,CR,Professional services,14,Paused,Verified,Medium,Medium,33619.37,404,29.1,0.0148,0,1,0,0
LS017118,2026-08-01,BR,Professional services,25,Active,Verified,Medium,Low,14564.17,111,50.0,0.0187,0,0,0,0
LS039710,2026-08-01,BR,Digital goods,18,Active,Verified,Medium,Low,16744.12,245,23.6,0.001,1,0,0,0
LS026396,2026-08-01,BR,Travel,51,Active,Pending,High,Medium,17320.14,118,30.9,0.0186,0,1,0,0
LS010939,2026-08-01,US,Professional services,13,Active,Verified,Medium,Low,4230.6,79,28.5,0.0201,3,0,0,0
LS057030,2026-08-01,US,Professional services,51,Active,Verified,Medium,High,5592.62,178,34.9,0.0323,2,1,0,0
LS054923,2026-08-01,US,Digital goods,15,Active,Verified,High,Medium,29507.0,627,41.7,0.0097,1,0,0,1
LS044641,2026-08-01,US,Food & beverage,51,Active,Expired,Medium,Low,28446.02,359,7.5,0.0,0,1,0,0
LS028034,2026-08-01,US,Food & beverage,7,Active,Verified,Medium,Medium,12364.97,138,28.2,0.0028,0,1,0,0
LS010464,2026-08-01,BR,Digital goods,21,Active,Verified,Low,High,6710.55,66,43.7,0.0228,2,0,0,0
LS000660,2026-08-01,BR,Retail,19,Active,Verified,Low,Low,11669.09,300,31.4,0.0165,0,1,1,0
LS030269,2026-08-01,US,Digital goods,14,Paused,Pending,Low,Medium,14646.29,208,12.5,0.0,1,1,0,0
LS020565,2026-08-01,MX,Professional services,21,Active,Verified,Low,Medium,15491.24,109,50.1,0.0287,1,1,0,1
LS045787,2026-08-01,BR,Food & beverage,22,Active,Verified,Low,Low,49750.61,634,12.0,0.0042,2,1,0,0
LS023169,2026-08-01,CR,Digital goods,37,Active,Verified,High,Low,15014.57,202,24.9,0.0211,0,1,0,0
LS025548,2026-08-01,BR,Retail,83,Active,Verified,High,Medium,3083.92,94,33.3,0.0085,1,0,0,0
LS012273,2026-08-01,MX,Travel,48,Active,Verified,Medium,Low,24950.23,447,37.4,0.0167,1,1,1,0
LS004289,2026-08-01,MX,Retail,61,Active,Verified,Low,High,3446.8,45,22.2,0.0042,0,0,0,0
LS025729,2026-08-01,MX,Professional services,27,Active,Verified,Low,Medium,9645.76,165,57.0,0.0166,0,1,0,0
LS019909,2026-08-01,CR,Professional services,3,Active,Verified,Low,Medium,24195.81,403,28.3,0.0035,1,1,0,0
LS000036,2026-08-01,MX,Professional services,29,Active,Verified,High,Low,13586.13,173,27.9,0.014,2,1,0,0
LS022776,2026-08-01,CR,Digital goods,14,Active,Pending,Medium,High,40985.25,478,51.3,0.0199,4,1,0,0
LS026810,2026-08-01,BR,Retail,15,Active,Verified,Low,High,4826.26,68,38.3,0.0064,0,1,0,0
LS014314,2026-08-01,MX,Digital goods,19,Active,Verified,Low,High,14683.15,218,39.8,0.0255,1,1,0,0
LS053075,2026-08-01,MX,Retail,51,Active,Verified,Medium,Medium,8519.49,104,8.6,0.0041,0,1,0,1
LS026269,2026-08-01,MX,Retail,29,Active,Verified,Low,Medium,4621.66,54,34.5,0.0179,0,0,0,0
LS006680,2026-08-01,MX,Travel,45,Active,Verified,Medium,Medium,30300.99,844,21.6,0.0097,0,1,1,0
LS057093,2026-08-01,US,Professional services,51,Active,Verified,Medium,Medium,11945.66,152,11.7,0.0,1,1,0,0
LS009288,2026-08-01,CR,Digital goods,21,Active,Verified,Low,Low,30270.76,794,8.3,0.0,0,0,0,0
LS021521,2026-08-01,CR,Food & beverage,45,Closed,Verified,Low,Low,7432.57,128,28.0,0.0109,1,1,0,0
LS046960,2026-08-01,MX,Retail,32,Active,Verified,Low,Medium,4740.8,46,13.6,0.0192,1,0,0,0
LS050083,2026-08-01,US,Professional services,41,Active,Verified,Low,High,31358.25,325,30.5,0.0211,0,1,0,1
LS058154,2026-08-01,US,Digital goods,22,Active,Verified,Low,High,14593.4,203,29.7,0.0144,2,1,1,1
LS058871,2026-08-01,US,Professional services,27,Active,Verified,Low,Low,16564.7,145,42.7,0.0127,1,1,0,0
LS034393,2026-08-01,US,Food & beverage,39,Active,Verified,Low,High,1953.53,30,19.3,0.0121,2,0,0,0
LS000693,2026-08-01,US,Food & beverage,35,Active,Verified,Low,Medium,6034.05,126,41.2,0.0171,0,1,0,0
LS023247,2026-08-01,US,Retail,26,Closed,Verified,Low,Low,9796.49,118,24.5,0.0035,1,1,0,0
LS054200,2026-08-01,BR,Professional services,10,Active,Verified,Medium,High,149356.89,1118,13.8,0.0054,0,0,0,0
LS026003,2026-08-01,CR,Retail,28,Active,Verified,Low,High,2354.78,37,55.4,0.0312,2,0,0,0
LS019538,2026-08-01,US,Digital goods,21,Active,Verified,Low,Medium,5300.52,61,28.1,0.021,1,1,0,0
LS040785,2026-08-01,MX,Retail,32,Active,Verified,Medium,High,2988.29,54,35.7,0.0195,0,1,1,0
LS047953,2026-08-01,US,Digital goods,-1,Active,Verified,High,Low,6560.28,142,23.5,0.0135,1,1,0,0
LS015956,2026-08-01,BR,Professional services,30,Active,Verified,Low,Medium,3198.23,34,26.5,0.0,2,0,0,0
LS048987,2026-08-01,MX,Professional services,10,Active,Verified,Low,Medium,4699.75,79,15.6,0.0236,0,1,0,0
LS012720,2026-08-01,US,Travel,23,Active,Verified,Medium,Medium,31037.47,564,27.1,0.0055,0,1,1,0
LS041323,2026-08-01,US,Retail,34,Active,Verified,Medium,Low,7403.09,203,29.7,0.0179,0,0,1,0
LS002296,2026-08-01,US,Food & beverage,27,Active,Verified,Medium,Medium,38851.82,393,30.4,0.0078,2,1,1,0
LS041663,2026-08-01,MX,Food & beverage,32,Active,Verified,Low,Low,25853.22,376,18.4,0.0,0,1,1,0
LS043859,2026-08-01,BR,Retail,25,Active,Expired,High,High,11469.57,188,22.8,0.011,0,0,1,1
LS058137,2026-08-01,BR,Food & beverage,11,Active,Verified,High,Low,22837.87,354,27.7,0.0021,1,1,0,0
LS015789,2026-08-01,MX,Retail,77,Active,Verified,Low,Medium,7724.68,177,25.0,0.0218,0,1,1,0
LS026419,2026-08-01,US,Professional services,27,Active,Verified,Medium,Medium,6265.3,38,17.3,0.0,0,1,1,0
LS029561,2026-08-01,US,Retail,42,Active,Verified,Low,High,7385.4,88,37.2,0.0005,3,1,0,0
LS016095,2026-08-01,US,Professional services,9,Active,Expired,Low,Low,31534.19,298,25.2,0.021,1,0,0,0
LS027383,2026-08-01,US,Food & beverage,10,Active,Verified,Medium,High,24803.42,229,9.5,0.0067,0,1,1,0
LS036684,2026-08-01,US,Food & beverage,27,Active,Verified,Medium,Medium,8905.37,168,9.8,0.0163,0,1,1,0
LS040743,2026-08-01,MX,Professional services,79,Active,Verified,Low,High,29504.61,300,33.4,0.0212,2,0,1,0
LS042706,2026-08-01,MX,Professional services,11,Active,Verified,Low,Medium,60220.19,502,18.2,0.005,0,1,1,1
LS040496,2026-08-01,BR,Travel,29,Paused,Pending,Low,Medium,14921.74,443,34.7,0.0253,1,0,1,0
LS055972,2026-08-01,BR,Professional services,10,Active,Verified,Low,Medium,21276.28,481,34.3,0.0232,1,1,0,0
LS051854,2026-08-01,BR,Retail,7,Active,Verified,Low,Low,91642.96,1538,36.1,0.0,0,1,1,0
LS048981,2026-08-01,MX,Food & beverage,13,Paused,Pending,Low,Low,8410.19,112,10.7,0.0027,2,0,0,0
LS015616,2026-08-01,US,Digital goods,43,Active,Verified,Low,Low,8245.06,143,18.1,0.0083,1,1,0,0
LS027356,2026-08-01,MX,Digital goods,18,Active,Verified,Medium,Medium,11512.58,118,27.8,0.0111,1,1,0,0
LS003763,2026-08-01,CR,Food & beverage,33,Active,Verified,Low,Medium,8417.87,248,45.4,0.0286,1,1,1,0
LS017977,2026-08-01,MX,Retail,33,Active,Pending,Low,High,7076.46,64,32.2,0.0039,4,1,0,0
LS003223,2026-08-01,MX,Professional services,13,Paused,Verified,Low,Medium,19028.32,229,10.0,0.0,2,1,0,0
LS008141,2026-08-01,US,Digital goods,24,Active,Verified,Medium,Medium,18736.81,264,29.2,0.0189,3,1,1,0
LS059392,2026-08-01,US,Travel,82,Active,Verified,High,Medium,17505.18,229,16.1,0.0,1,1,1,0
LS051847,2026-08-01,US,Retail,39,Active,Verified,High,Low,50590.64,519,38.1,0.0112,3,1,1,0
LS016360,2026-08-01,BR,Professional services,63,Active,Verified,Medium,High,4398.9,66,14.3,0.0,0,0,0,0
LS022313,2026-08-01,US,Retail,18,Active,Verified,Low,High,45376.02,959,28.5,0.0109,3,1,0,0
LS005075,2026-08-01,MX,Travel,12,Active,Verified,Low,Low,21012.45,293,41.4,0.0235,3,1,0,0
LS005047,2026-08-01,MX,Professional services,11,Active,Verified,Medium,Low,14848.88,242,14.2,0.0,0,0,0,0
LS003402,2026-08-01,CR,Retail,15,Active,Verified,High,Medium,13752.84,211,7.8,0.003,1,1,0,0
LS033992,2026-08-01,CR,Retail,21,Active,Verified,Low,High,8071.4,114,12.8,0.0,0,1,0,0
LS051155,2026-08-01,US,Travel,8,Active,Verified,Low,Medium,42182.07,1127,13.0,0.0174,0,1,0,0
LS019237,2026-08-01,BR,Retail,29,Paused,Verified,Low,Medium,36792.79,979,32.8,0.0017,0,1,0,0
LS008269,2026-08-01,MX,Retail,23,Active,Verified,Low,Medium,23623.84,279,34.5,0.0169,1,1,0,1
LS032185,2026-08-01,US,Retail,15,Active,Verified,Low,Low,12380.59,183,20.1,0.0035,0,1,0,0
LS042593,2026-08-01,BR,Retail,37,Closed,Verified,High,High,11699.66,191,18.4,0.0,0,1,0,1
LS025283,2026-08-01,US,Food & beverage,58,Active,Verified,Medium,High,12562.94,138,32.4,0.0122,0,1,0,0
LS050454,2026-08-01,BR,Food & beverage,18,Active,Verified,Low,Medium,14636.12,233,19.1,0.024,0,1,0,0
LS049262,2026-08-01,MX,Retail,31,Closed,Verified,Low,Medium,5060.75,80,25.9,0.0109,1,1,0,0
LS054375,2026-08-01,MX,Retail,60,Active,Verified,Medium,High,14717.64,155,52.0,0.0431,2,0,0,0
LS006259,2026-08-01,BR,Retail,46,Active,Verified,Low,Medium,2045.29,27,18.9,0.0047,2,0,0,0
LS052405,2026-08-01,MX,Retail,36,Active,Verified,Low,Medium,5355.84,107,23.6,0.0039,1,1,1,0
LS003698,2026-08-01,MX,Retail,25,Active,Verified,Low,Medium,12602.07,215,42.3,0.0291,1,0,0,0
LS046937,2026-08-01,US,Food & beverage,8,Active,Verified,Low,Medium,25984.75,213,19.9,0.0104,0,1,0,0
LS053925,2026-08-01,BR,Professional services,2,Active,Verified,Medium,Low,21464.3,159,41.9,0.0181,0,1,1,0
LS035310,2026-08-01,BR,Retail,6,Active,Verified,Low,High,10515.82,172,20.7,0.0108,0,1,0,0
LS035356,2026-08-01,US,Retail,36,Active,Verified,Low,Medium,8070.83,91,13.7,0.0038,0,1,1,0
LS019023,2026-08-01,BR,Retail,22,Paused,Verified,Low,High,20986.54,329,67.4,0.0293,1,1,0,1
LS005207,2026-08-01,BR,Food & beverage,62,Active,Expired,Medium,Medium,4455.88,56,30.3,0.0156,2,1,0,0
LS048354,2026-08-01,MX,Digital goods,13,Active,Verified,Medium,Medium,22011.09,463,27.3,0.0,0,0,0,0
LS040435,2026-08-01,BR,Professional services,13,Active,Verified,Medium,Medium,3807.73,66,35.7,0.0107,0,1,1,1
LS026300,2026-08-01,BR,Professional services,6,Active,Verified,High,Medium,11122.15,98,12.9,0.0131,0,1,0,0
LS012606,2026-08-01,US,Digital goods,39,Active,Verified,Medium,Medium,21110.86,726,22.7,0.0068,0,0,1,0
LS048541,2026-08-01,MX,Digital goods,16,Active,Verified,High,High,12073.41,139,45.4,0.0203,1,0,0,0
LS031986,2026-08-01,CR,Food & beverage,53,Active,Verified,Medium,Low,37261.29,405,33.6,0.0044,0,1,0,1
LS052830,2026-08-01,US,Food & beverage,21,Active,Verified,Medium,High,47445.76,365,46.0,0.0162,0,1,0,0
LS005847,2026-08-01,US,Retail,44,Active,Verified,Medium,Medium,3889.57,48,38.5,0.0194,0,1,0,0
LS020358,2026-08-01,CR,Digital goods,59,Active,Verified,Medium,Low,17181.05,174,4.4,0.0,0,1,0,0
LS032175,2026-08-01,US,Food & beverage,44,Active,Verified,High,Medium,12008.26,121,33.7,0.0076,1,1,0,0
LS030374,2026-08-01,MX,Digital goods,16,Active,Verified,Low,Low,5766.81,109,10.8,0.0,1,1,1,0
LS006481,2026-08-01,BR,Retail,20,Active,Verified,Medium,Medium,10646.62,136,29.8,0.011,1,1,1,0
LS047145,2026-08-01,US,Retail,44,Active,Verified,Low,Medium,24835.91,384,14.3,0.0,0,1,1,0
LS030749,2026-08-01,MX,Digital goods,8,Active,Verified,Medium,High,20089.51,298,8.4,0.0012,1,0,0,1
LS052645,2026-08-01,MX,Travel,64,Active,Verified,Low,High,8565.8,151,26.7,0.0116,0,1,1,0
LS040539,2026-08-01,US,Food & beverage,5,Active,Verified,Low,Low,3174.46,23,13.1,0.0005,0,1,0,0
LS038696,2026-08-01,BR,Digital goods,13,Active,Verified,Low,Medium,5106.12,46,39.2,0.0264,3,1,0,0
LS017470,2026-08-01,MX,Professional services,35,Paused,Expired,Low,Low,15704.23,262,35.3,0.0185,0,0,0,0
LS039321,2026-08-01,US,Food & beverage,58,Active,Verified,Low,Low,28882.99,128,24.0,0.0108,0,1,0,0
LS011622,2026-08-01,MX,Digital goods,28,Active,Verified,High,Medium,23370.67,400,28.0,0.0151,0,1,0,0
LS001394,2026-08-01,US,Professional services,18,Active,Verified,Low,Low,2757.86,48,22.8,0.0183,1,1,0,0
LS052563,2026-08-01,US,Professional services,14,Active,Verified,Low,Medium,12219.42,126,5.4,0.0,1,1,0,0
LS008800,2026-08-01,MX,Food & beverage,9,Closed,Verified,Low,Low,2563.13,50,30.2,0.011,2,0,0,0
LS011747,2026-08-01,CR,Professional services,19,Active,Verified,Low,Medium,12885.5,135,42.7,0.0147,1,0,1,0
LS015911,2026-08-01,BR,Food & beverage,24,Active,Verified,Low,Medium,8562.75,170,44.0,0.0239,0,1,0,0
LS056402,2026-08-01,US,Digital goods,33,Active,Verified,Low,Medium,22052.98,384,27.7,0.0109,1,0,1,0
LS054549,2026-08-01,US,Travel,5,Active,Verified,Medium,Low,22116.75,271,29.9,0.0084,0,0,0,0
LS050152,2026-08-01,US,Retail,36,Active,Pending,Low,High,2731.9,52,37.5,0.0233,0,1,0,0
LS049840,2026-08-01,MX,Retail,31,Active,Verified,Low,Medium,12891.41,166,34.6,0.007,1,1,0,0
LS020189,2026-08-01,US,Digital goods,50,Active,Expired,Medium,High,38583.82,616,4.4,0.0019,0,1,0,0
LS048671,2026-08-01,US,Food & beverage,26,Active,Verified,Low,Low,8527.09,123,24.2,0.0124,3,1,1,0
LS001102,2026-08-01,US,Digital goods,20,Active,Verified,High,Medium,25540.3,293,34.2,0.0005,1,1,0,0
LS049610,2026-08-01,BR,Retail,40,Active,Verified,Low,Low,35889.57,488,50.0,0.0192,1,1,0,0
LS046816,2026-08-01,US,Professional services,31,Paused,Verified,Low,Medium,5608.97,136,14.9,0.0,0,1,0,0
LS050994,2026-08-01,BR,Retail,12,Active,Verified,Low,Low,8306.32,117,41.4,0.0266,1,1,0,0
LS058865,2026-08-01,MX,Food & beverage,46,Active,Verified,Low,Medium,19020.95,204,38.1,0.024,0,1,0,0
LS039187,2026-08-01,US,Digital goods,21,Active,Verified,Low,Low,1745.72,26,33.0,0.0216,1,1,1,1
LS042538,2026-08-01,CR,Travel,24,Active,Verified,Low,Medium,6585.23,101,14.6,0.0143,1,0,1,0
LS040784,2026-08-01,BR,Food & beverage,10,Active,Verified,Low,Medium,16860.96,207,48.5,0.0189,0,1,1,0
LS013849,2026-08-01,BR,Travel,16,Active,Verified,Medium,Medium,14185.82,182,24.0,0.0069,1,1,0,0
LS006811,2026-08-01,BR,Retail,78,Active,Verified,Medium,Medium,7462.59,164,27.8,0.0101,1,0,0,0
LS000104,2026-08-01,US,Professional services,19,Active,Verified,High,Medium,14896.93,173,14.0,0.0,0,0,0,0
LS056060,2026-08-01,MX,Professional services,39,Active,Verified,Low,Low,27166.5,983,25.9,0.0,0,1,0,0
LS042776,2026-08-01,BR,Food & beverage,3,Active,Verified,Low,Low,21995.81,328,20.5,0.0209,0,1,0,0
LS025386,2026-08-01,BR,Professional services,46,Active,Expired,High,Low,66854.92,1687,32.0,0.0122,2,1,0,0
LS018706,2026-08-01,BR,Retail,11,Active,Verified,Low,High,28245.91,298,36.6,0.0135,1,1,0,1
LS025780,2026-08-01,MX,Digital goods,13,Active,Verified,Medium,Medium,18271.57,149,31.0,0.0127,0,1,0,1
LS011049,2026-08-01,MX,Digital goods,29,Active,Verified,Medium,Medium,28201.16,507,4.0,0.0087,0,1,0,0
LS027769,2026-08-01,MX,Digital goods,20,Active,Verified,Medium,Low,24064.31,337,39.9,0.0277,0,1,0,0
LS042363,2026-08-01,US,Food & beverage,16,Paused,Verified,Low,High,1636.14,30,17.6,0.0155,1,1,0,0
LS016241,2026-08-01,BR,Food & beverage,15,Active,Verified,Low,High,9343.35,123,9.7,0.0031,1,1,0,0
LS013277,2026-08-01,MX,Retail,34,Active,Verified,Low,Medium,11747.95,162,34.4,0.0199,0,0,0,0
LS050883,2026-08-01,BR,Food & beverage,16,Active,Verified,Medium,High,4514.71,64,27.0,0.0055,0,0,0,0
LS059598,2026-08-01,MX,Professional services,47,Active,Verified,Medium,Low,11082.8,322,33.2,0.0065,1,1,0,0
LS006563,2026-08-01,BR,Professional services,31,Active,Pending,Low,Medium,4136.52,78,19.9,0.0,1,0,1,0
LS004868,2026-08-01,MX,Professional services,82,Active,Verified,Medium,Medium,7012.4,113,5.5,0.0,1,1,0,0
LS015389,2026-08-01,BR,Food & beverage,26,Paused,Verified,Low,Medium,47234.2,435,4.0,0.0,3,1,0,0
LS028009,2026-08-01,US,Retail,31,Active,Verified,Low,Medium,9185.53,177,20.9,0.0,0,1,1,0
LS048095,2026-08-01,US,Retail,18,Active,Verified,Medium,Medium,9937.22,158,26.0,0.0161,0,1,0,0
LS005395,2026-08-01,US,Professional services,50,Active,Verified,Low,High,14271.48,147,38.8,0.0111,0,0,0,0
LS032936,2026-08-01,US,Retail,11,Active,Verified,Low,Medium,18364.58,240,31.6,0.0196,0,1,0,0
LS031688,2026-08-01,US,Digital goods,30,Active,Verified,Low,Medium,11969.46,99,25.2,0.0143,0,0,0,1
LS017334,2026-08-01,US,Retail,57,Active,Verified,Low,Medium,39015.41,462,20.9,0.0112,1,1,0,1
LS017588,2026-08-01,US,Retail,39,Active,Verified,Medium,High,16270.31,169,29.5,0.0088,2,1,0,0
LS035964,2026-08-01,MX,Travel,27,Active,Verified,Low,High,1897.55,33,29.0,0.0149,1,0,0,0
LS002300,2026-08-01,US,Food & beverage,46,Active,Verified,High,High,13534.74,174,32.5,0.0073,0,1,0,0
LS030985,2026-08-01,US,Retail,59,Active,Verified,Low,Medium,15377.85,158,8.5,0.0,0,1,0,0
LS022247,2026-08-01,US,Food & beverage,25,Active,Verified,Low,High,30302.98,424,14.7,0.004,0,0,0,1
LS051076,2026-08-01,US,Retail,23,Active,Verified,Medium,High,28736.9,366,31.7,0.0154,0,1,0,0
LS039692,2026-08-01,BR,Retail,33,Active,Verified,High,Medium,23148.37,260,24.3,0.0099,2,1,0,0
LS028271,2026-08-01,BR,Retail,39,Active,Verified,Medium,Low,26751.47,253,18.1,0.0,0,0,0,0
LS023294,2026-08-01,CR,Professional services,18,Active,Verified,Low,Medium,34246.73,1007,34.6,0.0095,1,1,0,0
LS007693,2026-08-01,BR,Food & beverage,16,Active,Verified,Low,Low,11641.37,131,47.2,0.0046,1,0,0,1
LS023029,2026-08-01,US,Professional services,34,Active,Expired,Medium,Low,73291.17,765,28.8,0.0142,0,1,0,0
LS007663,2026-08-01,BR,Retail,29,Active,Verified,Medium,Medium,5096.29,77,27.5,0.0044,0,1,1,0
LS001243,2026-08-01,US,Food & beverage,10,Active,Verified,Low,Low,31555.13,348,26.3,0.0073,0,0,0,0
LS008250,2026-08-01,US,Food & beverage,84,Active,Verified,Medium,Low,5766.5,106,34.5,0.0048,1,1,0,0
LS014630,2026-08-01,US,Retail,40,Active,Verified,Low,High,9148.93,113,43.3,0.0044,2,1,0,0
LS034588,2026-08-01,BR,,42,Active,Pending,Low,Low,8369.8,103,40.3,0.0,0,1,1,0
LS006994,2026-08-01,BR,Retail,22,Active,Verified,Medium,Medium,38088.42,665,20.0,0.0128,0,0,0,0
LS056646,2026-08-01,CR,Digital goods,9,Active,Verified,Low,Low,40074.38,495,10.4,0.003,0,1,1,0
LS056806,2026-08-01,CR,Travel,34,Active,Verified,Medium,High,25710.09,174,46.8,0.0283,5,0,1,0
LS027449,2026-08-01,MX,Professional services,71,Active,Verified,Low,Medium,16187.06,545,28.8,0.0126,0,0,0,0
LS033321,2026-08-01,US,,8,Active,Pending,Low,Low,2435.45,22,29.0,0.0032,0,1,0,0
LS008817,2026-08-01,MX,Retail,8,Active,Verified,Medium,Low,12919.16,178,33.4,0.0334,2,0,0,0
LS043470,2026-08-01,MX,Food & beverage,19,Closed,Pending,Low,Medium,59383.47,719,23.2,0.0139,0,1,0,0
LS006787,2026-08-01,BR,Retail,44,Active,Verified,Low,High,6741.99,129,33.9,0.02,0,1,0,0
LS041408,2026-08-01,BR,Digital goods,19,Closed,Verified,Low,High,5160.65,77,36.0,0.001,1,1,0,0
LS032378,2026-08-01,BR,Travel,5,Active,Verified,Medium,Medium,23311.12,217,30.4,0.0,1,1,1,0
LS048881,2026-08-01,BR,Retail,17,Active,Verified,Low,Medium,21653.95,353,15.6,0.0131,0,1,0,0
LS034364,2026-08-01,BR,Retail,29,Active,Pending,Low,Low,11759.35,221,32.5,0.0261,0,1,0,1
LS059746,2026-08-01,BR,Retail,21,Active,Verified,Low,Medium,8545.56,153,30.3,0.0015,1,1,0,0
LS044635,2026-08-01,US,Retail,37,Active,Verified,Low,High,19331.19,287,40.4,0.0143,2,1,1,0
LS054885,2026-08-01,US,Food & beverage,24,Active,Verified,Low,High,4861.6,43,32.0,0.0074,0,1,0,0
LS025367,2026-08-01,BR,Food & beverage,17,Active,Verified,Medium,Low,19661.7,286,18.3,0.0,1,1,0,1
LS033650,2026-08-01,US,Digital goods,20,Active,Verified,High,Low,5100.99,73,44.0,0.027,1,0,1,0
LS012952,2026-08-01,US,Professional services,14,Active,Expired,Low,Medium,13709.47,221,13.1,0.0008,3,1,1,0
LS041233,2026-08-01,CR,Digital goods,57,Active,Verified,Low,High,35842.96,787,15.8,0.0,1,0,0,0
LS012468,2026-08-01,CR,Food & beverage,14,Active,Verified,Low,Low,14225.61,201,30.9,0.0135,3,1,0,0
LS055939,2026-08-01,US,Professional services,11,Active,Verified,Low,High,15011.74,121,28.4,0.0094,0,1,0,0
LS055940,2026-08-01,US,Professional services,25,Active,Pending,Low,High,60183.14,1375,35.7,0.007,0,1,0,0
LS025396,2026-08-01,BR,Digital goods,48,Active,Verified,Low,Medium,1860.2,45,33.2,0.0,1,1,0,0
LS035689,2026-08-01,US,Retail,62,Active,Verified,Low,Low,29485.52,232,37.7,0.0159,3,1,1,0
LS017056,2026-08-01,MX,Food & beverage,10,Active,Verified,Medium,Low,5736.48,114,36.5,0.0085,1,0,0,0
LS023253,2026-08-01,MX,Travel,29,Active,Verified,Low,Low,18713.4,334,12.4,0.0087,0,1,0,0
LS011991,2026-08-01,US,Retail,31,Active,Verified,Low,High,2118.52,21,19.8,0.0127,0,0,0,0
LS035826,2026-08-01,MX,Retail,64,Active,Pending,Low,Medium,4523.61,134,19.1,0.0194,1,1,0,0
LS013250,2026-08-01,BR,Retail,34,Active,Verified,Low,Low,4761.11,50,32.5,0.0092,0,1,0,0
LS000187,2026-08-01,MX,Food & beverage,6,Active,Verified,Medium,Low,18072.55,182,18.0,0.0,1,1,0,0
LS027627,2026-08-01,US,Digital goods,39,Active,Verified,Low,Low,25104.1,481,32.2,0.0151,1,1,0,0
LS049548,2026-08-01,US,Travel,19,Active,Verified,High,Medium,18023.65,207,33.6,0.0056,2,1,0,0
LS057849,2026-08-01,BR,Retail,6,Active,Verified,Low,Medium,87342.85,2869,7.9,0.0066,1,0,0,0
LS001006,2026-08-01,US,Digital goods,25,Active,Verified,Low,High,13213.53,269,28.0,0.0137,1,1,0,0
LS005380,2026-08-01,CR,Professional services,31,Active,Verified,Medium,High,24019.88,400,24.8,0.0025,0,0,0,0
LS037947,2026-08-01,US,Travel,29,Active,Verified,Low,Medium,4209.34,26,4.0,0.0,0,0,0,0
LS012157,2026-08-01,US,Digital goods,20,Active,Verified,Medium,Medium,30024.0,229,15.1,0.0,2,1,0,0
LS040154,2026-08-01,MX,Professional services,9,Active,Verified,Low,High,17785.19,224,47.4,0.0259,1,0,0,0
LS024514,2026-08-01,MX,Professional services,15,Paused,Verified,Medium,Low,8068.22,209,19.8,0.0023,0,1,0,0
LS040585,2026-08-01,MX,Professional services,41,Active,Verified,Low,High,17667.3,97,47.2,0.0191,1,1,1,1
LS037255,2026-08-01,US,Food & beverage,24,Active,Verified,Medium,Low,71600.83,1114,26.9,0.018,1,1,0,0
LS042812,2026-08-01,US,Digital goods,22,Active,Verified,Medium,Medium,14474.53,225,12.7,0.0098,1,0,0,1
LS039309,2026-08-01,US,Food & beverage,42,Active,Verified,Low,Medium,3376.22,44,22.4,0.0101,1,0,0,0
LS005830,2026-08-01,US,Food & beverage,24,Active,Verified,Low,High,5712.67,120,25.7,0.0276,0,0,0,1
LS041468,2026-08-01,MX,Digital goods,9,Active,Verified,Low,Medium,22239.32,380,29.1,0.0247,0,1,0,0
LS040662,2026-08-01,BR,Professional services,22,Active,Verified,Medium,High,7600.08,129,32.4,0.0218,0,0,0,0
LS035983,2026-08-01,MX,Retail,42,Active,Verified,Medium,Medium,28232.05,218,11.3,0.0055,0,1,1,0
LS005271,2026-08-01,US,Retail,44,Active,Verified,Low,Medium,4937.23,43,25.1,0.0006,1,1,0,0
LS030135,2026-08-01,US,Retail,34,Paused,Verified,Medium,Low,6011.73,53,27.3,0.0172,0,1,0,0
LS042595,2026-08-01,CR,Professional services,24,Active,Verified,Low,Low,12985.59,167,26.8,0.0125,0,0,1,0
LS015172,2026-08-01,BR,Retail,15,Active,Verified,Low,High,4803.23,42,32.3,0.0138,1,1,0,0
LS043495,2026-08-01,US,Professional services,26,Active,Verified,Low,Medium,18983.63,200,30.9,0.0259,2,0,0,0
LS057167,2026-08-01,US,Food & beverage,11,Active,Verified,Low,High,4774.97,56,4.0,0.0,0,0,0,0
LS043158,2026-08-01,US,Food & beverage,16,Active,Verified,Medium,High,992.72,9,32.8,0.011,0,1,0,1
LS052649,2026-08-01,US,Food & beverage,45,Paused,Verified,Low,Low,8357.51,99,33.3,0.0131,4,0,0,0
LS015316,2026-08-01,US,Food & beverage,50,Active,Verified,Low,Low,27127.76,660,29.7,0.0074,0,0,1,0
LS045453,2026-08-01,US,Digital goods,23,Active,Verified,Low,Low,3793.38,48,37.7,0.0192,2,1,0,0
LS021556,2026-08-01,CR,Digital goods,51,Active,Verified,Low,Medium,8143.53,150,4.0,0.0181,0,0,1,0
LS046039,2026-08-01,US,Digital goods,49,Paused,Expired,High,Medium,10993.05,116,39.2,0.0356,3,1,0,0
LS051563,2026-08-01,BR,Travel,24,Active,Verified,Medium,Low,10745.77,244,29.5,0.0099,0,0,1,0
LS005410,2026-08-01,MX,Food & beverage,7,Active,Verified,Low,Medium,18027.01,216,30.2,0.0173,1,1,0,0
LS041115,2026-08-01,US,Professional services,29,Active,Verified,Medium,High,3425.45,44,26.9,0.0,0,1,0,1
LS009107,2026-08-01,US,Professional services,22,Active,Verified,Medium,Low,18178.03,156,30.0,0.0226,1,1,0,0
LS015713,2026-08-01,US,Food & beverage,43,Active,Verified,Low,High,4577.82,58,19.5,0.0175,0,0,0,1
LS028535,2026-08-01,MX,Professional services,43,Active,Verified,High,Medium,6655.67,96,20.5,0.013,0,1,1,0
LS025323,2026-08-01,BR,Food & beverage,31,Active,Verified,Low,High,6306.71,71,53.9,0.0216,2,1,0,0
LS045522,2026-08-01,US,Digital goods,44,Active,Verified,Low,High,10988.6,280,30.3,0.0266,0,1,0,0
LS042699,2026-08-01,BR,Travel,26,Active,Verified,Low,Low,1942.99,29,30.5,0.0173,2,1,0,0
LS056125,2026-08-01,BR,Retail,19,Active,Verified,Medium,High,7935.79,125,32.4,0.0011,0,0,1,0
LS027692,2026-08-01,MX,Retail,13,Active,Pending,Low,Medium,32884.95,275,27.8,0.0138,1,1,1,0
LS059554,2026-08-01,CR,Professional services,25,Active,Verified,Low,Medium,1905.22,26,10.7,0.0,0,0,0,0
LS008856,2026-08-01,US,Retail,40,Active,Verified,Low,Low,10243.77,175,37.3,0.0169,0,1,0,0
LS007132,2026-08-01,MX,Retail,15,Active,Verified,Medium,Medium,20681.57,332,18.1,0.0144,0,0,0,0
LS039127,2026-08-01,US,Food & beverage,20,Active,Verified,Medium,Medium,17461.24,134,43.0,0.0042,1,0,0,0
LS055589,2026-08-01,BR,Professional services,37,Active,Verified,Low,Medium,2794.99,39,37.9,0.0107,2,0,0,0
LS013507,2026-08-01,BR,Food & beverage,28,Active,Verified,Low,Medium,189951.05,3106,36.1,0.0195,2,0,0,0
LS059197,2026-08-01,US,Retail,13,Active,Verified,Medium,High,17599.19,222,31.5,0.0136,0,0,0,0
LS041654,2026-08-01,CR,Retail,24,Active,Verified,High,High,3168.37,38,4.5,0.0,0,1,0,1
LS057728,2026-08-01,US,Digital goods,38,Active,Verified,Low,Medium,7579.88,119,31.8,0.0138,2,0,1,0
LS026469,2026-08-01,US,Digital goods,24,Active,Verified,High,Low,14568.74,194,13.0,0.001,0,1,1,0
LS042818,2026-08-01,BR,Food & beverage,15,Active,Verified,Low,Medium,10356.2,145,10.4,0.0,0,1,1,0
LS015887,2026-08-01,BR,Food & beverage,12,Active,Verified,Low,Medium,4262.21,55,20.0,0.0,0,1,0,0
LS037468,2026-08-01,US,Travel,4,Active,Verified,Low,High,7124.3,152,40.1,0.0161,0,1,1,1
LS028931,2026-08-01,US,Retail,32,Active,Verified,Low,Low,19263.51,360,32.2,0.0133,2,1,0,0
LS050751,2026-08-01,BR,Food & beverage,7,Active,Verified,Low,Low,7188.7,111,45.9,0.0175,2,1,1,0
LS045766,2026-08-01,US,Professional services,4,Active,Verified,Low,Medium,17945.91,285,32.4,0.0201,0,1,0,0
LS026598,2026-08-01,MX,Professional services,7,Active,Verified,Medium,Medium,8716.57,156,42.2,0.0146,5,1,1,0
LS059415,2026-08-01,BR,Food & beverage,7,Active,Verified,Medium,Medium,5490.74,83,24.1,0.0,0,1,0,0
LS036182,2026-08-01,MX,Digital goods,24,Active,Verified,Low,Medium,20429.73,204,12.1,0.002,1,0,1,0
LS021347,2026-08-01,BR,Retail,19,Active,Verified,Low,High,6006.87,140,31.6,0.0075,1,1,0,0
LS007219,2026-08-01,MX,Digital goods,27,Active,Verified,Low,Medium,18100.31,354,33.3,0.0254,3,1,1,0
LS030170,2026-08-01,MX,Retail,24,Active,Verified,Low,Low,21072.22,210,32.1,0.0136,0,1,0,0
LS052837,2026-08-01,CR,Digital goods,15,Active,Verified,Low,Low,29556.9,398,29.9,0.0207,0,1,0,0
LS043676,2026-08-01,MX,Digital goods,10,Active,Verified,Medium,Medium,3291.2,58,20.6,0.0,0,1,0,0
LS057258,2026-08-01,MX,Food & beverage,11,Active,Verified,Medium,Medium,35283.21,454,28.0,0.0145,0,1,0,0
LS018269,2026-08-01,US,Digital goods,27,Active,Verified,Low,Medium,18801.64,333,16.7,0.0079,1,1,0,0
LS018985,2026-08-01,US,Digital goods,48,Active,Verified,High,High,8157.25,91,7.7,0.0,0,0,0,0
LS038782,2026-08-01,US,Professional services,56,Active,Verified,Low,Low,4073.17,74,31.1,0.0089,0,1,0,0
LS055575,2026-08-01,MX,Food & beverage,41,Active,Verified,Low,High,20308.77,311,32.8,0.0148,0,1,0,0
LS045835,2026-08-01,BR,Food & beverage,23,Active,Verified,Low,Medium,8087.03,111,16.1,0.0,0,0,0,1
LS041980,2026-08-01,US,Food & beverage,52,Active,Verified,Low,Low,38801.03,688,35.6,0.0142,1,1,0,0
LS011956,2026-08-01,MX,Food & beverage,62,Active,Verified,Low,Medium,12364.28,137,53.2,0.0387,2,1,0,0
LS023622,2026-08-01,MX,Professional services,18,Active,Verified,Low,High,10457.67,181,46.2,0.025,2,1,0,0
LS044027,2026-08-01,US,Retail,31,Closed,Verified,Low,Medium,9027.35,324,25.3,0.0,1,1,1,0
LS007321,2026-08-01,US,Food & beverage,7,Active,Verified,Medium,Medium,50884.38,1037,24.9,0.0153,1,1,0,0
LS025066,2026-08-01,MX,Professional services,44,Paused,Verified,Low,Low,6700.67,57,18.0,0.0,2,1,0,1
LS004212,2026-08-01,CR,Food & beverage,32,Active,Pending,Medium,Medium,15477.05,263,13.1,0.0156,0,1,0,0
LS014230,2026-08-01,US,Professional services,36,Active,Verified,Low,Medium,6167.6,90,43.5,0.0283,1,0,0,0
LS016264,2026-08-01,BR,Retail,9,Active,Verified,Low,Medium,4534.4,44,30.2,0.0067,0,1,0,0
LS059875,2026-08-01,MX,,14,Active,Verified,Low,High,14165.53,163,40.5,0.0353,2,1,0,0
LS032848,2026-08-01,US,Digital goods,17,Active,Verified,Low,High,10739.94,187,37.2,0.0284,1,1,0,0
LS000460,2026-08-01,BR,Digital goods,17,Active,Verified,Medium,Medium,4823.55,116,21.1,0.0175,3,1,0,0
LS012928,2026-08-01,US,Food & beverage,41,Active,Verified,Low,High,23343.09,473,40.9,0.0193,2,1,1,0
LS017260,2026-08-01,BR,Professional services,44,Closed,Verified,Low,Low,19120.43,698,30.0,0.0,1,1,0,1
LS054198,2026-08-01,MX,Digital goods,34,Active,Verified,Medium,Medium,11441.73,188,33.1,0.0216,0,1,0,0
LS051956,2026-08-01,US,Professional services,62,Active,Verified,Medium,Low,24649.14,331,22.0,0.0109,1,1,1,0
LS035393,2026-08-01,MX,Professional services,22,Active,Verified,Low,High,11807.12,124,45.8,0.0306,2,0,0,0
LS019097,2026-08-01,MX,Professional services,12,Active,Verified,Low,Medium,42999.93,770,36.3,0.015,1,1,0,0
LS006214,2026-08-01,US,Retail,7,Active,Verified,Medium,Medium,15623.37,127,48.3,0.0245,2,1,0,0
LS010688,2026-08-01,US,Digital goods,17,Active,Verified,Low,High,5662.61,77,4.0,0.0,0,1,1,1
LS038918,2026-08-01,US,Food & beverage,30,Closed,Verified,Low,Medium,24202.25,281,9.0,0.0088,0,0,1,0
LS008377,2026-08-01,BR,Food & beverage,14,Active,Verified,Medium,Low,1158.17,13,54.1,0.0079,0,0,1,0
LS032372,2026-08-01,US,Digital goods,11,Active,Pending,Low,Medium,15311.42,136,20.4,0.0,0,1,1,0
LS046156,2026-08-01,BR,Retail,18,Active,Verified,Low,Medium,4482.49,110,25.3,0.0,2,0,0,0
LS038333,2026-08-01,MX,Retail,5,Active,Verified,Low,High,53408.9,881,27.9,0.0107,2,1,0,0
LS041572,2026-08-01,CR,Food & beverage,18,Active,Verified,Low,Low,10677.86,154,29.5,0.0,1,0,0,0
LS045091,2026-08-01,US,Retail,58,Active,Verified,Low,Low,7173.0,122,4.0,0.0,0,1,0,0
LS057723,2026-08-01,US,Retail,48,Active,Verified,Low,High,21322.49,678,15.9,0.0026,1,1,1,0
LS054678,2026-08-01,BR,Food & beverage,49,Paused,Pending,Low,High,16568.68,243,36.9,0.0146,1,1,0,0
LS019933,2026-08-01,US,Food & beverage,34,Active,Verified,Low,Low,26760.18,405,29.4,0.0093,0,1,0,0
LS018575,2026-08-01,BR,Professional services,53,Active,Verified,Low,Low,30238.55,510,37.3,0.01,0,1,0,0
LS003995,2026-08-01,CR,Food & beverage,76,Active,Verified,Medium,Medium,6688.95,56,7.4,0.0,2,1,0,0
LS041235,2026-08-01,CR,Professional services,14,Active,Verified,Medium,Medium,6406.4,100,4.0,0.0,0,1,0,0
LS021029,2026-08-01,US,Travel,18,Active,Verified,Low,Medium,8333.39,116,33.5,0.0052,0,1,1,0
LS034620,2026-08-01,US,Food & beverage,7,Active,Verified,Low,Low,19960.5,212,37.3,0.0165,1,1,0,0
LS046266,2026-08-01,US,Professional services,42,Active,Verified,Low,Low,12338.72,128,29.1,0.0165,2,1,0,0
LS045558,2026-08-01,US,Retail,45,Active,Verified,Low,Medium,6229.6,79,33.7,0.0091,1,1,0,0
LS001854,2026-08-01,US,Professional services,11,Active,Verified,Medium,Medium,3537.72,78,31.4,0.0132,1,1,1,0
LS055372,2026-08-01,US,Professional services,48,Active,Verified,Low,Medium,14505.85,279,23.3,0.0039,0,1,0,0
LS031593,2026-08-01,BR,Retail,70,Active,Verified,Low,Medium,26101.54,339,39.5,0.0201,1,1,0,0
LS017097,2026-08-01,MX,Food & beverage,24,Active,Verified,Medium,Medium,32875.15,278,4.0,0.0,0,0,0,1
LS046323,2026-08-01,BR,Professional services,17,Active,Verified,Low,Medium,3545.64,83,44.9,0.0022,2,1,1,1
LS045650,2026-08-01,MX,Travel,62,Active,Verified,Low,High,18812.96,353,28.2,0.0189,1,1,1,0
LS032411,2026-08-01,US,Retail,32,Active,Verified,Medium,High,13182.63,96,31.5,0.0177,0,1,0,0
LS036612,2026-08-01,BR,Retail,53,Active,Verified,Medium,Low,6404.2,101,42.1,0.0209,2,0,0,0
LS022458,2026-08-01,US,Food & beverage,21,Closed,Verified,Low,High,3302.81,31,5.8,0.0,0,1,0,0
LS042505,2026-08-01,US,Food & beverage,22,Active,Verified,Low,Medium,6037.08,80,14.7,0.0038,0,1,0,0
LS042018,2026-08-01,US,Professional services,18,Active,Verified,Low,Low,8546.97,103,41.9,0.0186,1,1,0,1
LS031896,2026-08-01,MX,Retail,39,Active,Verified,Medium,Medium,38498.17,828,23.3,0.0,0,0,0,0
LS008151,2026-08-01,US,Retail,31,Active,Verified,Low,Low,8885.32,124,44.3,0.0195,1,1,0,0
LS025918,2026-08-01,MX,Retail,4,Active,Verified,High,Low,32751.9,345,4.6,0.0081,0,1,1,0
LS007713,2026-08-01,BR,Retail,34,Active,Verified,Medium,Medium,11587.22,131,33.4,0.0209,0,0,0,0
LS036758,2026-08-01,MX,Food & beverage,32,Active,Verified,Medium,Medium,24976.69,391,40.4,0.0119,0,1,0,0
LS011423,2026-08-01,US,Professional services,18,Active,Verified,High,Low,7608.57,179,36.2,0.0178,1,1,0,0
LS004455,2026-08-01,BR,Food & beverage,52,Active,Verified,Medium,Medium,1839.85,39,44.8,0.0024,1,0,0,0
LS004229,2026-08-01,US,Retail,40,Paused,Verified,Medium,Medium,6343.98,56,27.4,0.0091,1,1,1,0
LS048255,2026-08-01,US,Retail,12,Active,Verified,Medium,High,20428.71,459,28.8,0.0187,2,1,0,1
LS036040,2026-08-01,MX,Digital goods,51,Active,Verified,Low,Low,24100.63,187,4.0,0.0036,0,1,0,0
LS008182,2026-08-01,US,Retail,66,Active,Verified,Low,Medium,2797.03,72,31.4,0.0127,2,0,0,0
LS019571,2026-08-01,US,Food & beverage,52,Active,Verified,Low,Medium,10335.65,142,32.3,0.0182,1,1,0,0
LS054421,2026-08-01,MX,Travel,34,Active,Verified,Low,Low,12229.66,214,30.9,0.0079,2,0,0,1
LS028375,2026-08-01,US,Food & beverage,27,Active,Verified,Low,Low,2442.64,34,35.4,0.0102,1,1,0,0
LS018213,2026-08-01,US,Food & beverage,73,Active,Verified,Medium,Medium,23167.96,462,14.3,0.009,1,1,0,0
LS008767,2026-08-01,MX,Retail,49,Active,Verified,High,Medium,5383.56,78,45.1,0.0292,1,1,0,0
LS058804,2026-08-01,US,Food & beverage,33,Active,Verified,Medium,Medium,7231.79,98,27.1,0.0,0,0,0,1
LS040990,2026-08-01,MX,Food & beverage,27,Active,Verified,Low,Low,12016.06,209,42.2,0.026,0,1,1,0
LS012067,2026-08-01,CR,Digital goods,8,Active,Verified,Low,Low,7182.97,136,27.7,0.0173,1,1,0,0
LS012205,2026-08-01,US,Retail,6,Active,Verified,Low,High,123072.93,2376,15.1,0.0,0,1,0,0
LS018060,2026-08-01,CR,Food & beverage,20,Active,Verified,Low,Medium,19314.88,332,23.6,0.0021,0,1,0,1
LS038339,2026-08-01,MX,Professional services,3,Active,Verified,Low,Low,7095.37,138,24.7,0.0069,1,1,0,0
LS038127,2026-08-01,US,Professional services,44,Closed,Verified,Low,High,2704.61,37,42.3,0.0146,0,1,0,1
LS043268,2026-08-01,US,Digital goods,23,Active,Verified,Low,Low,29360.35,301,20.8,0.0014,0,1,0,0
LS000954,2026-08-01,BR,Retail,27,Active,Verified,Low,Medium,75814.93,533,34.1,0.0171,1,1,0,0
LS052936,2026-08-01,US,Digital goods,24,Active,Verified,Low,High,20425.68,226,12.4,0.0,0,0,0,1
LS026885,2026-08-01,BR,Retail,39,Active,Verified,Low,High,14393.36,105,47.0,0.027,0,1,0,0
LS021643,2026-08-01,CR,Food & beverage,17,Active,Verified,Low,Medium,12342.06,154,35.2,0.0087,1,0,1,0
LS006865,2026-08-01,MX,Professional services,69,Active,Expired,Medium,Medium,7773.16,106,36.4,0.0294,0,0,1,0
LS023384,2026-08-01,MX,Retail,38,Active,Pending,Medium,Medium,1478.21,34,51.6,0.02,0,0,0,0
LS039222,2026-08-01,CR,Digital goods,26,Active,Verified,Low,Medium,7634.02,201,8.4,0.0084,1,1,0,0
LS013626,2026-08-01,MX,Professional services,39,Paused,Verified,Low,Medium,39815.32,633,21.0,0.0129,1,1,1,0
LS005990,2026-08-01,US,Professional services,15,Active,Verified,Low,Medium,53531.03,1194,35.2,0.0214,1,0,1,0
LS045392,2026-08-01,US,Digital goods,44,Active,Verified,Low,Medium,2214.66,52,25.7,0.0112,1,0,0,0
LS046146,2026-08-01,MX,Professional services,18,Active,Verified,Low,Medium,30574.26,250,31.2,0.0128,0,1,0,0
LS001003,2026-08-01,MX,Retail,30,Active,Verified,Low,Low,15239.79,267,30.5,0.0206,1,1,0,1
LS038307,2026-08-01,US,Food & beverage,10,Active,Verified,Low,Low,8196.26,102,31.4,0.0207,2,1,0,0
LS030121,2026-08-01,CR,Retail,5,Active,Verified,Low,Low,6513.34,100,42.8,0.0344,2,0,0,1
LS013996,2026-08-01,MX,Retail,12,Active,Verified,Low,Medium,2795.16,50,33.1,0.0236,0,1,0,0
LS003235,2026-08-01,US,Retail,9,Active,Verified,Low,Low,6428.23,104,15.1,0.0105,1,1,0,0
LS032124,2026-08-01,MX,Food & beverage,11,Closed,Pending,Low,Medium,14810.52,305,17.1,0.021,2,1,1,0
LS048649,2026-08-01,CR,Retail,25,Active,Verified,Low,Medium,26476.65,261,15.2,0.0111,0,0,1,0
LS004746,2026-08-01,BR,Retail,14,Active,Verified,Low,Low,115761.35,2434,29.0,0.0012,2,1,0,0
LS012981,2026-08-01,US,Digital goods,41,Active,Verified,Medium,High,10772.9,168,7.5,0.0085,0,1,1,0
LS003769,2026-08-01,US,Food & beverage,37,Active,Verified,Medium,Medium,9302.79,109,13.1,0.0027,1,1,0,0
LS054339,2026-08-01,BR,Retail,77,Active,Verified,High,Low,6245.0,81,16.0,0.0147,1,0,0,0
LS030366,2026-08-01,MX,Professional services,27,Active,Verified,Low,Medium,73678.73,646,4.0,0.0,1,0,0,0
LS022970,2026-08-01,BR,Professional services,11,Active,Verified,Low,Medium,44101.68,671,21.1,0.0102,0,1,1,0
LS046757,2026-08-01,US,Retail,65,Active,Verified,High,Low,37043.75,734,26.5,0.0,1,0,1,0
LS037579,2026-08-01,US,Digital goods,24,Closed,Verified,Low,High,42005.34,495,19.8,0.0028,0,1,0,0
LS030082,2026-08-01,BR,Professional services,11,Active,Verified,Low,High,12075.99,189,36.5,0.0111,0,1,0,0
LS028221,2026-08-01,US,Retail,14,Active,Verified,Low,Medium,8942.73,116,16.9,0.016,0,0,0,0
LS014617,2026-08-01,BR,Retail,14,Active,Verified,Medium,High,52013.2,703,39.3,0.0021,0,1,0,0
LS053995,2026-08-01,MX,Food & beverage,8,Active,Verified,Low,Medium,9959.86,93,47.2,0.0213,1,1,0,0
LS042861,2026-08-01,MX,Professional services,-1,Active,Verified,Medium,Medium,19876.76,230,28.2,0.0086,0,1,1,0
LS027282,2026-08-01,US,Retail,31,Active,Pending,Medium,Medium,28775.42,515,26.6,0.015,1,1,1,1
LS031906,2026-08-01,MX,Travel,7,Active,Verified,Low,Low,25387.78,505,34.4,0.0194,0,1,0,0
LS024204,2026-08-01,BR,Retail,44,Active,Verified,Low,High,25330.57,243,38.5,0.0255,1,1,0,1
LS014728,2026-08-01,US,Professional services,26,Active,Verified,Low,Medium,33867.02,409,40.3,0.0167,1,0,1,0
LS040593,2026-08-01,MX,Travel,13,Active,Verified,Low,Medium,22565.19,268,29.3,0.0199,1,1,0,0
LS038590,2026-08-01,BR,Retail,20,Active,Verified,Low,High,12362.35,180,39.3,0.0163,0,1,0,0
LS041667,2026-08-01,US,Retail,34,Active,Verified,Low,Medium,74867.53,1616,27.7,0.0113,0,0,1,0
LS041939,2026-08-01,US,Professional services,35,Active,Verified,Low,Low,19923.28,231,39.1,0.0097,0,0,0,0
LS009607,2026-08-01,US,Food & beverage,5,Active,Verified,Low,Medium,21020.76,290,23.9,0.0076,1,0,1,0
LS033854,2026-08-01,US,Travel,41,Active,Verified,Low,Medium,1686.93,20,18.2,0.0,0,1,0,0
LS057636,2026-08-01,CR,Digital goods,17,Active,Verified,Low,Medium,22294.58,266,4.0,0.0,0,1,0,0
LS023214,2026-08-01,MX,Professional services,14,Active,Verified,Medium,Low,4401.67,62,54.9,0.0187,0,1,1,0
LS041872,2026-08-01,US,Professional services,21,Active,Verified,Low,Medium,12104.78,85,29.7,0.01,1,0,0,0
LS005411,2026-08-01,US,Retail,27,Active,Verified,Medium,Low,23423.86,433,32.8,0.0033,1,1,0,1
LS015157,2026-08-01,US,Food & beverage,4,Active,Verified,Low,Medium,9106.6,115,12.3,0.0,1,0,0,0
LS030978,2026-08-01,BR,Retail,38,Active,Verified,Medium,Medium,19195.66,310,17.4,0.0042,1,1,0,0
LS020815,2026-08-01,US,Travel,6,Active,Verified,Medium,Medium,14312.01,307,15.6,0.0188,0,1,0,0
LS005517,2026-08-01,BR,Digital goods,18,Active,Verified,Medium,Low,11164.66,99,18.6,0.0,0,0,0,0
LS034615,2026-08-01,MX,Professional services,23,Paused,Verified,Medium,Low,63599.58,1483,19.0,0.0103,2,1,0,0
LS017014,2026-08-01,MX,Retail,32,Active,Verified,Low,Medium,3140.07,55,25.1,0.0175,0,0,0,0
LS020291,2026-08-01,MX,Retail,9,Active,Verified,High,Medium,19735.51,173,17.1,0.0087,1,1,0,0
LS051443,2026-08-01,US,Travel,26,Active,Verified,Low,Low,8817.68,106,32.4,0.0153,1,1,1,0
LS032789,2026-08-01,MX,Food & beverage,40,Active,Verified,High,High,8008.45,112,10.6,0.0051,0,1,1,0
LS026669,2026-08-01,MX,Retail,37,Active,Pending,Medium,Medium,22940.47,653,17.3,0.0119,1,0,0,0
LS039959,2026-08-01,US,Food & beverage,14,Active,Expired,Low,Medium,3489.15,88,25.9,0.0,1,1,0,0
LS008808,2026-08-01,CR,Retail,31,Active,Verified,Low,Medium,32787.32,285,38.3,0.0113,0,0,1,0
LS035444,2026-08-01,US,Food & beverage,16,Active,Pending,Low,Low,10353.05,137,10.2,0.0138,0,1,0,0
LS012913,2026-08-01,US,Digital goods,15,Active,Verified,Medium,Low,4637.69,111,40.1,0.0101,0,1,0,0
LS043640,2026-08-01,MX,Digital goods,27,Active,Verified,Low,Low,14704.1,282,6.1,0.0155,0,1,0,0
LS058400,2026-08-01,MX,Travel,68,Active,Verified,Medium,Medium,37840.66,887,31.9,0.0262,1,1,0,0
LS043642,2026-08-01,CR,Professional services,79,Active,Verified,Medium,Low,15782.98,120,39.2,0.0072,0,1,0,1
LS021487,2026-08-01,US,Digital goods,53,Active,Verified,Low,High,4493.12,49,36.0,0.0186,2,1,1,0
LS009461,2026-08-01,MX,Professional services,41,Active,Expired,Low,Medium,13214.43,295,23.5,0.0168,0,0,0,0
LS034886,2026-08-01,MX,Food & beverage,15,Active,Verified,Low,Medium,5468.1,56,22.6,0.0057,1,1,0,0
LS020818,2026-08-01,US,Retail,10,Active,Verified,Low,Medium,34775.29,458,12.8,0.0,0,1,0,0
LS057372,2026-08-01,MX,Digital goods,45,Active,Pending,Low,Low,9841.51,137,10.1,0.0,1,1,0,0
LS006254,2026-08-01,MX,Food & beverage,37,Closed,Verified,Low,Low,11196.56,208,4.0,0.0,1,0,0,0
LS057957,2026-08-01,MX,Travel,22,Active,Verified,Low,Medium,9008.02,132,49.0,0.0285,0,1,0,0
LS015163,2026-08-01,MX,Professional services,57,Active,Verified,High,High,2522.86,25,24.0,0.0058,2,0,0,0
LS056933,2026-08-01,BR,Retail,30,Active,Verified,Medium,Medium,14659.52,100,31.6,0.0103,1,0,0,1
LS019833,2026-08-01,BR,Retail,8,Paused,Verified,Low,Medium,3452.94,57,33.7,0.0158,0,0,1,1
LS016334,2026-08-01,CR,Retail,16,Active,Pending,Medium,Medium,6963.21,75,14.3,0.0141,1,1,0,0
LS013246,2026-08-01,US,Professional services,16,Active,Verified,High,Low,3224.06,57,19.6,0.0,0,1,0,0
LS018030,2026-08-01,CR,Retail,27,Active,Verified,Low,Low,8583.73,109,4.0,0.0,1,0,1,0
LS058573,2026-08-01,BR,Digital goods,23,Active,Verified,Low,High,3523.22,60,37.0,0.0095,0,0,0,0
LS004250,2026-08-01,US,Retail,31,Active,Verified,Medium,High,16267.72,297,21.9,0.001,0,1,0,0
LS051600,2026-08-01,MX,Food & beverage,31,Active,Verified,Low,Low,11598.06,101,27.6,0.0199,0,1,0,0
LS020381,2026-08-01,US,Professional services,83,Active,Verified,Low,High,30134.96,580,19.6,0.0,0,1,0,0
LS000394,2026-08-01,BR,Retail,17,Active,Verified,Medium,Medium,5337.38,74,4.2,0.0001,0,0,0,0
LS033914,2026-08-01,US,Retail,67,Active,Verified,Low,High,64437.86,897,40.4,0.03,1,1,1,0
LS043709,2026-08-01,US,Digital goods,25,Active,Verified,Low,Medium,4072.02,88,15.3,0.0023,1,1,0,0
LS027142,2026-08-01,US,Retail,12,Active,Verified,Low,Low,5619.63,126,15.3,0.0063,0,0,0,0
LS017082,2026-08-01,MX,Retail,22,Active,Verified,Low,Medium,16495.48,246,16.2,0.0,0,1,0,0
LS001073,2026-08-01,CR,Professional services,28,Active,Verified,High,Medium,16926.73,314,32.4,0.029,0,0,0,0
LS012393,2026-08-01,BR,Food & beverage,13,Active,Verified,Low,High,25473.63,501,34.9,0.0045,0,1,1,0
LS012295,2026-08-01,BR,Retail,29,Active,Verified,Low,Medium,26593.24,333,18.9,0.0,0,1,0,0
LS034195,2026-08-01,US,Retail,31,Active,Pending,Low,Medium,5935.19,40,21.9,0.0173,0,0,0,0
LS046313,2026-08-01,US,Professional services,27,Active,Verified,Medium,High,5337.05,68,17.9,0.0096,0,0,0,1
LS003863,2026-08-01,MX,Food & beverage,23,Active,Verified,Low,Low,18578.53,343,12.9,0.0,0,1,0,0
LS031708,2026-08-01,US,Professional services,20,Active,Verified,High,Medium,33755.91,442,33.6,0.0096,0,1,0,0
LS007429,2026-08-01,BR,Food & beverage,25,Paused,Verified,Low,Medium,9636.93,184,11.6,0.0085,1,1,0,0
LS012462,2026-08-01,US,Retail,63,Active,Verified,Low,Medium,7098.07,110,4.0,0.0,0,0,0,0
LS010509,2026-08-01,CR,Food & beverage,23,Active,Verified,Low,Low,40219.46,314,28.4,0.0,0,1,0,0
LS056338,2026-08-01,US,Food & beverage,83,Active,Verified,Medium,Medium,7024.38,103,25.0,0.0017,0,0,0,0
LS049629,2026-08-01,US,Digital goods,26,Closed,Verified,Medium,Medium,12990.89,150,13.4,0.013,0,1,0,0
LS030839,2026-08-01,US,Professional services,13,Active,Verified,Medium,High,5186.36,113,4.0,0.0,0,1,0,1
LS016801,2026-08-01,MX,Food & beverage,7,Active,Verified,Low,High,10465.09,226,29.2,0.0237,0,1,0,0
LS025086,2026-08-01,US,Food & beverage,26,Active,Verified,Low,Medium,30870.85,219,39.3,0.0198,1,1,0,0
LS041627,2026-08-01,MX,Professional services,12,Active,Verified,Medium,Low,33311.94,589,20.7,0.0049,1,1,0,0
LS013395,2026-08-01,MX,Retail,41,Active,Verified,Low,Low,6411.09,69,26.5,0.0,1,1,0,0
LS043601,2026-08-01,CR,Retail,30,Active,Verified,High,High,24506.91,342,52.2,0.0203,1,1,1,0
LS041604,2026-08-01,US,Travel,7,Active,Verified,Low,Medium,17192.84,252,25.8,0.0152,1,1,0,0
LS029674,2026-08-01,MX,Food & beverage,48,Active,Verified,Low,Medium,3714.13,37,14.2,0.0008,0,1,0,0
LS023080,2026-08-01,BR,Professional services,42,Active,Verified,Low,High,4190.48,93,58.4,0.0227,2,0,0,0
LS021724,2026-08-01,US,Food & beverage,45,Active,Expired,Low,Low,3513.79,33,38.6,0.015,0,1,0,0
LS051477,2026-08-01,US,Food & beverage,55,Active,Verified,Medium,Low,4504.45,63,16.1,0.0071,2,0,0,0
LS041344,2026-08-01,BR,Professional services,27,Active,Verified,Low,High,6059.58,60,17.1,0.002,0,1,0,0
LS012504,2026-08-01,MX,Digital goods,44,Active,Verified,Low,Low,67115.55,1223,30.9,0.0051,0,1,0,0
LS055430,2026-08-01,CR,Professional services,19,Closed,Verified,Low,Medium,22180.56,292,52.5,0.0304,3,1,0,1
LS055712,2026-08-01,BR,Professional services,43,Active,Verified,Low,High,12426.21,304,20.4,0.0151,0,0,0,1
LS007421,2026-08-01,US,Retail,15,Active,Verified,Low,High,1211.55,13,39.0,0.0178,1,0,0,0
LS000821,2026-08-01,US,Professional services,48,Active,Verified,Medium,Low,6271.72,121,13.2,0.0,1,1,0,1
LS004507,2026-08-01,US,Food & beverage,57,Active,Verified,High,Medium,6459.9,87,28.7,0.0258,1,1,0,0
LS010064,2026-08-01,US,Digital goods,46,Active,Verified,Low,High,14445.23,106,32.0,0.02,4,1,0,0
LS041694,2026-08-01,MX,Retail,67,Active,Verified,Low,Low,27937.37,260,20.6,0.0,0,1,0,0
LS023513,2026-08-01,MX,Retail,6,Active,Pending,Low,Low,5602.28,41,21.4,0.0073,1,1,0,0
LS047174,2026-08-01,US,Food & beverage,21,Active,Pending,Low,Low,4046.88,63,17.9,0.0,0,0,0,0
LS005319,2026-08-01,US,Retail,26,Active,Verified,Low,Medium,5075.2,138,31.7,0.0041,0,1,0,0
LS010120,2026-08-01,BR,Professional services,33,Active,Expired,Medium,Medium,13160.98,175,8.3,0.0003,1,1,0,0
LS020447,2026-08-01,US,Travel,33,Active,Verified,Medium,Low,9004.26,146,4.0,0.0,0,0,0,0
LS055923,2026-08-01,BR,Retail,11,Active,Verified,Low,Low,10435.79,179,24.7,0.0013,0,1,0,1
LS011902,2026-08-01,US,Retail,12,Active,Verified,Low,High,12440.56,196,23.7,0.0255,0,1,0,0
LS016898,2026-08-01,MX,Retail,19,Active,Verified,Medium,Low,9528.35,215,22.7,0.0084,0,1,0,0
LS015647,2026-08-01,MX,Digital goods,14,Active,Verified,Medium,Medium,6070.07,72,25.1,0.0,0,0,0,1
LS051786,2026-08-01,US,Digital goods,25,Active,Pending,Low,Low,23561.73,778,21.1,0.0127,0,1,0,0
LS038736,2026-08-01,US,Retail,19,Active,Verified,Low,Medium,100640.81,1104,4.0,0.0019,2,1,1,0
LS013531,2026-08-01,CR,Professional services,14,Active,Pending,Low,High,27633.98,261,13.9,0.0071,0,1,0,0
LS055256,2026-08-01,US,Professional services,51,Active,Expired,Low,High,12249.25,148,23.7,0.0127,2,1,0,1
LS034501,2026-08-01,US,Professional services,18,Active,Verified,Low,Low,5858.87,88,42.5,0.0258,1,1,0,0
LS013871,2026-08-01,BR,Retail,25,Active,Verified,Low,Medium,8954.11,103,18.1,0.0054,0,0,0,0
LS030327,2026-08-01,BR,Professional services,22,Closed,Verified,Medium,Medium,1789.21,44,27.4,0.0,0,0,0,0
LS018240,2026-08-01,MX,Digital goods,8,Active,Verified,Low,Low,95958.44,1581,25.3,0.0145,1,0,1,0
LS052720,2026-08-01,US,Food & beverage,23,Active,Verified,Low,Low,19558.15,353,4.0,0.0,1,1,0,1
LS053985,2026-08-01,US,Digital goods,11,Active,Verified,Low,Low,8940.2,167,4.0,0.006,1,1,1,0
LS031679,2026-08-01,BR,Digital goods,9,Active,Verified,Medium,Low,23900.96,481,45.1,0.0255,1,1,0,1
LS038773,2026-08-01,BR,Travel,9,Active,Verified,Low,Medium,4932.58,144,38.9,0.019,2,0,0,0
LS048531,2026-08-01,US,Retail,36,Active,Verified,Low,Medium,16563.98,170,27.7,0.0156,0,1,1,0
LS047952,2026-08-01,CR,Professional services,27,Active,Verified,Low,Low,26775.28,260,25.5,0.0094,1,0,0,0
LS041499,2026-08-01,US,Food & beverage,27,Active,Pending,Low,Low,27077.32,361,14.4,0.0123,0,0,0,0
LS021872,2026-08-01,US,Digital goods,14,Active,Verified,Low,Medium,14972.46,333,40.8,0.0407,2,1,0,0
LS055906,2026-08-01,BR,Professional services,21,Active,Verified,Medium,Low,3232.48,40,26.0,0.0159,0,1,1,0
LS002138,2026-08-01,CR,Travel,40,Active,Verified,Medium,Medium,37675.11,456,20.7,0.0083,3,1,0,0
LS010953,2026-08-01,US,Food & beverage,23,Active,Verified,Medium,Low,10088.33,64,25.1,0.0247,4,0,0,0
LS015532,2026-08-01,US,Digital goods,23,Paused,Verified,Medium,Medium,15956.48,137,27.6,0.0026,0,0,0,0
LS014144,2026-08-01,US,Retail,29,Active,Verified,Medium,High,79036.38,556,41.7,0.0088,0,1,0,0
LS057149,2026-08-01,US,Food & beverage,69,Active,Verified,Low,Medium,14928.5,109,16.3,0.0003,0,1,0,1
LS033772,2026-08-01,BR,Professional services,36,Active,Verified,Medium,Medium,9195.74,222,23.8,0.0059,2,1,0,1
LS057572,2026-08-01,MX,Professional services,29,Paused,Verified,Low,Medium,12014.49,212,25.6,0.0113,1,1,0,0
LS050600,2026-08-01,US,Digital goods,61,Active,Verified,Medium,Medium,101423.14,1581,31.2,0.0184,1,1,0,0
LS023815,2026-08-01,MX,Retail,17,Active,Verified,Medium,Low,43040.29,1170,24.8,0.017,0,1,0,0
LS002773,2026-08-01,US,Food & beverage,11,Active,Verified,Low,High,44490.81,699,30.7,0.015,2,1,1,1
LS046427,2026-08-01,BR,Retail,31,Active,Verified,Low,Low,7306.58,127,4.0,0.0,0,1,0,0
LS004105,2026-08-01,US,Digital goods,45,Active,Verified,Low,High,5095.47,93,15.7,0.0104,0,1,0,0
LS032095,2026-08-01,MX,Digital goods,38,Active,Verified,Medium,Medium,13084.27,248,26.3,0.0068,1,1,0,0
LS015233,2026-08-01,US,Professional services,30,Active,Verified,Medium,High,23638.19,377,16.0,0.0,2,1,1,0
LS015918,2026-08-01,MX,Professional services,10,Active,Verified,Medium,Low,32600.93,494,32.3,0.0055,1,1,0,0
LS023043,2026-08-01,MX,Food & beverage,16,Active,Verified,Medium,Low,22105.08,371,22.3,0.0,0,1,0,0
LS008458,2026-08-01,MX,Food & beverage,8,Active,Verified,Low,Low,15709.09,130,31.8,0.0111,1,1,0,0
LS037124,2026-08-01,CR,Food & beverage,23,Active,Expired,Medium,Low,7924.65,177,53.1,0.0463,3,1,0,1
LS018432,2026-08-01,BR,Professional services,16,Paused,Pending,Medium,Low,29993.56,895,33.5,0.0175,0,0,0,0
LS012738,2026-08-01,MX,Professional services,21,Active,Verified,Low,High,28673.12,430,18.2,0.0,0,1,0,0
LS052110,2026-08-01,US,Professional services,31,Active,Expired,Low,Medium,21243.06,318,33.6,0.0127,2,1,0,0
LS058266,2026-08-01,BR,Retail,27,Active,Verified,Low,Low,31736.47,374,35.9,0.0,1,1,0,0
LS042143,2026-08-01,MX,Travel,52,Active,Verified,Low,Medium,4138.6,54,27.6,0.0194,0,1,0,0
LS040098,2026-08-01,MX,Professional services,15,Active,Verified,Low,Low,2886.56,52,26.3,0.0235,0,1,0,0
LS020518,2026-08-01,US,Digital goods,38,Active,Verified,Low,Low,21390.46,277,30.4,0.0023,0,1,0,0
LS045551,2026-08-01,CR,Retail,10,Active,Verified,Low,Low,11320.99,193,31.7,0.0074,2,1,0,0
LS004114,2026-08-01,MX,Digital goods,57,Active,Verified,Medium,High,10444.71,193,14.0,0.0097,0,1,1,0
LS050793,2026-08-01,MX,Food & beverage,10,Active,Verified,Low,Medium,12920.4,119,29.5,0.0092,2,1,0,0
LS058138,2026-08-01,US,Travel,19,Active,Verified,Low,Medium,26130.5,443,49.2,0.0229,2,1,0,0
LS022383,2026-08-01,CR,Professional services,16,Active,Verified,Low,Medium,10411.64,221,30.1,0.011,0,0,0,0
LS034145,2026-08-01,US,Retail,18,Active,Verified,Low,Medium,13209.56,135,19.6,0.0108,0,1,0,0
LS048653,2026-08-01,US,Food & beverage,31,Active,Verified,Low,Low,12826.87,288,28.8,0.0065,0,1,0,0
LS011489,2026-08-01,BR,Retail,43,Active,Verified,Medium,Medium,3610.66,71,31.7,0.0103,1,0,0,1
LS012270,2026-08-01,BR,Digital goods,10,Active,Verified,Low,Medium,22865.23,406,50.8,0.0173,1,1,1,0
LS010789,2026-08-01,US,Digital goods,8,Active,Verified,Low,Medium,10101.15,125,41.2,0.0266,0,0,0,0
LS053826,2026-08-01,MX,Retail,11,Active,Verified,Low,Medium,3392.86,40,27.3,0.0076,0,1,0,0
LS049958,2026-08-01,BR,Retail,37,Active,Verified,Low,Medium,15535.5,376,41.0,0.012,2,0,0,0
LS007928,2026-08-01,BR,Professional services,34,Active,Verified,Medium,Low,10173.13,156,41.2,0.0099,1,1,1,0
LS022996,2026-08-01,US,Food & beverage,38,Active,Verified,Low,Low,8652.63,203,13.9,0.0016,1,0,0,0
LS036111,2026-08-01,BR,Retail,16,Active,Verified,Low,Medium,10885.6,147,40.8,0.0237,4,1,0,0
LS054270,2026-08-01,US,Food & beverage,30,Active,Verified,Low,Low,14092.77,93,38.0,0.0154,0,1,1,0
LS004274,2026-08-01,BR,Professional services,49,Active,Verified,Low,Low,112856.51,1426,34.1,0.0071,0,1,0,0
LS043418,2026-08-01,MX,Professional services,50,Active,Verified,Medium,Low,26934.31,346,52.8,0.0112,0,1,0,0
LS043090,2026-08-01,US,Retail,54,Active,Verified,Low,Low,5159.19,53,33.3,0.0246,1,0,0,0
LS051612,2026-08-01,BR,Professional services,17,Paused,Verified,Medium,Medium,7146.33,102,37.4,0.0081,0,0,0,0
LS037812,2026-08-01,US,Travel,16,Active,Verified,Low,Medium,24579.47,410,33.5,0.0332,2,1,0,1
LS057477,2026-08-01,BR,Professional services,62,Active,Verified,Low,Low,11591.51,203,44.2,0.0212,2,1,1,0
LS006316,2026-08-01,BR,Food & beverage,16,Active,Verified,Low,Medium,4824.4,62,39.7,0.0111,1,1,0,0
LS056884,2026-08-01,CR,Food & beverage,60,Active,Verified,Medium,Low,40669.21,634,14.1,0.0115,1,0,1,0
LS047024,2026-08-01,BR,Retail,6,Active,Verified,Low,Low,33975.56,278,30.9,0.0222,0,1,1,1
LS006159,2026-08-01,BR,Digital goods,21,Closed,Pending,Medium,High,5704.49,126,5.1,0.0,0,1,0,0
LS011942,2026-08-01,BR,Retail,18,Active,Verified,Low,Low,8662.12,119,10.7,0.0,0,0,0,0
LS052901,2026-08-01,US,Food & beverage,17,Active,Verified,High,Low,8350.36,84,20.2,0.0151,0,1,0,0
LS053006,2026-08-01,MX,Food & beverage,18,Active,Verified,Medium,Medium,7034.07,131,20.2,0.0026,1,1,1,0
LS034626,2026-08-01,MX,Travel,84,Active,Verified,Medium,Medium,10485.16,98,16.1,0.0061,1,1,0,0
LS025050,2026-08-01,US,Digital goods,12,Active,Verified,Medium,Low,5192.54,49,27.1,0.0258,0,1,0,0
LS036176,2026-08-01,MX,Retail,43,Active,Verified,Low,High,4359.69,82,12.1,0.0,0,1,0,0
LS024129,2026-08-01,CR,Food & beverage,45,Active,Verified,Low,Medium,37023.64,991,40.4,0.0182,0,1,0,1
LS040581,2026-08-01,MX,Food & beverage,41,Active,Verified,High,Medium,15293.5,258,6.8,0.0102,0,1,0,0
LS044215,2026-08-01,US,Professional services,17,Active,Verified,Medium,Medium,5240.42,99,42.5,0.0297,0,1,0,0
LS013703,2026-08-01,MX,Professional services,22,Active,Verified,Low,Medium,3726.63,67,24.1,0.0201,1,0,0,0
LS053485,2026-08-01,US,Digital goods,21,Active,Verified,High,Medium,1328.14,13,21.3,0.0076,0,0,0,0
LS035198,2026-08-01,MX,Travel,36,Active,Verified,Low,Medium,6270.81,45,43.5,0.0217,0,0,0,0
LS047229,2026-08-01,BR,Retail,38,Active,Verified,Low,Low,20553.71,170,10.0,0.0022,0,1,0,0
LS053751,2026-08-01,US,Professional services,52,Paused,Verified,Medium,High,3581.33,69,39.9,0.0301,1,0,0,1
LS002242,2026-08-01,BR,Digital goods,29,Active,Verified,High,High,8329.52,178,23.2,0.0041,0,0,0,0
LS033985,2026-08-01,US,Travel,20,Active,Verified,Low,Medium,11782.22,103,35.5,0.0161,0,0,1,0
LS003015,2026-08-01,MX,Professional services,61,Active,Verified,Medium,High,24818.3,270,36.6,0.0169,0,1,0,0
LS020341,2026-08-01,US,Retail,15,Active,Verified,High,High,25689.83,309,27.1,0.0156,2,0,0,0
LS031987,2026-08-01,MX,Retail,74,Active,Verified,Low,Low,6693.82,79,4.0,0.0,1,0,0,0
LS022998,2026-08-01,MX,Retail,14,Active,Verified,Medium,Low,13025.2,486,9.9,0.0,1,1,0,0
LS045857,2026-08-01,US,Retail,9,Active,Verified,High,Medium,7839.8,180,24.1,0.0097,0,0,0,0
LS006444,2026-08-01,BR,Retail,29,Active,Verified,High,Low,34511.63,352,14.8,0.0,0,1,1,0
LS031276,2026-08-01,US,Digital goods,26,Active,Verified,Medium,Low,5737.22,43,17.1,0.0,0,0,0,0
LS043502,2026-08-01,US,Food & beverage,57,Active,Verified,High,Medium,7161.84,102,19.1,0.0099,0,0,0,0
LS039352,2026-08-01,US,Professional services,18,Active,Verified,Low,Medium,10824.91,243,23.7,0.0096,1,1,1,0
LS033804,2026-08-01,US,Digital goods,27,Active,Verified,Medium,Low,10399.57,68,42.3,0.0229,2,1,0,0
LS035225,2026-08-01,CR,Retail,20,Paused,Pending,Medium,Low,9161.23,153,24.0,0.011,1,1,1,0
LS005880,2026-08-01,US,Digital goods,38,Active,Pending,Low,Medium,14338.55,268,11.0,0.0039,1,1,1,0
LS025602,2026-08-01,BR,Professional services,8,Active,Verified,Low,Medium,16022.0,162,24.2,0.0157,0,0,1,0
LS025932,2026-08-01,BR,Retail,36,Active,Verified,Medium,High,12343.02,222,23.5,0.0,1,0,0,0
LS025585,2026-08-01,BR,Digital goods,66,Active,Verified,High,Medium,28201.8,465,22.8,0.0209,1,1,1,0
LS059790,2026-08-01,MX,Digital goods,30,Active,Verified,Low,Low,4416.54,34,26.4,0.0004,0,1,0,0
LS032462,2026-08-01,BR,Digital goods,27,Active,Verified,Low,Medium,2847.13,27,11.2,0.0013,0,0,0,0
LS035323,2026-08-01,BR,Digital goods,14,Active,Verified,Medium,Low,12754.48,207,37.4,0.0192,1,0,1,0
LS038329,2026-08-01,US,Digital goods,69,Active,Verified,Medium,Medium,11764.02,179,28.4,0.009,0,1,1,0
LS050007,2026-08-01,BR,Professional services,36,Active,Verified,Low,High,31574.83,888,39.3,0.0181,0,1,0,0
LS012846,2026-08-01,US,Retail,8,Active,Verified,Medium,Medium,9886.26,120,14.2,0.0073,1,1,0,0
LS027552,2026-08-01,BR,Professional services,32,Active,Verified,Medium,Medium,13817.5,139,42.0,0.0082,0,1,1,0
LS023761,2026-08-01,BR,Food & beverage,18,Active,Verified,Low,Low,14156.9,181,45.8,0.0206,2,1,0,0
LS015404,2026-08-01,US,Food & beverage,27,Active,Verified,Low,High,4009.5,62,55.5,0.0219,1,1,0,0
LS003744,2026-08-01,MX,Food & beverage,27,Active,Verified,Low,Medium,12327.98,238,31.7,0.0055,0,1,0,0
LS033430,2026-08-01,US,Professional services,5,Active,Verified,Low,Low,21975.25,325,46.1,0.0153,1,1,0,0
LS017641,2026-08-01,US,Professional services,5,Active,Verified,Low,Medium,3422.22,51,15.7,0.0038,0,0,1,0
LS004536,2026-08-01,MX,Retail,12,Active,Verified,Low,Medium,39938.02,1009,48.9,0.0403,2,1,0,0
LS047623,2026-08-01,BR,Food & beverage,11,Active,Verified,Low,Medium,16255.29,254,21.9,0.0,0,1,0,0
LS028450,2026-08-01,US,Retail,19,Active,Verified,Medium,Low,31430.6,328,33.6,0.0315,4,0,0,0
LS041899,2026-08-01,CR,Travel,13,Active,Verified,Low,High,11885.12,227,19.3,0.0198,0,1,0,0
LS029203,2026-08-01,US,Retail,25,Active,Verified,Low,Low,141925.39,2511,9.5,0.003,0,1,0,0
LS013882,2026-08-01,BR,Digital goods,7,Active,Verified,Low,Medium,3974.5,44,57.5,0.0217,1,1,0,0
LS042634,2026-08-01,US,Retail,23,Active,Verified,Low,Medium,12222.97,174,15.0,0.0083,0,1,0,0
LS053606,2026-08-01,US,Retail,28,Active,Verified,Medium,Low,14260.65,155,10.2,0.0091,0,1,0,0
LS007642,2026-08-01,US,Retail,27,Active,Pending,Low,Medium,26466.65,357,27.0,0.0057,0,1,0,0
LS007432,2026-08-01,BR,Professional services,17,Active,Verified,Low,Medium,9198.64,125,25.3,0.0,0,0,1,0
LS043319,2026-08-01,BR,Professional services,19,Active,Verified,Medium,High,41283.75,580,40.3,0.0169,1,1,0,0
LS006391,2026-08-01,US,Digital goods,72,Active,Verified,Medium,High,724.54,9,31.8,0.0033,1,0,0,0
LS049237,2026-08-01,US,Food & beverage,15,Active,Verified,Medium,Medium,5656.12,78,35.9,0.0,1,1,0,0
LS000184,2026-08-01,MX,Retail,16,Active,Verified,Low,Low,32648.12,624,33.2,0.003,2,1,0,0
LS049736,2026-08-01,US,Retail,35,Active,Verified,Low,High,28328.18,626,33.4,0.0203,1,0,0,1
LS045023,2026-08-01,US,Retail,53,Active,Verified,Low,Medium,3326.54,43,23.0,0.0032,0,0,0,0
LS037165,2026-08-01,US,Retail,12,Paused,Verified,High,Medium,20693.54,257,23.2,0.015,0,1,0,0
LS016618,2026-08-01,US,Professional services,23,Paused,Expired,Low,Low,14897.89,164,31.3,0.0208,0,0,0,0
LS006962,2026-08-01,US,Professional services,17,Active,Verified,Low,High,18533.44,143,39.2,0.0344,0,1,1,0
LS039384,2026-08-01,MX,Professional services,17,Active,Verified,Medium,Medium,12076.94,185,32.3,0.0063,0,1,0,0
LS012089,2026-08-01,US,Digital goods,25,Active,Verified,Low,Medium,16834.58,243,26.8,0.0162,0,0,0,0
LS018385,2026-08-01,US,Professional services,34,Active,Pending,Low,Low,3968.94,54,20.2,0.0145,2,1,0,0
LS012235,2026-08-01,US,Food & beverage,26,Active,Verified,Medium,Low,19527.49,252,14.8,0.0024,1,0,1,0
LS034360,2026-08-01,CR,Retail,18,Active,Verified,Low,Low,19150.07,217,27.8,0.01,0,0,0,0
LS035232,2026-08-01,BR,Professional services,24,Active,Verified,Medium,Low,13008.53,123,27.2,0.0121,0,1,0,0
LS018847,2026-08-01,US,Retail,43,Active,Verified,Low,Low,7415.29,126,16.6,0.0027,0,0,0,0
LS051358,2026-08-01,MX,Retail,32,Active,Pending,Medium,Medium,11942.82,190,9.8,0.0115,1,0,0,0
LS021763,2026-08-01,BR,Professional services,41,Active,Verified,Low,Low,5996.96,62,39.7,0.0115,0,1,1,1
LS040574,2026-08-01,BR,Professional services,23,Active,Verified,High,Low,3535.91,51,30.7,0.0054,1,1,0,0
LS013115,2026-08-01,BR,Retail,29,Active,Verified,Low,Low,28655.95,598,17.0,0.023,0,0,0,0
LS051039,2026-08-01,BR,Travel,78,Paused,Verified,Low,Medium,3862.71,63,19.5,0.0,0,1,0,0
LS019195,2026-08-01,BR,Food & beverage,23,Paused,Verified,Low,High,19650.05,308,40.7,0.0171,0,0,0,0
LS040745,2026-08-01,US,Digital goods,14,Active,Expired,Medium,High,17836.0,216,31.0,0.0032,0,1,0,0
LS019140,2026-08-01,BR,Retail,15,Active,Verified,Medium,Medium,6347.87,117,25.6,0.0028,0,1,0,0
LS057686,2026-08-01,US,Retail,58,Active,Verified,High,High,3219.42,39,16.2,0.0179,1,0,0,0
LS016968,2026-08-01,CR,Travel,13,Active,Pending,Medium,Medium,5727.97,79,33.4,0.0149,0,0,0,0
LS011976,2026-08-01,US,Food & beverage,7,Active,Verified,Low,High,52067.58,492,29.3,0.0213,0,1,0,0
LS051829,2026-08-01,BR,Food & beverage,25,Active,Verified,High,Medium,21222.51,329,21.8,0.0132,0,1,0,0
LS057945,2026-08-01,MX,Food & beverage,52,Active,Verified,High,Low,2974.14,57,24.2,0.0013,1,0,0,0
LS037948,2026-08-01,MX,Professional services,12,Active,Verified,Low,Low,28304.3,661,19.1,0.0121,1,1,1,0
LS023778,2026-08-01,BR,Professional services,4,Active,Verified,Low,Medium,17662.47,306,24.3,0.0263,0,0,0,0
LS014479,2026-08-01,US,Retail,31,Active,Pending,Medium,High,10213.1,214,27.4,0.0184,0,0,1,0
LS002132,2026-08-01,BR,Retail,12,Paused,Pending,Medium,Medium,12831.08,148,24.0,0.0059,0,1,0,0
LS027605,2026-08-01,BR,Digital goods,29,Active,Verified,Low,Medium,9295.91,144,48.6,0.0159,2,1,1,0
LS029172,2026-08-01,US,Professional services,38,Active,Verified,Low,Medium,9339.62,199,6.6,0.0058,1,1,0,0
LS033168,2026-08-01,MX,Professional services,26,Active,Verified,Low,High,27844.63,423,18.7,0.0019,2,1,0,1
LS030028,2026-08-01,US,Travel,18,Active,Pending,Low,Low,25120.89,339,29.6,0.0104,0,1,0,0
LS050031,2026-08-01,MX,Food & beverage,25,Active,Verified,Low,Low,14689.1,147,19.9,0.0049,0,1,1,0
LS052670,2026-08-01,MX,Retail,9,Active,Verified,Low,Medium,5212.43,140,22.4,0.0132,0,0,0,0
LS020665,2026-08-01,US,Professional services,40,Active,Verified,Low,Low,29509.03,365,20.7,0.0,0,1,0,1
LS052047,2026-08-01,BR,Professional services,36,Active,Verified,High,Low,9199.71,267,24.2,0.0,1,0,0,0
LS031489,2026-08-01,US,,24,Closed,Verified,Low,High,31391.5,400,33.6,0.0187,0,1,0,1
LS029648,2026-08-01,US,Retail,46,Active,Verified,Medium,Low,51805.73,1061,14.8,0.004,0,1,0,0
LS003725,2026-08-01,MX,Professional services,15,Active,Verified,Low,High,18495.98,300,10.2,0.0113,0,1,0,0
LS003707,2026-08-01,US,Professional services,48,Active,Verified,Low,Medium,19628.87,432,10.0,0.0,1,0,0,0
LS026943,2026-08-01,BR,Retail,39,Active,Verified,Low,High,10933.07,231,33.9,0.0188,0,1,0,0
LS036129,2026-08-01,MX,Retail,23,Active,Verified,Medium,Medium,13718.43,374,25.0,0.0217,0,1,0,0
LS029481,2026-08-01,MX,Food & beverage,15,Active,Verified,Low,Low,8824.13,251,32.4,0.0206,1,1,0,0
LS056458,2026-08-01,CR,Professional services,10,Active,Verified,Medium,Medium,9488.3,171,44.8,0.0261,2,0,0,0
LS056817,2026-08-01,BR,Retail,47,Active,Verified,Low,High,13191.43,225,36.6,0.0122,1,0,0,0
LS055382,2026-08-01,US,Retail,14,Active,Verified,Medium,Low,9527.1,194,23.2,0.0043,1,1,0,0
LS042019,2026-08-01,MX,Professional services,32,Active,Verified,Medium,Medium,16587.3,125,30.7,0.0125,3,1,0,0
LS058431,2026-08-01,CR,Professional services,63,Active,Verified,Low,High,16756.64,190,20.8,0.0111,0,1,0,0
LS018122,2026-08-01,US,Digital goods,43,Active,Verified,Low,Medium,7443.61,58,22.3,0.0032,0,0,0,0
LS045715,2026-08-01,BR,Food & beverage,49,Active,Verified,Medium,Low,16776.38,217,27.5,0.0008,0,0,1,0
LS014993,2026-08-01,US,Digital goods,24,Paused,Verified,Low,High,48197.33,594,32.2,0.0182,0,0,0,0
LS052349,2026-08-01,US,Travel,38,Active,Verified,Low,High,13729.85,161,19.8,0.0111,0,1,0,0
LS023569,2026-08-01,US,Food & beverage,26,Closed,Verified,Medium,High,11470.43,149,49.7,0.0137,1,1,0,0
LS055106,2026-08-01,MX,Retail,30,Active,Verified,Low,Low,9786.02,258,48.7,0.0141,0,1,0,0
LS040011,2026-08-01,US,Food & beverage,30,Active,Verified,Low,High,11707.07,136,27.0,0.0236,0,1,1,0
LS053463,2026-08-01,CR,Retail,16,Active,Verified,Low,High,17622.68,236,44.1,0.0121,1,1,1,0
LS050942,2026-08-01,BR,Retail,15,Active,Verified,Low,Low,26108.33,337,33.3,0.0126,1,1,0,0
LS045215,2026-08-01,MX,Digital goods,12,Active,Pending,High,High,16115.4,243,24.2,0.0216,1,0,1,0
LS004295,2026-08-01,US,Food & beverage,26,Active,Pending,Low,Low,3323.51,69,4.0,0.0,0,1,0,0
LS004102,2026-08-01,US,Food & beverage,21,Active,Verified,Medium,Low,9678.71,235,33.4,0.0166,1,1,0,0
LS052686,2026-08-01,MX,Retail,30,Active,Verified,Low,Medium,2304.18,32,18.9,0.0096,0,0,0,0
LS056345,2026-08-01,MX,Retail,14,Active,Verified,Low,Low,11666.81,258,8.7,0.0131,0,0,1,0
LS042530,2026-08-01,US,Retail,25,Active,Pending,Low,Low,16430.11,132,19.4,0.0105,0,1,0,0
LS051109,2026-08-01,BR,Food & beverage,27,Active,Verified,High,Low,15357.57,145,44.7,0.0126,2,0,0,1
LS013167,2026-08-01,US,Retail,32,Active,Verified,Medium,High,20817.64,423,10.1,0.0079,0,0,0,0
LS049244,2026-08-01,US,Digital goods,33,Active,Verified,Low,High,1223.4,10,33.4,0.0248,2,0,0,0
LS044567,2026-08-01,US,Digital goods,35,Active,Verified,Medium,High,9506.11,95,13.4,0.0168,0,1,0,0
LS039112,2026-08-01,MX,Professional services,37,Active,Verified,Low,Low,27423.32,448,27.5,0.0018,0,1,1,0
LS014417,2026-08-01,US,Retail,17,Active,Pending,Low,High,4865.34,49,38.8,0.0295,0,1,0,0
LS031815,2026-08-01,BR,Digital goods,27,Active,Verified,Medium,Low,11184.05,120,38.4,0.0055,1,1,0,0
LS055201,2026-08-01,US,Retail,23,Active,Verified,High,Low,1726.67,17,11.2,0.0022,0,0,0,0
LS023338,2026-08-01,BR,Travel,17,Active,Verified,Medium,Medium,21596.5,442,23.0,0.0,2,1,1,0
LS023056,2026-08-01,CR,Travel,16,Active,Verified,Medium,Medium,5288.17,44,30.4,0.011,0,0,0,0
LS003303,2026-08-01,MX,Professional services,39,Active,Pending,Low,Medium,37077.94,747,23.2,0.0125,0,1,0,1
LS030560,2026-08-01,BR,Digital goods,10,Active,Expired,Low,Low,37068.15,421,18.8,0.0086,1,1,0,1
LS013699,2026-08-01,BR,Retail,3,Active,Verified,Medium,Low,10180.98,179,36.7,0.0262,0,0,0,0
LS055124,2026-08-01,US,Food & beverage,26,Active,Verified,Low,High,14717.75,187,29.6,0.0311,2,1,0,1
LS049267,2026-08-01,BR,Food & beverage,83,Active,Verified,High,Low,11473.37,138,45.6,0.0112,1,0,0,0
LS054879,2026-08-01,US,Professional services,15,Active,Verified,Low,Medium,1790.27,13,19.8,0.0117,0,0,0,0
LS001186,2026-08-01,US,Food & beverage,12,Active,Pending,Low,Low,6707.1,80,31.9,0.0025,1,1,1,0
LS034285,2026-08-01,US,Food & beverage,23,Active,Pending,Medium,Medium,6519.55,78,25.8,0.0217,1,1,1,0
LS006584,2026-08-01,CR,Food & beverage,14,Active,Verified,Medium,Medium,7195.47,84,24.0,0.0,1,1,0,0
LS058021,2026-08-01,BR,Professional services,6,Active,Verified,Medium,Low,15978.89,230,21.8,0.0108,0,1,0,0
LS043057,2026-08-01,CR,Food & beverage,22,Paused,Verified,Low,Low,18167.82,202,18.3,0.022,1,0,0,0
LS018304,2026-08-01,CR,Retail,37,Active,Verified,Low,Low,43568.55,446,44.8,0.0192,0,1,0,0
LS037150,2026-08-01,US,Retail,15,Closed,Verified,Low,Medium,13130.02,209,34.0,0.019,0,1,1,0
LS017375,2026-08-01,BR,Travel,21,Active,Verified,Low,Low,10558.62,131,57.0,0.0121,0,1,0,0
LS000527,2026-08-01,MX,Food & beverage,11,Active,Verified,Low,Low,10790.48,72,6.8,0.0043,3,0,0,0
LS001681,2026-08-01,BR,Retail,34,Active,Verified,Low,Low,9257.75,71,27.5,0.0161,0,0,1,0
LS033118,2026-08-01,US,Food & beverage,14,Active,Verified,Low,Medium,1845.83,27,29.1,0.0161,0,0,0,0
LS057960,2026-08-01,CR,Professional services,20,Paused,Verified,High,Low,15740.11,126,29.7,0.0109,2,0,0,0
LS055311,2026-08-01,US,Retail,20,Active,Verified,Low,Low,7869.61,126,13.7,0.0113,1,1,1,0
LS010707,2026-08-01,US,Professional services,60,Active,Verified,Low,Low,17428.94,181,24.3,0.0207,2,0,0,0
LS050763,2026-08-01,US,Retail,32,Active,Verified,High,Low,8381.88,186,38.6,0.024,2,0,0,1
LS039306,2026-08-01,MX,Digital goods,66,Active,Verified,Low,Medium,27598.03,268,27.6,0.0029,0,1,0,0
LS006813,2026-08-01,CR,Retail,31,Active,Verified,Low,Medium,30989.06,434,21.1,0.0,0,1,0,0
LS030239,2026-08-01,BR,Food & beverage,37,Active,Verified,Low,High,14555.6,244,32.2,0.0176,1,1,1,0
LS001628,2026-08-01,MX,Retail,11,Active,Verified,Low,High,18628.2,278,19.6,0.0185,0,0,1,0
LS053651,2026-08-01,MX,Retail,47,Active,Pending,Low,Medium,4695.26,88,37.8,0.0201,2,1,0,0
LS026137,2026-08-01,US,Food & beverage,34,Active,Verified,Medium,Medium,22129.05,366,12.0,0.0,0,1,0,0
LS059703,2026-08-01,MX,Professional services,61,Closed,Verified,Low,Low,23714.29,234,15.1,0.0112,0,0,1,0
LS036254,2026-08-01,MX,Retail,41,Active,Verified,Low,Low,16691.82,162,29.7,0.0181,0,1,0,0
LS027325,2026-08-01,US,Professional services,9,Active,Verified,High,High,19603.56,299,30.6,0.0067,0,1,0,1
LS037241,2026-08-01,MX,Professional services,61,Active,Verified,Low,Low,1476.29,9,50.8,0.0136,1,1,1,0
LS048980,2026-08-01,US,Professional services,19,Active,Verified,Medium,Low,40908.32,766,18.5,0.0046,1,0,0,0
LS011476,2026-08-01,US,Food & beverage,24,Active,Verified,Medium,High,14983.98,173,4.0,0.0,1,1,0,0
LS003809,2026-08-01,MX,Retail,41,Active,Verified,Medium,Low,8454.33,189,34.9,0.0165,1,1,0,1
LS046845,2026-08-01,BR,Digital goods,58,Active,Verified,High,Low,1907.06,24,33.6,0.0125,0,0,1,1
LS054357,2026-08-01,BR,Professional services,50,Paused,Verified,Low,Medium,17988.1,198,36.1,0.0128,0,1,0,0
LS006859,2026-08-01,CR,Retail,15,Active,Verified,Low,Medium,8829.17,319,13.5,0.0139,0,1,0,0
LS014821,2026-08-01,MX,Professional services,17,Active,Verified,Low,High,22516.18,227,6.5,0.0,0,1,0,0
LS007505,2026-08-01,US,Retail,25,Active,Verified,Low,Low,14458.46,199,16.0,0.0085,0,1,1,0
LS020060,2026-08-01,US,Professional services,35,Active,Verified,Medium,Low,6753.88,116,36.3,0.0144,0,1,0,0
LS042340,2026-08-01,US,Retail,16,Active,Verified,Low,Medium,8134.67,99,18.4,0.0,0,0,0,0
LS043841,2026-08-01,US,Digital goods,46,Active,Pending,Low,High,2832.71,81,8.8,0.0043,0,0,1,0
LS042580,2026-08-01,US,Professional services,37,Active,Pending,Low,Low,49856.18,1199,33.5,0.0105,2,0,0,0
LS054917,2026-08-01,BR,Professional services,37,Active,Verified,Low,Medium,7927.58,122,6.5,0.011,0,0,1,0
LS017090,2026-08-01,US,Professional services,41,Active,Verified,Low,Medium,20854.99,167,34.5,0.0148,0,1,0,0
LS048146,2026-08-01,BR,Professional services,5,Active,Verified,Medium,Low,6793.27,134,34.4,0.003,2,1,0,0
LS056148,2026-08-01,US,Professional services,57,Active,Pending,Low,Medium,4132.68,74,29.5,0.0231,1,0,0,0
LS052717,2026-08-01,US,Food & beverage,16,Active,Pending,Low,High,8831.02,297,20.0,0.0027,2,1,0,0
LS007958,2026-08-01,US,Food & beverage,20,Active,Verified,Low,High,33393.26,353,31.9,0.0092,1,0,0,0
LS048033,2026-08-01,US,Retail,43,Paused,Verified,High,Medium,4072.16,48,16.8,0.0119,0,1,0,0
LS039071,2026-08-01,US,Professional services,14,Active,Verified,Low,Medium,46188.53,1232,12.6,0.0077,0,1,0,0
LS059023,2026-08-01,CR,Professional services,12,Active,Verified,Medium,Medium,2983.21,33,23.9,0.0093,1,1,0,1
LS009954,2026-08-01,CR,Professional services,4,Paused,Verified,Low,Low,6307.15,86,32.0,0.015,1,1,0,0
LS037046,2026-08-01,BR,Professional services,48,Active,Verified,Low,Medium,10277.25,353,20.3,0.0163,1,0,0,1
LS049172,2026-08-01,US,Professional services,6,Closed,Verified,Medium,Medium,18830.62,299,32.7,0.0219,1,1,0,0
LS054634,2026-08-01,BR,Professional services,7,Paused,Verified,Low,Low,46647.66,451,41.2,0.0305,3,1,1,0
LS028124,2026-08-01,MX,Professional services,29,Active,Verified,High,Medium,6897.45,103,31.7,0.0056,0,1,0,0
LS048529,2026-08-01,US,Professional services,49,Active,Verified,Low,Medium,30525.13,336,15.7,0.0009,0,1,0,0
LS039737,2026-08-01,US,Retail,6,Closed,Verified,Low,Low,55913.64,846,17.6,0.0,0,0,0,0
LS034144,2026-08-01,CR,Professional services,8,Active,Expired,Low,Medium,10598.15,156,4.0,0.0,0,0,0,0
LS050245,2026-08-01,BR,Food & beverage,6,Active,Verified,Low,Low,17707.89,229,37.8,0.0155,1,1,0,0
LS039470,2026-08-01,MX,Food & beverage,31,Active,Verified,Low,Low,13864.18,282,23.3,0.0191,1,1,0,0
LS039181,2026-08-01,US,Food & beverage,50,Active,Verified,Low,Medium,17444.76,336,21.6,0.0107,2,1,1,0
LS011623,2026-08-01,MX,Food & beverage,17,Active,Verified,Medium,Low,9802.24,129,32.6,0.013,2,1,0,0
LS024180,2026-08-01,US,Travel,44,Active,Verified,High,High,65201.95,930,5.3,0.0,0,0,0,0
LS022239,2026-08-01,US,Food & beverage,24,Active,Verified,High,Low,3460.98,99,34.1,0.0068,0,0,0,0
LS048316,2026-08-01,BR,Digital goods,15,Active,Verified,Low,Medium,19358.77,284,48.4,0.0177,2,1,0,0
LS043770,2026-08-01,US,Digital goods,13,Active,Verified,Medium,Medium,13184.08,196,13.6,0.0101,0,0,0,0
LS051732,2026-08-01,BR,Retail,25,Active,Verified,Low,Low,44432.81,405,13.0,0.0,1,0,1,0
LS053367,2026-08-01,MX,Retail,20,Active,Verified,Low,Medium,56468.56,838,17.6,0.0,0,0,0,0
LS020086,2026-08-01,MX,Travel,38,Active,Verified,Low,High,7319.98,125,17.0,0.0046,0,1,0,1
LS034705,2026-08-01,MX,Digital goods,7,Paused,Verified,High,Medium,83586.98,2075,41.2,0.0148,3,1,0,0
LS033943,2026-08-01,MX,Food & beverage,30,Active,Verified,Medium,Low,7188.03,77,31.6,0.0023,2,1,0,0
LS022901,2026-08-01,US,Food & beverage,12,Paused,Verified,Low,Low,4740.18,77,18.1,0.0,0,0,0,0
LS036790,2026-08-01,MX,Food & beverage,33,Active,Verified,Low,Medium,11357.96,254,41.9,0.0186,2,0,0,0
LS004392,2026-08-01,BR,Retail,11,Active,Verified,Low,High,8916.42,148,49.2,0.0066,2,1,0,0
LS044681,2026-08-01,BR,Food & beverage,11,Active,Verified,Low,Medium,6395.04,74,28.1,0.0116,0,1,0,0
LS050288,2026-08-01,MX,Digital goods,19,Active,Verified,Low,Low,17856.84,181,9.8,0.0,0,0,0,0
LS017652,2026-08-01,MX,Food & beverage,33,Active,Verified,Low,High,11292.53,91,29.0,0.0,0,0,1,0
LS051885,2026-08-01,MX,Professional services,14,Active,Verified,Low,High,23990.99,434,33.3,0.0172,0,1,0,0
LS015891,2026-08-01,US,Travel,50,Active,Verified,Low,Medium,57369.6,700,18.4,0.0013,0,1,0,0
LS007435,2026-08-01,US,Food & beverage,4,Active,Verified,Low,Medium,16496.14,355,18.2,0.0235,0,1,0,0
LS007357,2026-08-01,MX,,24,Active,Verified,Medium,Medium,12953.04,260,25.9,0.0236,0,1,0,0
LS048116,2026-08-01,MX,Retail,81,Active,Verified,Low,Medium,23093.06,194,24.5,0.0194,0,1,1,0
LS027859,2026-08-01,MX,Retail,26,Active,Verified,Medium,Low,8147.94,108,21.1,0.0039,0,1,0,0
LS024480,2026-08-01,US,Food & beverage,14,Closed,Verified,Medium,Low,10658.4,181,55.2,0.0162,0,1,0,0
LS055883,2026-08-01,CR,Travel,69,Active,Pending,Low,Low,14478.82,195,4.0,0.0037,1,0,0,0
LS008206,2026-08-01,CR,Retail,58,Active,Verified,Low,Medium,37998.25,737,18.0,0.017,0,0,0,0
LS059812,2026-08-01,MX,Travel,14,Active,Verified,High,Medium,4504.0,73,10.6,0.0007,1,1,0,0
LS039756,2026-08-01,BR,Digital goods,6,Active,Verified,Low,Medium,2407.28,76,36.9,0.0077,0,1,0,0
LS028099,2026-08-01,MX,Professional services,18,Active,Verified,Low,Low,5697.85,62,4.9,0.0076,0,0,0,0
LS049089,2026-08-01,BR,Professional services,47,Active,Verified,Low,Medium,39994.44,988,32.5,0.0191,1,1,1,0
LS013944,2026-08-01,US,Professional services,16,Closed,Verified,Low,Medium,20298.63,410,36.2,0.0109,0,1,0,0
LS042791,2026-08-01,MX,Food & beverage,26,Active,Verified,Medium,Low,2620.99,27,19.2,0.0064,0,1,0,0
LS007358,2026-08-01,BR,Retail,34,Paused,Verified,Low,Low,83608.25,962,35.7,0.0144,2,0,1,0
LS058470,2026-08-01,BR,Retail,84,Active,Verified,Low,Low,2481.42,24,51.1,0.0136,1,0,0,0
LS041360,2026-08-01,BR,Retail,14,Active,Verified,Low,Low,5537.64,57,35.5,0.0,0,1,0,0
LS017402,2026-08-01,CR,Food & beverage,22,Active,Verified,Low,High,29258.49,839,32.6,0.0,1,1,0,0
LS013418,2026-08-01,BR,Retail,16,Closed,Verified,Medium,Medium,130628.66,2464,43.5,0.0257,2,0,1,1
LS055059,2026-08-01,US,Travel,21,Active,Verified,Low,Medium,11859.9,234,29.0,0.0072,0,0,0,0
LS018423,2026-08-01,CR,Professional services,42,Active,Pending,Medium,High,24528.95,315,4.0,0.0,0,1,0,0
LS022411,2026-08-01,US,Food & beverage,20,Active,Verified,Low,High,13117.33,214,24.5,0.0035,0,1,1,0
LS034244,2026-08-01,BR,Retail,61,Active,Verified,Low,Low,1524.4,26,30.7,0.0124,2,1,0,0
LS047707,2026-08-01,CR,Food & beverage,20,Active,Verified,Low,Medium,17723.41,253,24.3,0.0,0,1,1,0
LS034531,2026-08-01,BR,Professional services,12,Active,Verified,High,Medium,16880.77,316,17.5,0.0,0,1,1,0
LS014101,2026-08-01,MX,Retail,31,Active,Verified,Medium,Medium,4046.71,101,21.9,0.0079,2,1,0,0
LS053172,2026-08-01,BR,Food & beverage,24,Active,Verified,High,High,28718.35,732,38.2,0.0155,0,1,0,0
LS045486,2026-08-01,US,Digital goods,7,Active,Verified,High,High,10687.68,315,15.0,0.0,0,1,0,0
LS031159,2026-08-01,US,Digital goods,12,Active,Verified,High,High,2619.0,43,24.9,0.0021,3,0,0,0
LS054234,2026-08-01,US,Food & beverage,44,Active,Verified,High,High,32850.9,442,38.9,0.016,0,1,0,0
LS014589,2026-08-01,US,Retail,44,Active,Verified,Low,Low,2823.05,36,4.0,0.0003,0,0,0,0
LS046014,2026-08-01,BR,Digital goods,37,Active,Verified,Low,High,20668.66,244,29.5,0.0067,2,1,0,1
LS004401,2026-08-01,CR,Professional services,17,Active,Verified,Low,Medium,29338.53,638,41.3,0.0,2,1,0,1
LS032822,2026-08-01,US,Professional services,16,Active,Verified,Low,Low,8178.95,217,12.0,0.0,0,0,0,0
LS013469,2026-08-01,US,Food & beverage,73,Active,Verified,Low,Low,20483.83,236,44.8,0.0177,2,1,0,0
LS037094,2026-08-01,BR,Retail,22,Active,Verified,Low,Medium,20388.98,164,25.7,0.0,1,1,0,0
LS012764,2026-08-01,US,Professional services,44,Active,Verified,Low,Medium,11868.01,166,17.6,0.0,0,0,0,0
LS018308,2026-08-01,BR,Food & beverage,17,Active,Verified,Low,Low,26266.31,343,25.1,0.0096,0,1,0,0
LS031686,2026-08-01,CR,Retail,20,Active,Verified,Medium,Low,15743.57,276,10.5,0.0,1,1,1,0
LS027948,2026-08-01,US,Retail,34,Active,Verified,Low,Medium,29015.95,268,31.8,0.0172,1,1,0,0
LS050857,2026-08-01,BR,Retail,10,Active,Verified,Low,High,10077.31,145,27.2,0.0089,0,1,1,0
LS036966,2026-08-01,MX,Food & beverage,31,Active,Verified,High,Medium,23707.95,332,4.0,0.0,1,1,0,0
LS044190,2026-08-01,BR,Retail,24,Closed,Verified,Medium,Low,7197.03,82,19.3,0.0064,0,1,0,0
LS009000,2026-08-01,US,Travel,11,Active,Verified,Low,Medium,7689.56,113,4.0,0.0092,1,1,0,1
LS046178,2026-08-01,MX,Digital goods,9,Active,Verified,Low,Low,14926.96,182,17.8,0.012,0,1,0,0
LS049535,2026-08-01,BR,Travel,21,Active,Verified,High,Low,6664.0,97,60.7,0.0284,0,1,1,0
LS034872,2026-08-01,CR,Food & beverage,47,Active,Verified,High,Medium,22372.05,408,32.9,0.0202,1,1,0,0
LS004598,2026-08-01,US,Retail,36,Active,Verified,Medium,High,18681.86,300,27.6,0.0167,1,0,0,0
LS050907,2026-08-01,BR,Travel,40,Active,Expired,Low,Low,25724.25,344,44.0,0.0208,0,1,1,0
LS034890,2026-08-01,BR,Digital goods,23,Active,Verified,Medium,Low,6274.57,107,36.0,0.0125,0,0,0,0
LS027468,2026-08-01,US,Professional services,13,Active,Pending,Low,Medium,11314.08,77,25.0,0.016,0,1,0,0
LS059285,2026-08-01,BR,Professional services,34,Active,Verified,High,Medium,6681.5,110,39.6,0.0113,4,1,0,0
LS051296,2026-08-01,BR,Retail,28,Active,Verified,Medium,High,32131.02,360,30.9,0.0131,1,1,1,0
LS035253,2026-08-01,US,Retail,8,Active,Verified,Low,Low,2011.64,25,28.2,0.0326,1,0,0,0
LS038859,2026-08-01,US,Professional services,21,Active,Verified,Low,Low,14538.7,141,29.1,0.0205,0,1,1,0
LS054096,2026-08-01,BR,Professional services,26,Active,Verified,Low,Medium,18674.93,281,32.9,0.0339,2,0,1,0
LS002783,2026-08-01,MX,Food & beverage,6,Active,Verified,Low,Low,10667.97,122,13.5,0.0,0,1,0,1
LS020960,2026-08-01,US,Retail,46,Active,Verified,Low,High,15856.11,171,31.6,0.0149,0,1,0,0
LS059810,2026-08-01,US,Food & beverage,50,Active,Verified,Medium,Low,11446.01,187,15.7,0.0078,0,1,0,0
LS029619,2026-08-01,US,Food & beverage,15,Active,Verified,Medium,Medium,8333.78,108,54.7,0.0273,0,0,1,0
LS044881,2026-08-01,MX,Digital goods,23,Active,Verified,Low,Low,17502.87,508,38.4,0.022,3,0,0,1
LS011072,2026-08-01,US,Food & beverage,19,Active,Verified,Medium,High,7646.77,79,19.5,0.0,0,1,0,0
LS042005,2026-08-01,US,Professional services,25,Active,Verified,Low,Low,6339.94,114,18.3,0.0008,0,1,1,0
LS033801,2026-08-01,US,Professional services,65,Active,Verified,Low,High,22312.19,372,45.7,0.0235,2,0,1,0
LS031047,2026-08-01,US,Retail,13,Active,Verified,Low,Medium,28532.83,191,61.5,0.0466,1,1,0,0
LS015952,2026-08-01,CR,Travel,74,Active,Verified,Low,Low,16699.52,184,26.4,0.0059,0,0,1,0
LS020908,2026-08-01,US,Retail,31,Active,Verified,Low,High,37072.77,375,4.0,0.0006,0,1,0,0
LS009042,2026-08-01,US,Retail,26,Active,Verified,Low,Medium,12227.27,183,22.8,0.0086,0,1,0,0
LS042691,2026-08-01,US,Food & beverage,20,Active,Verified,Low,Low,28442.76,596,30.1,0.0284,0,1,0,0
LS044605,2026-08-01,BR,Retail,23,Active,Verified,High,Medium,24440.03,844,33.1,0.0203,0,1,0,0
LS013058,2026-08-01,MX,Food & beverage,15,Active,Verified,Low,Low,12473.35,152,21.9,0.016,0,0,0,0
LS002380,2026-08-01,US,Digital goods,15,Active,Pending,Medium,High,11817.41,186,57.8,0.037,0,0,0,0
LS005922,2026-08-01,MX,Retail,21,Active,Verified,Medium,Medium,1572.24,10,24.9,0.0004,0,0,0,0
LS025254,2026-08-01,BR,Retail,26,Active,Verified,Low,Medium,3438.51,68,39.9,0.0078,1,1,0,0
LS013660,2026-08-01,BR,Professional services,17,Active,Pending,Medium,Low,7904.69,102,32.3,0.0176,0,1,0,0
LS047069,2026-08-01,BR,Professional services,55,Active,Verified,Low,Low,10278.24,135,55.2,0.0114,0,1,0,0
LS040424,2026-08-01,US,Retail,13,Active,Verified,High,Medium,5578.37,64,29.5,0.0123,1,0,0,0
LS039367,2026-08-01,US,Food & beverage,20,Closed,Pending,High,Low,11763.18,102,42.1,0.0223,2,0,0,0
LS057839,2026-08-01,US,Digital goods,25,Active,Pending,High,Low,5951.2,108,46.7,0.0216,2,1,0,0
LS038675,2026-08-01,CR,Digital goods,26,Active,Verified,Low,Low,14362.6,150,34.0,0.0,1,1,0,0
LS050313,2026-08-01,US,Food & beverage,20,Active,Verified,Low,Medium,11431.96,261,25.4,0.0109,0,0,0,1
LS000383,2026-08-01,BR,Digital goods,9,Paused,Expired,Low,Medium,22650.24,337,24.7,0.0049,0,1,1,0
LS036927,2026-08-01,MX,Food & beverage,38,Active,Verified,Low,High,15179.39,449,4.0,0.0,0,1,0,0
LS025897,2026-08-01,US,Food & beverage,26,Active,Verified,Low,Medium,42431.14,472,15.7,0.01,1,0,1,0
LS004790,2026-08-01,US,Travel,20,Active,Expired,High,High,7941.01,108,25.8,0.0009,1,1,0,0
LS051427,2026-08-01,MX,Travel,38,Active,Verified,Low,High,17405.28,266,17.5,0.0191,0,0,0,0
LS054305,2026-08-01,BR,Digital goods,49,Active,Verified,Low,High,72702.05,1969,22.8,0.0108,1,1,0,0
LS029045,2026-08-01,MX,Retail,41,Active,Verified,Low,Medium,941.41,18,28.3,0.0139,1,0,1,0
LS040957,2026-08-01,MX,Food & beverage,26,Active,Verified,High,Medium,29719.93,512,42.1,0.0098,1,0,0,0
LS045861,2026-08-01,US,Retail,32,Active,Verified,Medium,Medium,3872.77,99,27.5,0.0,0,1,0,0
LS025403,2026-08-01,US,Digital goods,40,Active,Verified,High,Low,6852.65,93,26.4,0.0144,1,1,0,0
LS054623,2026-08-01,US,Travel,21,Active,Verified,Low,Low,7098.63,57,47.4,0.0368,3,0,0,0
LS031969,2026-08-01,BR,Professional services,21,Active,Verified,Medium,Medium,18565.88,201,43.0,0.0395,0,1,0,0
LS045899,2026-08-01,BR,Food & beverage,18,Active,Verified,Medium,High,24104.15,352,13.9,0.0,1,1,1,0
LS037521,2026-08-01,CR,Retail,21,Active,Verified,Low,Medium,8735.6,175,15.7,0.021,0,1,0,0
LS044119,2026-08-01,MX,Retail,23,Active,Verified,Low,High,8650.17,115,31.8,0.0358,2,1,1,0
LS031710,2026-08-01,US,Travel,20,Active,Verified,Low,Low,33156.51,530,26.0,0.0189,0,1,0,0
LS026923,2026-08-01,CR,Travel,59,Active,Verified,High,Medium,8739.56,176,29.6,0.001,2,1,0,0
LS050340,2026-08-01,CR,Retail,6,Paused,Verified,High,Medium,64660.17,1282,13.7,0.0,0,1,0,0
LS039571,2026-08-01,MX,Professional services,20,Active,Verified,Low,Medium,14339.64,381,45.7,0.0131,0,1,0,0
LS039035,2026-08-01,US,Retail,15,Active,Verified,Low,High,10607.0,174,49.5,0.0351,1,1,0,0
LS004342,2026-08-01,US,Digital goods,48,Active,Verified,Medium,Low,1343.96,27,16.8,0.0,0,0,1,0
LS047112,2026-08-01,BR,Digital goods,24,Active,Verified,Medium,Medium,15423.22,252,31.3,0.0057,1,1,0,0
LS027926,2026-08-01,MX,Travel,11,Active,Expired,Low,Medium,9674.45,152,19.0,0.0057,1,0,0,0
LS016370,2026-08-01,MX,Food & beverage,67,Active,Verified,High,High,18366.79,153,22.8,0.0041,0,0,0,0
LS000158,2026-08-01,BR,Professional services,26,Active,Verified,Low,Low,2369.17,26,34.3,0.0,0,1,0,1
LS000390,2026-08-01,US,Retail,32,Active,Verified,Low,Low,29397.78,463,39.2,0.0227,2,1,0,0
LS031664,2026-08-01,US,Food & beverage,39,Active,Verified,Low,Low,16638.57,145,9.9,0.0016,0,1,0,0
LS048319,2026-08-01,US,Retail,20,Closed,Verified,High,Medium,5834.18,80,14.9,0.0,0,0,0,0
LS036884,2026-08-01,US,Food & beverage,44,Active,Verified,Low,Medium,27006.47,476,31.5,0.0,1,0,0,0
LS043036,2026-08-01,MX,Retail,31,Active,Verified,Low,High,9060.42,137,48.7,0.0163,0,1,0,0
LS033840,2026-08-01,BR,Food & beverage,20,Active,Pending,Low,Low,8984.0,71,56.0,0.0291,1,0,0,1
LS050311,2026-08-01,BR,Travel,39,Active,Verified,Low,High,37716.68,603,10.3,0.0007,1,1,0,0
LS027820,2026-08-01,MX,Retail,16,Active,Verified,Medium,Medium,7887.56,104,22.3,0.0,0,0,0,0
LS049333,2026-08-01,MX,Retail,25,Active,Verified,Low,Low,33684.74,408,18.1,0.0213,0,1,0,0
LS039029,2026-08-01,BR,Travel,21,Active,Verified,Low,Medium,11826.14,188,12.6,0.0,2,1,1,0
LS025304,2026-08-01,CR,Professional services,49,Active,Verified,Low,Medium,6235.57,65,7.0,0.0,1,1,1,0
LS013505,2026-08-01,MX,Retail,51,Active,Pending,Low,Medium,30147.89,524,30.9,0.0,0,0,0,1
LS024863,2026-08-01,CR,Digital goods,63,Active,Verified,Low,Medium,12217.8,181,43.7,0.0097,0,1,0,0
LS058914,2026-08-01,MX,Food & beverage,63,Active,Verified,Medium,Low,7593.95,196,44.7,0.0119,0,0,0,0
LS045972,2026-08-01,BR,Professional services,30,Active,Verified,Low,Medium,19838.73,222,23.3,0.0,0,1,0,0
LS043438,2026-08-01,BR,Professional services,17,Active,Verified,Low,Low,34664.62,784,22.7,0.0118,1,1,0,1
LS058810,2026-08-01,US,Digital goods,22,Active,Verified,Low,High,22776.42,405,35.1,0.0146,1,1,1,0
LS027268,2026-08-01,BR,Professional services,27,Active,Verified,Low,Low,6114.58,93,24.7,0.0137,2,1,1,0
LS029466,2026-08-01,MX,Retail,28,Active,Pending,Low,Low,6812.24,143,29.0,0.0127,1,1,0,0
LS027225,2026-08-01,BR,Retail,14,Active,Verified,Low,Medium,10930.72,157,13.5,0.0,0,0,0,0
LS033701,2026-08-01,US,Travel,50,Active,Verified,Low,Low,9107.23,182,37.2,0.027,2,0,1,0
LS002902,2026-08-01,US,Retail,22,Active,Verified,Low,High,9804.95,102,23.8,0.0,1,1,0,0
LS016792,2026-08-01,US,Retail,37,Active,Verified,Low,Low,16331.61,309,26.4,0.0111,1,0,1,0
LS045528,2026-08-01,US,Retail,35,Active,Verified,Low,Low,17943.64,422,30.8,0.0242,2,1,1,0
LS011940,2026-08-01,US,Retail,29,Active,Verified,Low,High,38312.82,427,24.6,0.029,1,1,1,0
LS033696,2026-08-01,BR,Retail,84,Active,Verified,Low,Low,8759.28,142,40.7,0.023,2,1,1,0
LS006801,2026-08-01,US,Retail,58,Active,Verified,Medium,Medium,44207.13,837,44.2,0.0231,1,0,0,1
LS055130,2026-08-01,US,Digital goods,15,Active,Verified,Low,Medium,13506.02,171,22.1,0.0114,0,1,1,0
LS017672,2026-08-01,US,Travel,4,Active,Verified,Low,High,11719.73,141,26.4,0.0022,0,1,0,0
LS052321,2026-08-01,MX,Food & beverage,40,Active,Verified,Low,High,7014.16,69,13.0,0.0,0,0,0,1
LS051441,2026-08-01,US,Retail,51,Active,Verified,High,Medium,21877.29,661,41.0,0.0158,2,0,1,0
LS008343,2026-08-01,US,Digital goods,14,Paused,Verified,High,High,7264.85,53,25.8,0.0052,0,1,0,0
LS042133,2026-08-01,BR,Food & beverage,45,Active,Verified,High,Medium,31479.82,422,46.4,0.0134,0,1,0,0
LS021304,2026-08-01,BR,Digital goods,19,Active,Verified,Low,High,4974.4,52,10.8,0.0012,1,1,1,0
LS033180,2026-08-01,US,Digital goods,11,Active,Verified,Medium,Medium,8942.57,151,18.5,0.0122,0,1,0,0
LS045363,2026-08-01,US,Professional services,38,Active,Verified,Low,Low,22049.92,335,22.3,0.0124,3,1,0,0
LS015665,2026-08-01,US,Professional services,60,Active,Verified,Medium,High,29300.95,399,28.2,0.0206,2,0,0,0
LS040464,2026-08-01,US,Retail,10,Closed,Verified,Low,High,11690.42,133,24.9,0.027,0,1,0,1
LS043250,2026-08-01,CR,Professional services,14,Active,Verified,Medium,Medium,3138.13,85,24.8,0.0028,1,1,0,0
LS044668,2026-08-01,US,Retail,40,Active,Verified,Low,Low,15770.18,156,27.0,0.0166,0,1,0,0
LS015463,2026-08-01,US,Digital goods,20,Active,Verified,Low,Medium,48539.78,637,14.5,0.0,0,1,0,0
LS035555,2026-08-01,BR,Retail,24,Active,Verified,Low,Medium,16283.39,165,29.9,0.0165,0,1,0,0
LS002948,2026-08-01,CR,Digital goods,17,Active,Verified,High,Medium,15107.93,87,40.3,0.0147,1,1,0,0
LS036683,2026-08-01,US,Digital goods,19,Active,Verified,High,Medium,9834.08,94,34.5,0.0,1,0,0,1
LS043422,2026-08-01,US,Digital goods,13,Active,Verified,Medium,Low,26298.26,349,34.2,0.0156,0,1,1,0
LS001444,2026-08-01,MX,Food & beverage,16,Active,Verified,Low,Medium,81815.4,1318,26.8,0.0165,1,1,0,0
LS045986,2026-08-01,MX,Digital goods,18,Active,Verified,Medium,Low,15171.82,190,11.9,0.0128,1,1,1,0
LS042558,2026-08-01,MX,Retail,12,Active,Expired,Medium,Medium,32748.16,389,28.4,0.0,1,1,0,0
LS032281,2026-08-01,US,Retail,64,Active,Verified,Low,Low,8560.43,183,25.2,0.0081,0,0,0,0
LS036007,2026-08-01,US,Professional services,33,Closed,Verified,Low,Medium,12736.25,156,32.3,0.0196,0,0,0,0
LS001512,2026-08-01,MX,Travel,22,Active,Verified,High,Low,31210.33,161,15.1,0.0126,2,1,1,0
LS028235,2026-08-01,US,Travel,4,Active,Verified,Medium,Low,6282.45,55,25.2,0.0136,1,1,0,0
LS046891,2026-08-01,US,Food & beverage,72,Paused,Expired,Low,Medium,27588.78,294,18.6,0.0034,0,1,1,0
LS032384,2026-08-01,BR,Professional services,18,Active,Verified,Medium,Medium,10407.1,204,26.6,0.0,0,1,0,0
LS013761,2026-08-01,BR,Retail,20,Active,Verified,Low,Medium,7039.35,115,24.6,0.0,0,1,0,1
LS025466,2026-08-01,US,Retail,40,Active,Verified,Medium,Low,60644.43,1319,19.5,0.0088,0,0,1,0
LS017620,2026-08-01,US,Travel,9,Active,Verified,Low,Low,20111.48,374,27.9,0.0096,1,0,0,0
LS048237,2026-08-01,BR,Travel,16,Active,Verified,Low,Low,53029.68,766,36.2,0.0067,0,1,1,0
LS030627,2026-08-01,BR,Retail,7,Active,Verified,Low,High,48117.32,686,14.5,0.0131,0,1,0,0
LS036371,2026-08-01,US,Professional services,10,Active,Verified,Medium,Low,12078.37,102,25.2,0.0022,0,1,0,0
LS006571,2026-08-01,US,Professional services,49,Active,Verified,High,Low,16585.49,343,4.0,0.0023,1,1,0,0
LS046017,2026-08-01,BR,Food & beverage,31,Active,Verified,Medium,Low,13515.62,180,39.6,0.0154,0,1,0,0
LS002643,2026-08-01,US,Digital goods,23,Active,Verified,Low,High,2410.9,31,35.0,0.0172,1,1,0,0
LS011575,2026-08-01,BR,Retail,6,Active,Verified,Medium,Low,4056.33,41,41.6,0.0273,1,1,0,0
LS020063,2026-08-01,BR,Travel,26,Active,Verified,Medium,Medium,22793.01,524,36.1,0.0321,0,1,1,0
LS014185,2026-08-01,US,Retail,43,Active,Verified,High,Low,4348.81,79,20.4,0.0181,1,1,0,0
LS010908,2026-08-01,CR,Professional services,28,Active,Verified,Low,Medium,6231.44,65,38.5,0.0031,0,1,0,0
LS038229,2026-08-01,MX,Professional services,43,Active,Pending,Low,Medium,7105.69,88,36.2,0.0264,1,1,1,0
LS009158,2026-08-01,US,Digital goods,41,Active,Verified,Low,Medium,5869.98,120,30.0,0.0,0,1,0,0
LS017734,2026-08-01,US,Food & beverage,14,Active,Verified,Low,Low,1486.55,23,43.8,0.016,2,1,0,0
LS003601,2026-08-01,US,Travel,22,Active,Pending,Medium,High,14122.46,136,24.0,0.0,0,1,1,0
LS041582,2026-08-01,US,Travel,34,Active,Verified,Low,Medium,3104.21,33,16.5,0.0034,1,1,0,0
LS058283,2026-08-01,US,Travel,48,Active,Verified,Medium,Medium,44515.99,459,43.8,0.0349,0,1,1,0
LS029514,2026-08-01,MX,Travel,35,Active,Verified,Medium,High,8068.44,75,35.1,0.0103,1,1,1,0
LS038647,2026-08-01,MX,Food & beverage,10,Active,Verified,Low,Medium,13450.95,139,34.8,0.038,3,1,0,0
LS019197,2026-08-01,US,Retail,84,Paused,Verified,Low,Medium,12371.35,216,25.9,0.0,0,1,0,0
LS046063,2026-08-01,US,Food & beverage,25,Active,Verified,Low,Medium,9211.17,65,33.5,0.0196,0,1,0,0
LS020992,2026-08-01,US,Retail,13,Active,Verified,Medium,Medium,2773.0,28,17.0,0.0143,1,0,0,0
LS009949,2026-08-01,US,Digital goods,24,Active,Verified,Low,Low,10028.45,145,26.7,0.0108,2,0,1,0
LS012238,2026-08-01,US,Retail,18,Active,Expired,Medium,High,3529.58,23,16.0,0.0042,0,1,0,0
LS023591,2026-08-01,CR,Retail,19,Active,Verified,Medium,Low,14927.98,266,53.4,0.0309,2,1,0,0
LS055153,2026-08-01,MX,Food & beverage,24,Paused,Verified,Low,Medium,26235.8,232,53.5,0.0351,3,1,0,0
LS044335,2026-08-01,BR,Professional services,30,Active,Pending,Low,High,11863.66,160,47.6,0.0208,1,0,1,0
LS059781,2026-08-01,US,Retail,32,Active,Verified,Medium,High,3632.86,46,26.7,0.0,0,1,0,1
LS004133,2026-08-01,BR,Retail,23,Active,Verified,Medium,High,3793.4,91,16.8,0.0,2,1,1,0
LS022038,2026-08-01,MX,Retail,23,Active,Verified,Low,Medium,9547.04,94,20.2,0.014,1,1,0,0
LS028915,2026-08-01,MX,Digital goods,45,Active,Expired,Low,Medium,9380.26,67,28.2,0.0226,0,0,0,1
LS044344,2026-08-01,US,Digital goods,5,Active,Verified,Medium,High,16153.75,266,17.3,0.0159,1,1,0,0
LS026297,2026-08-01,US,Food & beverage,7,Active,Verified,Medium,High,8948.0,131,39.8,0.0155,1,1,0,0
LS027802,2026-08-01,US,Food & beverage,18,Active,Verified,Low,High,23467.33,285,20.9,0.0106,0,1,0,0
LS028563,2026-08-01,US,Retail,32,Active,Verified,Low,High,39760.98,607,32.1,0.0192,1,1,0,1
LS033690,2026-08-01,US,Retail,84,Active,Verified,Low,High,6721.73,95,14.3,0.0131,0,1,0,0
LS028316,2026-08-01,US,Digital goods,10,Active,Verified,Low,Medium,19172.86,411,22.0,0.0,0,0,1,0
LS036709,2026-08-01,US,Retail,32,Active,Verified,Low,Medium,11641.57,230,12.5,0.0,0,1,0,0
LS057046,2026-08-01,BR,Professional services,24,Active,Verified,Medium,Medium,31139.14,463,25.6,0.0091,0,1,0,0
LS008708,2026-08-01,MX,Food & beverage,36,Active,Pending,Low,Low,3148.59,47,29.3,0.0088,0,1,0,0
LS058407,2026-08-01,US,Food & beverage,36,Active,Expired,Medium,Medium,11475.77,222,30.1,0.0196,0,0,0,0
LS017209,2026-08-01,BR,Food & beverage,19,Active,Verified,Low,High,3573.82,36,38.3,0.0117,1,0,1,0
LS038253,2026-08-01,MX,Travel,17,Active,Verified,Low,Medium,6087.96,71,23.0,0.0084,0,1,0,0
LS043335,2026-08-01,CR,Travel,52,Active,Expired,Low,Medium,138643.64,3656,27.9,0.0,0,1,1,0
LS036314,2026-08-01,MX,Retail,1,Active,Verified,Medium,Medium,20167.85,296,33.2,0.0174,1,1,0,0
LS047593,2026-08-01,US,Retail,13,Active,Verified,Low,High,9332.07,219,23.9,0.0043,0,0,0,0
LS001559,2026-08-01,US,Digital goods,52,Active,Verified,Low,Medium,21441.13,670,37.8,0.0193,1,0,1,0
LS044953,2026-08-01,MX,Food & beverage,21,Active,Verified,Medium,High,3666.14,33,13.2,0.0,1,0,0,0
LS049037,2026-08-01,BR,Professional services,69,Active,Pending,Low,Medium,2831.26,43,30.2,0.0266,0,1,0,0
LS022279,2026-08-01,CR,Professional services,47,Active,Verified,Medium,Medium,16471.77,246,38.8,0.0149,1,0,1,1
LS020804,2026-08-01,CR,Retail,44,Paused,Verified,Low,High,9184.33,176,4.0,0.0,0,0,1,0
LS042819,2026-08-01,US,Professional services,35,Active,Verified,Low,Medium,132256.49,1936,37.2,0.0082,4,1,0,0
LS032186,2026-08-01,US,Professional services,18,Active,Verified,Medium,Low,13053.8,183,4.4,0.0009,0,1,0,0
LS017040,2026-08-01,US,Retail,54,Active,Verified,Low,Medium,2402.15,33,23.5,0.008,0,1,0,0
LS042348,2026-08-01,BR,Professional services,72,Active,Verified,Low,Medium,2628.0,37,13.4,0.0,0,1,0,0
LS005600,2026-08-01,MX,Food & beverage,26,Active,Verified,Low,Low,10538.93,97,46.4,0.0086,3,0,0,0
LS040474,2026-08-01,CR,Professional services,15,Paused,Pending,Low,Medium,8645.14,132,26.4,0.0034,0,1,0,0
LS047680,2026-08-01,MX,Professional services,20,Active,Verified,Low,Medium,13344.04,289,12.4,0.0047,1,0,0,0
LS007705,2026-08-01,US,Food & beverage,22,Active,Verified,Low,Medium,8410.34,98,21.6,0.0054,0,1,0,0
LS028215,2026-08-01,BR,Professional services,24,Active,Verified,Medium,Medium,21194.46,164,15.4,0.0186,1,1,0,0
LS014266,2026-08-01,BR,Retail,14,Active,Verified,Low,Medium,47973.22,630,21.5,0.0045,0,1,0,0
LS005674,2026-08-01,US,Food & beverage,53,Active,Verified,Low,Low,32104.34,393,27.1,0.0106,1,1,1,0
LS018588,2026-08-01,US,Digital goods,13,Active,Verified,Low,Medium,13881.44,285,11.3,0.0025,1,1,0,0
LS004623,2026-08-01,US,Food & beverage,31,Active,Verified,Low,Medium,30406.92,721,35.6,0.0211,0,0,1,0
LS015777,2026-08-01,BR,Retail,34,Active,Verified,Medium,Medium,44423.42,414,25.6,0.0081,0,1,0,0
LS001910,2026-08-01,MX,Retail,22,Closed,Verified,High,Low,9766.2,125,4.0,0.0,0,1,0,0
LS058602,2026-08-01,US,Retail,24,Active,Verified,Low,Low,48104.28,462,15.6,0.0151,0,0,0,0
LS022555,2026-08-01,US,Food & beverage,61,Active,Verified,Low,Low,2584.75,64,43.3,0.0292,2,1,0,0
LS008949,2026-08-01,US,Retail,14,Active,Verified,Medium,High,2869.59,38,30.8,0.0114,2,0,0,0
LS020835,2026-08-01,CR,Retail,39,Active,Verified,High,High,12377.73,114,24.9,0.0,0,0,0,1
LS010673,2026-08-01,US,Professional services,17,Active,Verified,Low,Low,13822.68,215,33.6,0.0,1,0,1,0
LS047105,2026-08-01,US,Professional services,48,Active,Verified,Low,Low,4279.93,82,12.9,0.0098,0,1,0,1
LS055242,2026-08-01,BR,Professional services,21,Active,Verified,Low,High,7502.21,142,34.2,0.0223,1,0,0,0
LS015984,2026-08-01,BR,Travel,17,Active,Verified,Medium,Low,19401.62,576,24.4,0.0207,0,0,0,0
LS025945,2026-08-01,US,Professional services,38,Active,Verified,Low,Medium,4436.24,104,28.0,0.0132,1,0,0,0
LS024533,2026-08-01,US,Digital goods,11,Active,Verified,Low,Medium,13333.22,164,35.3,0.0219,2,0,0,0
LS048288,2026-08-01,BR,Food & beverage,68,Active,Verified,Medium,High,28296.55,509,31.5,0.0159,2,0,0,1
LS037092,2026-08-01,CR,Retail,9,Active,Verified,Medium,High,24428.81,228,4.0,0.0051,0,1,0,0
LS011397,2026-08-01,US,Digital goods,84,Active,Verified,Low,Medium,11972.43,79,18.2,0.0019,0,1,0,0
LS047720,2026-08-01,CR,Travel,8,Active,Verified,Low,Low,22345.86,317,41.0,0.0099,0,1,0,1
LS032028,2026-08-01,US,Food & beverage,40,Active,Verified,High,Medium,8445.5,125,14.9,0.0061,1,1,1,0
LS025277,2026-08-01,US,Food & beverage,38,Active,Verified,High,High,4380.04,106,29.8,0.0141,1,0,0,0
LS029848,2026-08-01,US,Digital goods,36,Active,Verified,Low,Medium,41054.09,790,18.8,0.0076,1,0,1,0
LS044723,2026-08-01,BR,Retail,20,Paused,Pending,Medium,Medium,5549.01,80,21.7,0.0,2,1,1,1
LS032501,2026-08-01,US,Travel,27,Active,Verified,Low,Medium,19658.4,312,51.9,0.0275,1,1,1,1
LS048370,2026-08-01,BR,Digital goods,80,Active,Verified,Medium,Low,12505.75,258,7.7,0.0003,0,1,0,0
LS007446,2026-08-01,US,Retail,12,Active,Pending,Low,High,68853.46,1182,31.8,0.0183,1,1,0,0
LS012438,2026-08-01,MX,Food & beverage,38,Active,Verified,High,High,12068.71,179,30.8,0.0102,1,1,0,1
LS045923,2026-08-01,BR,Digital goods,39,Active,Verified,Low,Medium,3327.44,40,31.9,0.0167,0,0,0,0
LS026897,2026-08-01,US,Retail,21,Active,Verified,Medium,High,14788.53,194,35.3,0.0128,0,1,0,0
LS050929,2026-08-01,BR,Digital goods,49,Active,Verified,Medium,Low,12578.7,152,26.3,0.0,1,1,0,0
LS018567,2026-08-01,US,Professional services,26,Active,Verified,High,Medium,17196.59,237,38.0,0.0096,2,1,0,0
LS006158,2026-08-01,US,Retail,25,Active,Verified,Low,Medium,14807.28,168,25.9,0.011,0,0,0,0
LS053194,2026-08-01,BR,Professional services,38,Active,Verified,Medium,High,30068.67,277,47.3,0.031,2,1,1,1
LS056380,2026-08-01,US,Retail,13,Active,Verified,Medium,Low,11397.49,193,51.3,0.0162,1,1,0,0
LS050879,2026-08-01,US,Professional services,41,Active,Verified,Medium,Medium,4937.46,52,41.7,0.0313,1,1,1,0
LS018224,2026-08-01,US,Digital goods,55,Active,Verified,Low,Medium,12831.68,372,42.7,0.0257,1,1,0,0
LS007098,2026-08-01,US,Digital goods,25,Active,Verified,Low,Medium,18678.73,142,29.9,0.0018,1,1,0,0
LS042094,2026-08-01,US,Digital goods,64,Active,Verified,Low,Medium,13355.22,152,8.5,0.0,0,1,0,0
LS032400,2026-08-01,US,Food & beverage,15,Active,Verified,Low,Medium,7157.66,128,4.0,0.0121,0,1,0,1
LS052994,2026-08-01,MX,Retail,32,Active,Verified,High,Medium,5367.32,114,35.1,0.0191,2,0,0,0
LS044756,2026-08-01,BR,Retail,12,Closed,Verified,Low,Medium,12679.25,220,51.9,0.0217,2,1,0,0
LS021228,2026-08-01,MX,Digital goods,15,Active,Verified,Low,High,4385.43,44,24.7,0.0117,0,1,0,0
LS014966,2026-08-01,MX,Professional services,24,Active,Verified,High,Low,5208.39,85,15.2,0.0,0,1,1,0
LS035929,2026-08-01,CR,Travel,16,Active,Verified,Low,Low,18257.13,209,14.3,0.0117,0,1,1,0
LS038766,2026-08-01,US,Professional services,24,Active,Verified,Low,High,46513.79,1094,40.2,0.0072,0,1,0,1
LS033087,2026-08-01,US,Food & beverage,21,Active,Verified,Low,High,22741.17,407,32.4,0.0049,3,0,1,0
LS038434,2026-08-01,BR,Professional services,22,Active,Verified,Low,Low,46889.4,621,29.3,0.0119,0,1,0,0
LS013356,2026-08-01,BR,Retail,11,Active,Pending,Medium,Medium,6172.89,98,38.0,0.0161,0,1,0,0
LS059318,2026-08-01,US,Professional services,19,Active,Verified,Low,Low,3172.73,48,54.4,0.0233,1,0,0,0
LS055225,2026-08-01,CR,Food & beverage,15,Active,Verified,Low,High,25671.46,324,25.6,0.0123,1,1,0,1
LS021396,2026-08-01,US,Digital goods,70,Active,Verified,Medium,Medium,12297.63,95,4.0,0.0,0,1,1,0
LS059074,2026-08-01,MX,Retail,13,Active,Verified,Low,Low,12457.07,271,10.1,0.0,0,1,0,0
LS010914,2026-08-01,US,Food & beverage,9,Active,Verified,Medium,Medium,4014.09,75,14.4,0.0173,0,0,0,0
LS001789,2026-08-01,CR,Travel,18,Active,Verified,Medium,High,29449.53,363,15.9,0.0043,1,1,0,0
LS059019,2026-08-01,MX,Retail,22,Active,Verified,Medium,Medium,6609.95,104,13.9,0.0,0,1,0,0
LS026494,2026-08-01,US,Food & beverage,55,Active,Verified,Medium,Low,43757.1,486,8.5,0.0105,0,1,1,0
LS011782,2026-08-01,BR,Food & beverage,22,Active,Pending,Low,Medium,5961.14,106,28.1,0.0053,2,0,0,0
LS050521,2026-08-01,US,Retail,19,Active,Verified,Low,High,2663.64,36,22.6,0.0283,0,0,0,0
LS032654,2026-08-01,MX,Retail,23,Active,Verified,Medium,Medium,15362.57,259,15.9,0.0036,0,0,0,0
LS051998,2026-08-01,US,Professional services,52,Active,Verified,Low,Medium,5350.86,74,49.3,0.0227,0,1,0,0
LS053130,2026-08-01,BR,Digital goods,13,Active,Pending,Medium,Medium,16058.09,258,31.8,0.0139,1,1,1,0
LS052238,2026-08-01,BR,Food & beverage,39,Active,Verified,Low,Medium,23753.23,265,18.3,0.0089,0,0,0,0
LS053748,2026-08-01,MX,Retail,21,Active,Verified,Medium,High,42266.09,532,4.0,0.0,0,1,0,0
LS009309,2026-08-01,US,Retail,22,Active,Verified,Low,Low,7713.11,89,25.6,0.0157,1,0,0,0
LS046197,2026-08-01,BR,Food & beverage,36,Active,Verified,High,Low,4630.75,50,24.8,0.0042,0,0,0,1
LS039417,2026-08-01,BR,Digital goods,14,Active,Verified,Medium,Medium,72864.15,1717,46.6,0.0158,0,1,0,0
LS040377,2026-08-01,US,Digital goods,15,Active,Verified,Low,Medium,20620.4,95,29.8,0.0134,1,1,0,0
LS048373,2026-08-01,US,Food & beverage,46,Active,Verified,Low,Medium,6243.91,121,32.2,0.0305,0,1,0,0
LS017536,2026-08-01,US,Digital goods,55,Active,Verified,Low,Low,18134.18,241,32.1,0.0164,3,1,1,0
LS054060,2026-08-01,MX,Retail,13,Closed,Verified,Medium,Medium,32458.58,399,15.7,0.005,1,1,0,0
LS014435,2026-08-01,US,Travel,69,Active,Verified,Low,High,5780.44,111,27.9,0.0143,1,0,1,0
LS033237,2026-08-01,US,Professional services,37,Active,Verified,Low,Medium,3354.58,42,21.5,0.0109,0,1,0,0
LS043812,2026-08-01,US,Retail,45,Active,Verified,Low,High,4933.57,91,32.8,0.0071,1,1,0,0
LS018387,2026-08-01,US,Retail,30,Active,Verified,Low,Medium,4535.9,54,51.5,0.0125,1,1,1,0
LS054722,2026-08-01,US,Food & beverage,15,Active,Verified,Low,High,42007.11,1028,50.9,0.0208,2,0,0,0
LS016788,2026-08-01,US,Digital goods,40,Active,Verified,Low,Medium,9341.45,113,15.7,0.0006,2,1,0,0
LS005639,2026-08-01,US,Digital goods,6,Active,Verified,Low,Medium,8118.41,92,18.7,0.0094,0,0,0,0
LS022309,2026-08-01,US,Retail,10,Active,Verified,Low,Low,7718.05,147,32.3,0.0104,1,1,1,0
LS047945,2026-08-01,US,Digital goods,16,Active,Verified,Low,Medium,11582.81,126,43.5,0.022,1,1,1,1
LS018893,2026-08-01,CR,Professional services,28,Active,Verified,Medium,Low,21495.48,252,17.6,0.0121,1,1,1,0
LS018099,2026-08-01,MX,Travel,40,Active,Verified,Low,Medium,13043.73,140,30.1,0.0219,1,1,0,0
LS043296,2026-08-01,US,Retail,9,Active,Verified,Low,Medium,22694.35,209,27.3,0.0069,0,1,0,0
LS017712,2026-08-01,CR,Retail,13,Active,Verified,Low,Low,4632.77,61,25.2,0.0039,0,0,0,0
LS055674,2026-08-01,US,Food & beverage,13,Active,Verified,Low,High,12297.87,145,24.7,0.0,0,0,0,1
LS036653,2026-08-01,MX,Food & beverage,32,Paused,Verified,Medium,Low,16650.62,205,17.1,0.0126,1,1,0,0
LS055003,2026-08-01,BR,Professional services,10,Active,Verified,Low,High,9539.02,138,28.8,0.0024,0,1,0,0
LS004020,2026-08-01,BR,Retail,17,Active,Verified,Low,High,1952.32,27,25.1,0.0,0,0,0,1
LS039297,2026-08-01,MX,,55,Active,Verified,High,Medium,48934.24,664,11.5,0.0103,0,1,1,0
LS017006,2026-08-01,US,Professional services,4,Active,Pending,High,Medium,6299.21,69,30.7,0.0105,0,0,1,0
LS046185,2026-08-01,CR,Retail,15,Active,Pending,Low,Low,5540.19,41,20.1,0.0089,0,0,1,0
LS001675,2026-08-01,MX,Food & beverage,26,Active,Verified,Low,High,9995.76,174,32.1,0.0136,1,0,0,0
LS044274,2026-08-01,MX,Travel,21,Active,Verified,Medium,Medium,9247.67,159,41.3,0.0145,1,0,0,0
LS012603,2026-08-01,US,Travel,14,Active,Verified,Medium,Medium,7053.17,109,26.6,0.0,0,1,0,0
LS035889,2026-08-01,BR,Professional services,5,Active,Verified,Medium,Low,8958.13,172,33.7,0.0069,1,1,0,0
LS010213,2026-08-01,MX,Digital goods,49,Active,Verified,Low,High,22301.86,447,44.5,0.0111,0,1,1,0
LS045381,2026-08-01,US,Food & beverage,16,Active,Verified,Low,Medium,8586.06,90,26.6,0.0134,1,1,0,0
LS039521,2026-08-01,US,Food & beverage,40,Active,Verified,Medium,Medium,15009.97,144,6.7,0.0,3,0,1,0
LS002724,2026-08-01,MX,Food & beverage,69,Active,Verified,Medium,Low,13206.59,124,12.2,0.0,1,1,0,0
LS027519,2026-08-01,US,Professional services,27,Active,Expired,Low,Medium,8954.65,196,16.8,0.0091,1,1,0,1
LS052560,2026-08-01,US,Professional services,68,Active,Verified,Medium,Medium,30379.39,303,21.4,0.0034,1,0,1,0
LS045559,2026-08-01,BR,Food & beverage,18,Active,Verified,Low,High,16708.45,252,37.0,0.0141,1,0,0,0
LS057254,2026-08-01,BR,Food & beverage,44,Active,Verified,Medium,Medium,19615.98,316,49.2,0.0,0,0,0,0
LS021021,2026-08-01,MX,Professional services,25,Active,Verified,Low,Medium,36048.47,335,4.0,0.0,0,1,0,0
LS016308,2026-08-01,BR,Retail,18,Active,Verified,Low,Medium,17545.62,238,10.8,0.0,1,1,0,1
LS027117,2026-08-01,CR,Retail,25,Closed,Verified,Medium,High,24680.21,569,37.0,0.0274,0,0,0,0
LS029167,2026-08-01,MX,Retail,53,Active,Verified,Low,Medium,15393.65,339,29.2,0.0188,1,1,1,0
LS003779,2026-08-01,BR,Food & beverage,31,Active,Verified,Low,High,9305.75,115,18.7,0.0,1,1,1,0
LS031183,2026-08-01,CR,,33,Active,Verified,Low,Medium,4462.87,21,13.4,0.0,1,0,0,0
LS008161,2026-08-01,BR,Professional services,59,Active,Verified,Low,High,56519.64,488,15.1,0.0,2,1,1,0
LS046951,2026-08-01,MX,Food & beverage,4,Active,Expired,Medium,Medium,12385.11,184,39.2,0.0056,0,1,1,0
LS037503,2026-08-01,US,Travel,26,Active,Verified,Low,Low,7870.98,69,35.9,0.0206,0,1,0,0
LS027770,2026-08-01,CR,Professional services,17,Active,Verified,Low,Medium,16117.62,285,49.4,0.0243,1,1,1,0
LS033537,2026-08-01,BR,Retail,39,Active,Verified,High,Low,9682.44,236,30.7,0.0,1,1,1,0
LS015304,2026-08-01,BR,Food & beverage,26,Active,Pending,Low,Low,5170.69,29,14.6,0.0026,0,1,0,0
LS031488,2026-08-01,CR,Professional services,22,Active,Verified,High,Low,9678.32,84,15.3,0.0,0,1,0,0
LS036848,2026-08-01,MX,Professional services,11,Active,Verified,Low,Low,6608.42,120,22.2,0.0004,2,1,0,0
LS011713,2026-08-01,BR,Retail,38,Active,Verified,Medium,Medium,29074.59,686,41.9,0.0233,2,0,0,0
LS008144,2026-08-01,MX,Professional services,18,Active,Verified,Low,High,6844.81,172,51.3,0.0392,6,1,0,0
LS029145,2026-08-01,US,Food & beverage,43,Paused,Verified,Low,Medium,23125.1,313,15.3,0.0222,0,0,1,0
LS009349,2026-08-01,BR,Food & beverage,56,Active,Verified,Low,Low,14238.21,191,17.9,0.0045,1,1,0,0
LS049177,2026-08-01,US,Food & beverage,42,Active,Pending,Medium,Medium,26040.18,346,60.0,0.0293,3,1,0,0
LS001323,2026-08-01,MX,Retail,34,Active,Verified,Medium,Low,8687.9,115,28.1,0.0137,1,0,0,0
LS049539,2026-08-01,US,Retail,5,Active,Verified,High,Low,11460.54,201,35.9,0.0182,1,1,0,0
LS050928,2026-08-01,BR,Digital goods,7,Active,Verified,High,High,3015.08,106,28.8,0.011,0,1,0,1
LS010472,2026-08-01,CR,Retail,15,Active,Verified,Low,High,14929.81,335,10.6,0.0,0,1,0,0
LS017158,2026-08-01,US,Professional services,41,Active,Verified,Low,Medium,92376.56,1442,17.8,0.0,0,1,1,0
LS049634,2026-08-01,US,Retail,12,Active,Pending,Low,Medium,7584.42,58,20.8,0.0021,1,0,0,0
LS023659,2026-08-01,US,Professional services,15,Active,Verified,Low,Medium,23053.99,293,25.7,0.0128,3,1,1,0
LS036169,2026-08-01,BR,Professional services,8,Active,Pending,Low,Low,24744.85,221,14.0,0.0,1,1,0,0
LS012000,2026-08-01,BR,Travel,10,Active,Verified,Medium,Medium,13897.82,240,34.8,0.0227,0,0,0,0
LS001072,2026-08-01,US,Professional services,23,Active,Verified,Low,Medium,8603.69,126,34.3,0.0141,0,0,0,0
LS012719,2026-08-01,CR,Retail,84,Active,Verified,Low,Low,1941.7,35,27.7,0.0226,0,0,0,0
LS026845,2026-08-01,MX,Digital goods,19,Active,Verified,Low,Medium,6640.26,67,43.2,0.0237,0,0,0,0
LS052962,2026-08-01,CR,Food & beverage,46,Active,Verified,High,High,6126.41,43,20.5,0.0172,0,1,0,0
LS045251,2026-08-01,MX,Professional services,24,Active,Verified,Low,High,8833.94,141,7.7,0.0,0,1,0,0
LS058695,2026-08-01,CR,Food & beverage,8,Active,Verified,Low,Medium,40691.72,695,24.7,0.0158,1,1,0,0
LS014247,2026-08-01,MX,Retail,12,Active,Verified,Low,Medium,20950.29,321,28.9,0.0008,0,1,0,1
LS047823,2026-08-01,US,Professional services,22,Active,Verified,Medium,High,50327.25,500,27.7,0.009,1,1,1,1
LS024326,2026-08-01,US,Retail,12,Active,Verified,Medium,Medium,7586.88,115,27.2,0.0124,1,1,0,0
LS008706,2026-08-01,US,Digital goods,17,Active,Verified,Low,High,9494.52,141,28.7,0.0073,0,1,1,0
LS057114,2026-08-01,MX,Food & beverage,11,Active,Verified,Low,Low,6650.37,91,39.4,0.0228,0,1,0,0
LS043482,2026-08-01,US,Retail,16,Active,Verified,Medium,Medium,18520.63,398,16.5,0.0076,0,1,0,0
LS048149,2026-08-01,US,Retail,17,Active,Verified,High,Low,14495.05,206,4.0,0.0,0,1,0,0
LS038140,2026-08-01,US,Food & beverage,20,Closed,Verified,Medium,Medium,51963.08,768,44.2,0.0118,2,1,0,0
LS000427,2026-08-01,US,Retail,11,Paused,Verified,High,Low,41345.91,512,45.6,0.0227,1,0,0,0
LS035875,2026-08-01,BR,Retail,14,Active,Verified,Low,Low,21518.97,195,45.7,0.0178,1,1,1,0
LS012936,2026-08-01,BR,Digital goods,37,Active,Pending,Low,Medium,4702.15,91,63.4,0.0368,1,0,0,1
LS038932,2026-08-01,MX,Digital goods,20,Active,Verified,Medium,Medium,6226.05,64,36.3,0.0099,0,1,0,1
LS038074,2026-08-01,MX,Digital goods,18,Active,Verified,Medium,Low,7863.43,137,19.2,0.0004,0,1,0,0
LS039735,2026-08-01,BR,Retail,48,Active,Verified,Low,High,1974.12,25,21.1,0.0153,0,1,0,0
LS010139,2026-08-01,BR,Professional services,20,Active,Verified,Low,Medium,16081.14,352,44.7,0.0271,0,1,0,0
LS028156,2026-08-01,MX,Retail,20,Active,Verified,Medium,High,6014.52,97,18.9,0.0114,0,0,0,0
LS039243,2026-08-01,BR,Retail,40,Active,Expired,Medium,High,8475.99,64,37.0,0.0127,1,1,0,0
LS054008,2026-08-01,US,Retail,36,Active,Verified,Low,Low,8207.33,109,23.9,0.0173,0,0,1,1
LS056838,2026-08-01,US,Digital goods,74,Active,Verified,Low,Medium,1359.62,10,27.4,0.0086,0,1,0,0
LS052122,2026-08-01,US,Food & beverage,7,Closed,Verified,Medium,Medium,7093.63,88,14.4,0.0,0,1,0,0
LS038283,2026-08-01,CR,Professional services,20,Active,Verified,Low,Low,48509.61,887,30.5,0.0158,1,1,1,0
LS059885,2026-08-01,MX,Digital goods,27,Active,Verified,Low,Low,30072.89,283,19.5,0.0,0,1,1,0
LS011395,2026-08-01,US,Retail,30,Active,Expired,Low,High,17016.08,182,33.6,0.0212,2,0,0,1
LS047633,2026-08-01,BR,Professional services,21,Active,Verified,Low,Low,20037.69,377,18.6,0.0071,0,0,0,0
LS027830,2026-08-01,MX,Food & beverage,17,Active,Verified,Low,Low,12503.08,211,36.7,0.0175,0,1,0,0
LS045722,2026-08-01,MX,Professional services,28,Active,Verified,Low,Medium,12193.43,152,31.5,0.0146,0,0,0,0
LS043121,2026-08-01,US,Retail,54,Active,Verified,Low,High,55093.1,1038,22.6,0.0046,0,1,0,1
LS007594,2026-08-01,US,Professional services,40,Active,Verified,Medium,Low,5417.67,88,14.1,0.0035,0,0,0,1
LS007353,2026-08-01,CR,Food & beverage,6,Active,Verified,Low,Low,7619.12,93,4.0,0.0,0,0,1,0
LS030887,2026-08-01,US,Food & beverage,30,Active,Verified,Low,High,11824.77,189,9.9,0.0,0,0,0,0
LS053716,2026-08-01,MX,Professional services,17,Active,Verified,Medium,Low,8658.22,77,41.7,0.0127,0,0,0,0
LS007559,2026-08-01,CR,Retail,22,Active,Verified,Low,Low,5634.28,69,25.5,0.0012,0,1,0,0
LS049209,2026-08-01,US,Food & beverage,15,Active,Verified,Medium,Medium,4280.85,69,28.7,0.0195,2,1,0,0
LS026129,2026-08-01,BR,Professional services,55,Active,Verified,Low,Low,58848.27,1567,41.6,0.0214,2,0,1,0
LS005128,2026-08-01,CR,Digital goods,9,Active,Verified,Low,Low,33375.12,871,34.5,0.0091,2,1,1,0
LS048977,2026-08-01,US,Retail,16,Active,Verified,Low,Medium,9246.85,89,20.9,0.0131,0,1,0,0
LS028405,2026-08-01,US,Digital goods,4,Active,Verified,Low,High,10405.0,225,24.7,0.0256,0,1,0,1
LS010311,2026-08-01,BR,Retail,34,Active,Verified,Low,Low,5663.09,92,30.0,0.0,0,1,0,0
LS031751,2026-08-01,MX,Professional services,26,Active,Verified,Low,Low,4928.48,87,4.7,0.0,0,0,1,0
LS043162,2026-08-01,BR,Professional services,9,Active,Verified,High,Low,6220.7,68,36.8,0.016,2,1,0,0
LS024398,2026-08-01,BR,Professional services,35,Active,Pending,Medium,Medium,50081.27,859,25.8,0.0122,3,1,1,0
LS003306,2026-08-01,BR,Food & beverage,19,Active,Verified,Low,Medium,13363.73,129,6.3,0.0,0,1,1,0
LS058035,2026-08-01,US,Travel,55,Active,Verified,Low,Medium,16360.67,356,26.7,0.0155,0,0,0,1
LS027048,2026-08-01,MX,Retail,6,Active,Pending,Low,Medium,16894.78,118,29.8,0.0161,1,1,0,0
LS043325,2026-08-01,MX,Professional services,6,Active,Verified,Low,Low,3171.88,66,23.5,0.0024,1,0,0,0
LS009797,2026-08-01,CR,Food & beverage,48,Active,Verified,Medium,Medium,1785.02,28,13.0,0.0031,2,1,1,0
LS057546,2026-08-01,BR,Retail,49,Paused,Verified,Medium,High,35378.97,455,43.6,0.0009,0,1,1,0
LS013905,2026-08-01,MX,Retail,2,Active,Verified,Low,Low,13133.97,256,26.0,0.0111,0,1,0,0
LS023851,2026-08-01,US,Professional services,15,Active,Verified,Low,Low,16320.83,333,45.5,0.0179,1,0,0,0
LS024286,2026-08-01,MX,Professional services,23,Active,Verified,Low,High,23792.42,280,21.7,0.013,0,1,0,0
LS018992,2026-08-01,CR,Retail,11,Active,Verified,Medium,Low,12505.67,172,4.0,0.0,0,0,0,1
LS051871,2026-08-01,US,Retail,52,Active,Verified,Low,Low,20765.44,275,26.5,0.0219,0,1,1,0
LS033599,2026-08-01,MX,Digital goods,17,Active,Verified,High,Medium,8299.47,79,4.0,0.0051,1,0,0,0
LS001738,2026-08-01,CR,Professional services,14,Active,Verified,Low,High,8775.05,169,28.5,0.0079,1,0,0,0
LS015662,2026-08-01,US,Food & beverage,43,Active,Verified,Low,Medium,9670.15,121,52.1,0.0311,1,1,0,0
LS034559,2026-08-01,US,Retail,29,Active,Verified,Low,Medium,23568.91,479,26.7,0.0129,2,1,1,1
LS001977,2026-08-01,BR,Retail,30,Active,Verified,Low,Low,6853.1,83,21.6,0.0162,1,1,1,0
LS018382,2026-08-01,BR,Retail,28,Active,Verified,Low,Low,7498.55,120,43.8,0.0265,1,1,0,0
LS029394,2026-08-01,US,Professional services,51,Active,Verified,Low,Low,52948.46,766,30.2,0.0168,0,1,0,0
LS010749,2026-08-01,US,Digital goods,20,Active,Verified,Low,Medium,23241.24,298,20.7,0.0024,0,1,0,0
LS031458,2026-08-01,MX,Professional services,35,Active,Verified,Low,Medium,10708.16,112,26.5,0.0118,2,0,0,0
LS018654,2026-08-01,BR,Retail,12,Active,Verified,Medium,Low,12501.95,73,24.2,0.0073,0,0,0,0
LS005569,2026-08-01,CR,Food & beverage,18,Active,Verified,Low,High,20954.41,178,21.4,0.0099,2,1,0,0
LS012074,2026-08-01,US,Digital goods,34,Active,Verified,Low,Medium,96597.98,2287,31.1,0.0274,1,1,0,0
LS057518,2026-08-01,BR,Professional services,44,Active,Verified,Low,High,16633.59,231,41.4,0.0211,2,0,0,0
LS025176,2026-08-01,BR,Travel,34,Active,Verified,Low,Low,3422.26,34,32.2,0.0013,0,1,0,0
LS031678,2026-08-01,MX,Digital goods,18,Active,Verified,Low,Medium,5910.82,91,33.7,0.0271,0,0,0,0
LS026354,2026-08-01,BR,Food & beverage,29,Active,Verified,Medium,High,20396.45,248,26.7,0.0,0,1,0,1
LS006394,2026-08-01,MX,Food & beverage,38,Active,Verified,Low,Low,20669.67,225,23.8,0.003,0,1,1,0
LS049029,2026-08-01,US,Retail,16,Active,Verified,Low,Low,18733.34,436,34.3,0.0037,1,1,1,0
LS025130,2026-08-01,BR,Travel,27,Active,Pending,Medium,Medium,3581.29,49,37.8,0.0252,3,1,0,0
LS043123,2026-08-01,MX,Digital goods,36,Active,Verified,Low,Medium,7773.67,190,28.1,0.0063,0,0,0,0
LS026440,2026-08-01,MX,Retail,27,Active,Verified,Low,High,31894.18,373,38.6,0.0204,2,1,1,1
LS042000,2026-08-01,MX,Digital goods,16,Active,Verified,Medium,Medium,15960.43,339,4.0,0.0,0,0,0,0
LS015516,2026-08-01,CR,Retail,32,Active,Verified,High,Medium,11731.74,134,30.4,0.0212,0,1,0,0
LS023455,2026-08-01,US,Retail,72,Active,Verified,Low,Low,25979.24,486,31.6,0.0167,2,1,1,0
LS013065,2026-08-01,MX,Food & beverage,8,Active,Verified,Low,Low,16007.48,147,15.6,0.0,0,1,0,0
LS000843,2026-08-01,US,Digital goods,23,Active,Verified,Medium,Medium,4241.7,46,4.0,0.0,0,0,0,1
LS037452,2026-08-01,MX,Digital goods,27,Active,Verified,Low,Medium,29936.62,404,23.1,0.009,0,1,0,0
LS056370,2026-08-01,MX,Professional services,24,Active,Verified,Medium,High,8210.78,136,28.9,0.0165,1,0,0,0
LS018884,2026-08-01,BR,Professional services,21,Active,Verified,High,High,13088.66,258,31.0,0.0019,1,1,0,0
LS035806,2026-08-01,CR,Professional services,45,Active,Verified,Low,Low,16917.47,149,25.5,0.0221,3,1,0,0
LS052209,2026-08-01,BR,Food & beverage,44,Active,Verified,High,Medium,7902.57,108,54.5,0.0203,3,0,0,1
LS057539,2026-08-01,BR,Food & beverage,58,Active,Verified,Medium,Medium,8031.22,158,27.5,0.0135,0,0,0,0
LS047781,2026-08-01,MX,Food & beverage,67,Active,Verified,Low,Medium,16300.51,104,4.0,0.0,0,1,1,0
LS036060,2026-08-01,BR,Food & beverage,45,Active,Verified,Low,Medium,12218.51,155,26.0,0.0202,0,1,0,0
LS041014,2026-08-01,MX,Retail,21,Active,Verified,Medium,Medium,11908.08,363,22.1,0.0046,0,1,0,0
LS052705,2026-08-01,MX,Retail,32,Paused,Verified,High,Medium,17253.77,230,13.8,0.0,1,1,0,0
LS005330,2026-08-01,MX,Food & beverage,45,Active,Verified,Low,Medium,12973.06,248,20.3,0.0075,1,1,1,0
LS049450,2026-08-01,MX,Professional services,14,Active,Verified,Low,Low,4907.19,73,15.9,0.0018,0,0,0,1
LS031696,2026-08-01,MX,Professional services,26,Active,Verified,Medium,Medium,7282.94,64,37.1,0.0216,2,0,0,0
LS010301,2026-08-01,CR,Retail,39,Active,Verified,Low,High,9280.07,205,25.8,0.0032,0,1,0,1
LS044159,2026-08-01,MX,Professional services,32,Active,Verified,Medium,High,9913.8,75,14.1,0.0077,1,1,0,0
LS053517,2026-08-01,CR,Food & beverage,11,Active,Expired,Low,Low,8502.09,114,7.3,0.0093,0,1,0,0
LS019644,2026-08-01,US,Professional services,22,Active,Verified,Low,Low,14297.65,142,36.6,0.0245,1,1,0,0
LS032021,2026-08-01,MX,Professional services,13,Active,Verified,Low,Low,11789.16,178,20.2,0.0142,0,0,0,0
LS057996,2026-08-01,CR,Retail,7,Active,Verified,Low,Medium,8088.75,184,13.0,0.0045,0,1,1,0
LS004948,2026-08-01,MX,Digital goods,10,Active,Verified,Low,High,24666.24,480,42.8,0.0268,2,1,0,0
LS001440,2026-08-01,BR,Digital goods,8,Active,Verified,Low,Medium,8645.57,53,33.3,0.0179,1,1,0,0
LS053248,2026-08-01,CR,Food & beverage,27,Active,Verified,Medium,High,48153.6,1116,22.9,0.0239,0,1,0,0
LS049692,2026-08-01,US,Retail,22,Active,Expired,Low,Medium,5744.13,108,35.9,0.0221,0,0,0,0
LS050080,2026-08-01,MX,Food & beverage,18,Active,Pending,Medium,High,2097.54,26,19.5,0.0001,2,0,0,1
LS029374,2026-08-01,US,Professional services,32,Active,Verified,Medium,Low,20911.04,276,32.6,0.0121,1,1,0,0
LS057166,2026-08-01,CR,Professional services,29,Active,Verified,Medium,Medium,8242.28,130,19.4,0.0239,1,0,0,0
LS005715,2026-08-01,US,Food & beverage,14,Active,Verified,Low,Medium,8901.98,132,29.9,0.0117,0,0,0,0
LS010406,2026-08-01,US,Professional services,31,Active,Verified,Low,Medium,10415.55,100,23.9,0.0097,0,1,0,0
LS003790,2026-08-01,US,Food & beverage,14,Active,Expired,Low,High,68809.27,1343,24.1,0.0096,1,0,0,0
LS054930,2026-08-01,CR,Retail,72,Active,Verified,Low,High,26808.56,520,29.5,0.0204,0,0,1,0
LS057725,2026-08-01,US,Professional services,38,Active,Verified,Medium,High,24155.53,495,21.4,0.0054,0,1,1,0
LS010731,2026-08-01,MX,Professional services,50,Active,Verified,Medium,High,39755.83,887,37.7,0.0261,0,1,0,0
LS045996,2026-08-01,US,Professional services,14,Active,Verified,Low,Low,49689.33,610,29.9,0.0146,1,1,0,1
LS054406,2026-08-01,MX,Professional services,33,Active,Verified,Medium,Medium,15690.15,162,34.7,0.0157,0,0,0,1
LS054118,2026-08-01,MX,Retail,19,Active,Verified,Low,High,11574.78,193,22.2,0.0019,2,1,0,0
LS011488,2026-08-01,BR,Professional services,10,Closed,Verified,Low,Medium,30170.54,503,20.5,0.0125,1,1,1,0
LS052669,2026-08-01,MX,Retail,5,Active,Verified,Low,Medium,32302.78,433,4.0,0.0,2,1,0,0
LS008595,2026-08-01,BR,Digital goods,17,Active,Verified,Low,High,4827.21,102,11.3,0.0149,1,1,1,0
LS037316,2026-08-01,MX,Professional services,28,Active,Expired,Medium,Low,16980.41,178,40.7,0.0174,1,1,0,0
LS053431,2026-08-01,US,Travel,25,Active,Verified,High,High,10204.92,159,23.5,0.0281,1,1,1,0
LS027257,2026-08-01,US,Professional services,15,Active,Verified,Low,Medium,15350.67,234,30.1,0.0129,3,1,0,0
LS037485,2026-08-01,US,Food & beverage,48,Active,Verified,Low,Medium,6018.38,96,12.7,0.0074,0,1,0,0
LS022407,2026-08-01,BR,Professional services,67,Active,Verified,Low,Low,41104.05,657,12.6,0.0,1,1,0,0
LS022561,2026-08-01,BR,Travel,10,Active,Verified,High,High,70998.32,971,21.2,0.0067,1,1,0,0
LS027742,2026-08-01,MX,Food & beverage,21,Active,Verified,High,Low,34977.76,508,8.0,0.0,0,1,0,0
LS057010,2026-08-01,US,Professional services,6,Active,Verified,Medium,Low,2746.28,40,9.0,0.0,0,0,0,0
LS000758,2026-08-01,US,Food & beverage,10,Active,Verified,Low,Medium,7303.91,146,43.5,0.0408,4,1,0,0
LS008625,2026-08-01,US,Retail,53,Active,Verified,Medium,High,3845.12,60,15.2,0.0139,0,0,0,1
LS006220,2026-08-01,MX,Professional services,21,Active,Verified,Low,Low,22155.86,447,29.6,0.0064,1,1,0,0
LS011548,2026-08-01,CR,Food & beverage,8,Active,Verified,Low,High,28036.18,284,4.0,0.0,2,1,0,0
LS052567,2026-08-01,BR,Digital goods,16,Active,Verified,Low,High,4098.72,56,15.9,0.0019,0,0,0,0
LS015308,2026-08-01,US,Digital goods,31,Active,Pending,Low,Medium,9011.49,73,24.0,0.0139,0,1,0,0
LS024440,2026-08-01,MX,Travel,30,Active,Verified,High,Low,2550.97,46,15.2,0.0015,0,1,1,0
LS004841,2026-08-01,MX,Food & beverage,28,Active,Verified,High,Medium,27831.09,599,23.9,0.015,1,1,0,0
LS003982,2026-08-01,US,Travel,65,Active,Verified,Low,Medium,12601.15,208,17.5,0.0015,2,1,0,0
LS053064,2026-08-01,MX,Digital goods,26,Active,Verified,Low,Medium,10194.11,57,14.1,0.0079,1,1,0,0
LS008691,2026-08-01,US,Retail,31,Active,Verified,Low,High,18905.27,377,13.2,0.0202,0,1,0,0
LS057554,2026-08-01,US,Digital goods,45,Active,Verified,Low,Low,58445.35,276,40.4,0.0042,0,1,0,1
LS014663,2026-08-01,MX,Professional services,30,Active,Verified,Low,Low,25154.68,235,29.8,0.001,0,1,1,1
LS030296,2026-08-01,US,Food & beverage,21,Active,Verified,Medium,High,36378.08,419,32.9,0.0152,0,1,1,1
LS049400,2026-08-01,US,Digital goods,36,Closed,Verified,Low,High,33579.66,415,39.1,0.0238,1,0,1,0
LS000553,2026-08-01,US,Retail,24,Active,Pending,Medium,Medium,22036.68,295,15.4,0.0,0,1,1,0
LS027343,2026-08-01,MX,Retail,2,Active,Verified,Medium,Medium,28058.65,589,37.8,0.0207,0,1,0,0
LS029266,2026-08-01,CR,Retail,7,Active,Verified,Low,Low,2754.66,58,40.0,0.0192,1,0,0,1
LS004024,2026-08-01,MX,Retail,35,Active,Verified,Medium,Medium,10008.3,101,26.0,0.0244,1,1,0,0
LS001511,2026-08-01,CR,Food & beverage,9,Active,Verified,Low,High,4820.58,77,17.9,0.0,0,1,0,0
LS030668,2026-08-01,MX,Travel,13,Active,Verified,Low,Medium,35957.97,583,7.7,0.0093,0,1,1,0
LS014607,2026-08-01,US,Food & beverage,21,Active,Verified,Low,Low,4147.23,67,27.4,0.0119,3,1,0,0
LS022095,2026-08-01,MX,Digital goods,30,Active,Verified,Low,Low,10585.7,138,35.6,0.001,0,0,0,0
LS053783,2026-08-01,US,Professional services,21,Active,Verified,Low,Low,5343.3,38,22.9,0.0059,1,1,0,0
LS057791,2026-08-01,US,Professional services,23,Active,Verified,High,Medium,11631.4,278,9.4,0.0,0,0,1,0
LS034465,2026-08-01,MX,Food & beverage,28,Active,Verified,Medium,Medium,4183.07,51,31.5,0.0163,1,0,0,0
LS031085,2026-08-01,BR,Professional services,35,Paused,Verified,Low,High,24781.06,336,26.6,0.0065,1,1,0,0
LS003901,2026-08-01,US,Retail,9,Active,Verified,Low,High,20133.82,290,12.9,0.0079,0,1,1,1
LS010678,2026-08-01,BR,Professional services,6,Active,Verified,High,Medium,4775.81,78,15.4,0.0214,1,0,0,0
LS059169,2026-08-01,US,Retail,60,Active,Verified,Low,Medium,7522.25,57,39.0,0.0174,0,1,0,0
LS036002,2026-08-01,MX,Digital goods,45,Active,Verified,Low,Low,7500.73,55,29.9,0.0151,1,0,0,0
LS016499,2026-08-01,MX,Food & beverage,16,Active,Verified,Medium,Low,5406.73,110,20.4,0.0,0,1,0,0
LS048970,2026-08-01,MX,Retail,15,Active,Verified,Low,Medium,27075.35,526,24.7,0.0186,0,1,0,0
LS003655,2026-08-01,CR,Digital goods,47,Active,Verified,Medium,Medium,10922.01,402,35.8,0.0141,0,1,1,0
LS052692,2026-08-01,US,Travel,38,Paused,Verified,Low,High,9041.11,285,26.1,0.0099,3,0,0,0
LS009356,2026-08-01,BR,Retail,37,Active,Verified,Low,Low,6779.43,140,47.7,0.024,1,0,1,0
LS021558,2026-08-01,US,Travel,9,Active,Pending,Low,Medium,11856.03,86,31.5,0.0083,0,1,0,0
LS049913,2026-08-01,BR,Food & beverage,23,Active,Pending,Low,Medium,12162.49,183,28.3,0.0163,0,0,0,0
LS055061,2026-08-01,US,Retail,25,Active,Verified,Medium,Low,8283.58,60,29.1,0.0054,2,0,0,0
LS050727,2026-08-01,CR,Food & beverage,17,Active,Verified,Low,Medium,44872.37,752,65.0,0.0317,0,0,1,0
LS052797,2026-08-01,CR,Food & beverage,3,Paused,Verified,Medium,Medium,8921.51,84,29.8,0.005,0,0,0,1
LS054438,2026-08-01,US,Digital goods,40,Active,Verified,Low,Medium,7022.7,79,48.3,0.0102,0,1,0,0
LS054509,2026-08-01,US,Food & beverage,25,Active,Pending,Low,Low,30888.35,421,23.7,0.0209,0,1,0,0
LS012141,2026-08-01,BR,Retail,10,Active,Expired,Low,Medium,4100.19,30,32.4,0.0085,2,1,0,0
LS055437,2026-08-01,BR,Retail,29,Active,Verified,Medium,Medium,6138.12,59,17.5,0.0,0,1,0,0
LS011852,2026-08-01,US,Travel,14,Active,Verified,Low,Low,9473.41,158,27.2,0.0238,2,0,1,0
LS001906,2026-08-01,BR,Travel,37,Active,Verified,Low,Medium,4391.22,53,21.5,0.0116,1,0,0,0
LS011868,2026-08-01,BR,Digital goods,7,Active,Verified,Low,Medium,18580.77,756,36.0,0.0,0,0,1,0
LS009033,2026-08-01,CR,Digital goods,9,Active,Verified,Low,Medium,30251.41,822,28.2,0.0074,0,1,1,0
LS016205,2026-08-01,US,Professional services,4,Active,Verified,Low,Low,29680.6,435,47.9,0.0069,2,1,1,0
LS008474,2026-08-01,MX,Food & beverage,31,Active,Verified,Medium,Low,16157.19,260,40.0,0.0156,1,0,0,0
LS056388,2026-08-01,BR,Travel,39,Active,Verified,Low,High,47790.4,1181,37.1,0.0254,1,1,0,0
LS039453,2026-08-01,BR,Professional services,55,Paused,Verified,Low,Medium,29805.3,288,10.7,0.0,0,1,1,0
LS008336,2026-08-01,BR,Professional services,23,Active,Verified,High,High,4400.52,60,29.1,0.0056,1,1,1,1
LS015033,2026-08-01,US,Digital goods,39,Active,Verified,Medium,Low,18122.89,202,28.9,0.0063,0,0,0,0
LS005146,2026-08-01,US,Travel,9,Active,Verified,Low,Low,4294.68,80,7.9,0.0031,0,1,0,0
LS022433,2026-08-01,BR,Food & beverage,48,Active,Verified,Low,Medium,21711.29,316,21.6,0.006,2,0,0,0
LS047545,2026-08-01,US,Retail,9,Active,Verified,Medium,Low,30599.48,314,11.2,0.0,0,1,0,0
LS045645,2026-08-01,MX,Retail,25,Active,Verified,Low,High,8387.78,190,27.6,0.0,2,1,0,0
LS016074,2026-08-01,US,Digital goods,18,Active,Verified,Low,Low,5185.9,127,24.6,0.0027,0,1,0,0
LS029814,2026-08-01,BR,Digital goods,44,Active,Verified,High,Medium,30491.33,687,6.0,0.0,0,1,0,0
LS059312,2026-08-01,US,Food & beverage,6,Active,Verified,Medium,Medium,9882.19,191,31.8,0.0193,1,1,0,0
LS039442,2026-08-01,BR,Digital goods,20,Active,Verified,Low,Low,9276.15,128,37.7,0.0195,2,1,0,0
LS029632,2026-08-01,BR,Food & beverage,29,Active,Verified,Low,Medium,9506.69,117,19.9,0.0104,0,0,1,0
LS002427,2026-08-01,US,Travel,14,Active,Verified,Low,Medium,12478.47,130,18.7,0.0,0,1,1,0
LS021071,2026-08-01,BR,Retail,9,Active,Verified,Low,Low,2580.42,51,40.3,0.0116,2,0,0,0
LS031624,2026-08-01,MX,Professional services,29,Paused,Pending,Medium,Low,16565.25,253,11.1,0.0,2,1,0,0
LS055239,2026-08-01,US,Digital goods,38,Active,Verified,Low,Low,6418.02,76,20.1,0.009,0,1,0,0
LS058332,2026-08-01,US,Retail,14,Active,Verified,Low,High,9643.49,172,34.1,0.0,0,0,0,0
LS013001,2026-08-01,US,Food & beverage,10,Active,Verified,Low,High,8111.31,87,66.2,0.0195,2,1,0,0
LS019930,2026-08-01,US,Professional services,14,Active,Verified,Low,Medium,27401.57,307,17.3,0.0,1,1,0,0
LS008443,2026-08-01,BR,Digital goods,19,Active,Verified,Low,High,5186.15,83,22.5,0.0045,1,0,0,0
LS032228,2026-08-01,US,Retail,47,Active,Verified,Low,Low,31448.33,333,33.8,0.0102,1,1,0,0
LS043906,2026-08-01,MX,Professional services,23,Active,Verified,Low,High,19066.03,401,42.9,0.024,1,1,0,0
LS035783,2026-08-01,US,,4,Active,Verified,Low,Low,8804.4,91,17.8,0.0064,0,0,0,0
LS038962,2026-08-01,US,Professional services,65,Active,Verified,Low,Low,39002.69,573,21.8,0.0061,0,1,1,0
LS048438,2026-08-01,US,Food & beverage,31,Active,Verified,Low,Medium,8176.44,164,18.5,0.0087,0,1,0,0
LS055184,2026-08-01,MX,Professional services,6,Active,Verified,Low,Low,12492.13,140,44.2,0.0236,2,1,0,0
LS010405,2026-08-01,US,Digital goods,21,Active,Verified,Low,Low,17706.03,218,28.6,0.0208,1,0,0,0
LS041318,2026-08-01,CR,Retail,28,Active,Verified,High,Medium,26249.59,314,11.2,0.0051,1,1,0,0
LS040568,2026-08-01,US,Travel,9,Active,Verified,Medium,Low,13848.1,203,17.0,0.0204,0,1,0,0
LS033184,2026-08-01,CR,Professional services,17,Active,Verified,Low,Medium,14455.62,242,15.9,0.012,1,0,0,0
LS015810,2026-08-01,CR,Food & beverage,23,Paused,Verified,Medium,Medium,13051.55,244,43.4,0.0249,3,1,0,0
LS043017,2026-08-01,US,Professional services,25,Active,Verified,Low,High,19536.12,298,20.0,0.0129,0,1,0,0
LS042728,2026-08-01,BR,Professional services,42,Active,Verified,Low,Medium,13209.26,115,46.7,0.0152,0,1,1,0
LS015536,2026-08-01,US,Retail,26,Active,Verified,Low,Low,13438.31,148,11.7,0.0018,0,1,1,0
LS011663,2026-08-01,CR,Travel,7,Active,Verified,Medium,High,3937.39,101,46.1,0.0389,1,0,0,0
LS005598,2026-08-01,MX,Retail,10,Active,Verified,Low,Medium,18056.57,190,47.3,0.0197,1,1,0,0
LS057541,2026-08-01,US,Professional services,39,Active,Verified,Low,Low,13254.01,96,21.9,0.0113,1,1,1,0
LS036099,2026-08-01,CR,Professional services,73,Active,Verified,Low,Low,1439.59,25,15.8,0.0,1,1,1,0
LS004374,2026-08-01,US,Retail,15,Active,Verified,Medium,Low,23360.11,431,30.3,0.0051,0,1,1,0
LS033173,2026-08-01,BR,Retail,34,Active,Verified,Low,High,12593.7,233,37.5,0.008,0,1,0,1
LS001638,2026-08-01,MX,Professional services,46,Paused,Verified,Medium,High,6034.14,115,24.7,0.0,3,1,1,0
LS006816,2026-08-01,US,Retail,10,Active,Verified,Low,Medium,3849.92,76,26.1,0.0142,0,0,0,0
LS014089,2026-08-01,US,Retail,11,Active,Verified,Low,High,1990.53,36,52.7,0.0306,1,0,0,0
LS056035,2026-08-01,MX,Professional services,35,Active,Verified,Medium,Low,5680.48,73,26.5,0.0134,1,1,0,0
LS049622,2026-08-01,BR,Retail,45,Paused,Verified,Low,Medium,4758.46,26,14.6,0.0135,0,1,0,0
LS018266,2026-08-01,BR,Professional services,26,Active,Verified,Low,Low,23253.67,507,7.1,0.0033,0,1,0,0
LS035701,2026-08-01,US,Food & beverage,9,Active,Verified,Low,Medium,6536.11,130,48.9,0.0386,3,1,0,0
LS030130,2026-08-01,US,Professional services,10,Active,Verified,Medium,High,12062.88,168,41.4,0.0023,0,1,0,0
LS045687,2026-08-01,US,Professional services,27,Active,Verified,Low,Medium,60774.44,1337,30.2,0.0209,2,0,0,0
LS025607,2026-08-01,BR,Professional services,14,Active,Verified,Low,Medium,6088.38,198,22.7,0.008,1,1,0,0
LS007384,2026-08-01,US,Travel,21,Active,Verified,Low,Medium,100530.21,1407,25.3,0.0098,0,1,0,0
LS036290,2026-08-01,CR,Retail,32,Active,Verified,Medium,Low,34145.82,355,16.9,0.0064,0,1,1,0
LS015414,2026-08-01,BR,Professional services,30,Active,Verified,High,High,63579.68,779,13.6,0.0,2,1,0,0
LS043517,2026-08-01,CR,Food & beverage,42,Active,Verified,Medium,Medium,8072.15,146,20.1,0.0056,0,1,1,0
LS057129,2026-08-01,BR,Food & beverage,35,Active,Verified,Medium,High,9194.3,171,46.9,0.0157,1,1,0,0
LS051851,2026-08-01,BR,Professional services,23,Active,Verified,Medium,Medium,5599.18,58,4.0,0.0104,0,0,0,0
LS057604,2026-08-01,US,Retail,40,Active,Verified,Low,Medium,10430.15,122,7.4,0.0,0,1,1,0
LS010303,2026-08-01,MX,Food & beverage,42,Active,Verified,Medium,Low,6185.4,111,30.5,0.0199,0,1,0,0
LS014375,2026-08-01,BR,Retail,35,Active,Verified,Low,High,23654.16,510,20.8,0.0068,1,1,0,1
LS052447,2026-08-01,US,Professional services,3,Active,Verified,Low,High,8307.8,76,17.1,0.0058,0,1,0,0
LS036288,2026-08-01,MX,Food & beverage,35,Active,Expired,Low,Low,10091.05,121,17.1,0.0052,0,0,0,0
LS028981,2026-08-01,US,Professional services,11,Active,Verified,Low,Low,6097.23,82,11.3,0.0039,0,0,0,0
LS047780,2026-08-01,US,Retail,15,Active,Pending,Medium,Medium,5907.74,57,32.5,0.0092,1,1,0,0
LS026543,2026-08-01,US,Food & beverage,19,Active,Verified,Low,Low,4957.74,32,5.0,0.0,0,0,0,0
LS054553,2026-08-01,CR,Retail,6,Active,Pending,Low,Medium,32086.4,657,4.0,0.001,0,1,0,0
LS028839,2026-08-01,US,Professional services,29,Active,Verified,Low,High,9417.03,118,13.4,0.0035,1,1,0,0
LS012121,2026-08-01,MX,Digital goods,17,Active,Verified,Medium,Low,10655.55,173,26.7,0.0161,0,1,0,0
LS052577,2026-08-01,MX,Food & beverage,25,Active,Verified,Low,High,21610.48,252,41.1,0.0162,2,1,0,0
LS039542,2026-08-01,BR,Travel,38,Active,Verified,Low,Medium,14857.69,191,34.1,0.0253,1,1,0,0
LS059361,2026-08-01,US,Retail,33,Active,Verified,High,High,33678.44,710,26.6,0.0125,0,1,0,0
LS032461,2026-08-01,BR,Food & beverage,28,Active,Verified,Low,Low,6896.59,238,40.9,0.008,1,0,0,0
LS004240,2026-08-01,BR,Retail,35,Paused,Verified,High,Low,17011.37,260,43.1,0.0138,1,1,0,0
LS021636,2026-08-01,US,Travel,14,Active,Verified,Medium,Medium,20364.19,245,37.4,0.0239,0,1,0,1
LS034192,2026-08-01,US,Retail,10,Active,Verified,High,Low,9565.5,189,25.4,0.0078,0,1,0,0
LS015632,2026-08-01,US,Retail,32,Active,Verified,Low,Medium,146601.88,2358,25.0,0.0162,0,1,0,0
LS021525,2026-08-01,US,Travel,52,Active,Verified,Low,Low,1869.68,40,16.4,0.0168,0,0,0,0
LS009407,2026-08-01,US,Food & beverage,60,Closed,Expired,Low,Medium,8128.29,117,18.4,0.0,2,1,0,0
LS006755,2026-08-01,US,Food & beverage,7,Active,Verified,High,Medium,22060.36,458,10.5,0.0,0,1,0,0
LS033020,2026-08-01,BR,Food & beverage,15,Active,Verified,High,Medium,9959.79,116,72.2,0.0273,0,1,0,0
LS058081,2026-08-01,BR,Retail,64,Active,Verified,Low,Medium,8007.43,196,45.6,0.0071,0,0,0,0
LS038497,2026-08-01,BR,Professional services,18,Active,Verified,Low,High,3795.25,36,55.7,0.0288,0,1,0,0
LS044346,2026-08-01,US,Retail,22,Active,Verified,High,Medium,10029.47,224,27.8,0.0165,0,1,0,0
LS050395,2026-08-01,US,Professional services,48,Active,Verified,Medium,Low,18657.87,238,8.0,0.0058,0,0,0,0
LS028280,2026-08-01,US,Food & beverage,20,Active,Verified,Low,Low,6907.1,129,22.8,0.0171,1,1,0,0
LS058038,2026-08-01,BR,Retail,38,Active,Verified,Low,Low,6919.26,125,37.2,0.0253,1,1,1,0
LS007354,2026-08-01,BR,Digital goods,34,Active,Verified,Low,Low,10391.64,87,32.4,0.0147,0,0,0,1
LS002099,2026-08-01,US,Food & beverage,29,Active,Verified,Low,Medium,7815.83,185,27.5,0.0105,0,1,0,0
LS004064,2026-08-01,US,Food & beverage,21,Active,Verified,Low,Low,23911.39,291,16.3,0.0113,0,1,1,0
LS055216,2026-08-01,MX,Retail,27,Active,Verified,Low,Low,16934.62,257,20.5,0.0111,2,0,1,0
LS037566,2026-08-01,CR,Retail,25,Active,Verified,Low,Low,7956.51,70,14.9,0.0186,3,1,0,0
LS006739,2026-08-01,MX,Retail,14,Active,Verified,Low,Medium,18242.65,213,29.7,0.0203,1,1,0,0
LS017187,2026-08-01,MX,Professional services,29,Active,Verified,Low,Medium,57203.45,685,19.7,0.0006,1,1,0,0
LS058024,2026-08-01,BR,Professional services,53,Active,Verified,High,Low,9936.62,159,30.5,0.0149,0,1,0,0
LS046747,2026-08-01,US,Digital goods,66,Active,Verified,Low,Low,7046.55,91,13.7,0.0105,1,1,1,0
LS013568,2026-08-01,BR,Professional services,36,Active,Verified,High,Medium,13140.83,180,52.0,0.0147,4,0,0,0
LS056496,2026-08-01,BR,Travel,71,Active,Verified,Low,High,3687.38,46,34.9,0.0057,0,1,0,0
LS041912,2026-08-01,MX,Food & beverage,11,Paused,Verified,Low,High,11998.58,219,47.1,0.0299,2,1,0,0
LS051811,2026-08-01,US,Retail,36,Active,Verified,Low,Medium,19716.11,280,41.0,0.0194,3,1,0,0
LS024162,2026-08-01,US,Retail,8,Active,Pending,High,Medium,19232.82,340,18.0,0.0038,1,1,0,0
LS004350,2026-08-01,BR,Professional services,54,Active,Verified,Low,Medium,28714.2,470,20.4,0.0,0,1,1,0
LS013267,2026-08-01,MX,Travel,49,Paused,Verified,Low,High,19295.63,375,4.0,0.0109,1,0,1,0
LS012002,2026-08-01,US,Food & beverage,61,Active,Verified,Low,Low,12098.25,138,16.4,0.0293,1,0,0,0
LS045525,2026-08-01,US,Digital goods,32,Active,Verified,Low,Medium,3014.95,63,37.9,0.0129,0,0,0,0
LS009004,2026-08-01,US,Retail,13,Active,Verified,Low,Medium,39159.37,593,41.6,0.0321,0,1,0,0
LS018640,2026-08-01,MX,Professional services,18,Active,Verified,Low,Low,19656.37,168,6.8,0.0,1,0,0,0
LS036932,2026-08-01,MX,Food & beverage,47,Active,Verified,Low,Medium,4771.71,50,50.6,0.0162,1,1,0,0
LS009385,2026-08-01,US,Professional services,11,Active,Verified,High,Low,4467.82,68,28.4,0.0106,1,0,1,0
LS005082,2026-08-01,MX,Professional services,36,Active,Expired,Low,Medium,8559.15,158,28.5,0.0107,1,0,0,0
LS027084,2026-08-01,CR,Retail,44,Active,Verified,Medium,High,10751.49,131,30.2,0.0134,0,1,0,0
LS006766,2026-08-01,BR,Food & beverage,7,Active,Verified,Low,Low,43264.0,1218,42.8,0.0149,0,1,0,0
LS050545,2026-08-01,MX,Food & beverage,11,Paused,Verified,Medium,Medium,8951.31,142,9.2,0.0,1,1,1,0
LS016591,2026-08-01,US,Professional services,22,Closed,Verified,Low,Medium,10562.55,141,29.9,0.0122,1,1,0,0
LS038843,2026-08-01,MX,Food & beverage,29,Active,Expired,Low,Medium,2799.25,41,34.4,0.0062,1,0,0,0
LS029323,2026-08-01,CR,Digital goods,24,Active,Verified,Medium,Medium,2163.24,28,13.6,0.0145,0,1,0,0
LS007332,2026-08-01,CR,Food & beverage,76,Active,Verified,Low,High,23940.79,389,32.1,0.011,2,1,0,1
LS003230,2026-08-01,US,Professional services,10,Closed,Verified,Low,Medium,12105.21,206,22.6,0.0176,1,1,1,0
LS005125,2026-08-01,US,Retail,18,Paused,Verified,Medium,High,58618.18,811,35.2,0.0229,0,1,1,0
LS002393,2026-08-01,US,Retail,15,Paused,Verified,Low,Low,22519.25,438,26.8,0.001,0,0,0,0
LS029336,2026-08-01,US,Retail,38,Active,Verified,High,Medium,26527.65,435,19.3,0.0001,0,1,0,0
LS056513,2026-08-01,US,Travel,15,Paused,Verified,Low,Medium,14942.67,254,16.7,0.0091,0,0,0,1
LS057132,2026-08-01,MX,Digital goods,12,Active,Verified,Low,Low,19010.95,274,16.0,0.0102,2,1,0,1
LS048069,2026-08-01,US,Retail,22,Active,Pending,Low,Low,7410.6,91,19.8,0.011,0,0,0,0
LS039315,2026-08-01,MX,Professional services,20,Active,Verified,High,Medium,23214.71,347,14.7,0.0,0,1,0,0
LS039489,2026-08-01,BR,Retail,84,Active,Verified,High,Medium,7187.66,112,24.4,0.0108,0,1,0,0
LS046365,2026-08-01,CR,Digital goods,32,Active,Verified,Low,Medium,7768.17,130,41.8,0.0201,1,1,0,0
LS005714,2026-08-01,MX,Food & beverage,84,Active,Verified,Low,High,9179.79,207,36.2,0.0062,3,1,1,0
LS036051,2026-08-01,BR,Food & beverage,72,Active,Verified,Low,Medium,18595.31,366,26.7,0.0172,1,1,0,0
LS040391,2026-08-01,MX,Food & beverage,44,Active,Verified,Medium,Medium,2183.68,28,5.0,0.0,0,1,1,0
LS011187,2026-08-01,US,Professional services,68,Active,Verified,Medium,High,8402.9,80,23.6,0.0152,0,0,0,1
LS034160,2026-08-01,MX,Retail,32,Active,Verified,Low,Medium,6612.51,46,22.5,0.0061,1,1,0,0
LS000613,2026-08-01,US,Professional services,18,Active,Verified,Low,Medium,8935.09,186,34.4,0.008,0,0,0,0
LS020066,2026-08-01,BR,Food & beverage,40,Active,Verified,Medium,High,20257.26,401,37.8,0.0086,0,1,0,0
LS015592,2026-08-01,US,Retail,35,Active,Verified,Low,Medium,10188.31,195,21.4,0.0,2,1,0,0
LS028980,2026-08-01,US,Food & beverage,5,Active,Verified,Low,Low,14621.96,292,36.8,0.0077,2,1,1,0
LS020653,2026-08-01,MX,Retail,24,Paused,Verified,Medium,Medium,15327.39,264,22.2,0.0108,1,0,0,0
LS039280,2026-08-01,CR,Food & beverage,6,Active,Verified,Low,Low,41076.66,292,16.7,0.01,0,1,0,1
LS014172,2026-08-01,MX,Travel,12,Active,Expired,Low,Low,3071.18,51,45.9,0.0247,0,1,0,0
LS037577,2026-08-01,CR,Retail,24,Active,Expired,Low,Medium,16498.99,233,28.0,0.0104,2,1,0,1
LS018469,2026-08-01,BR,Travel,54,Active,Verified,Medium,Low,10981.78,146,27.7,0.0048,1,1,0,0
LS038511,2026-08-01,MX,Retail,8,Active,Verified,Low,Medium,5495.35,110,15.5,0.0,0,1,0,0
LS003348,2026-08-01,US,Retail,38,Active,Verified,Low,Low,29631.6,422,20.7,0.0056,0,0,0,0
LS039070,2026-08-01,MX,Food & beverage,5,Active,Pending,Low,Low,132728.55,2461,48.9,0.0287,3,1,0,0
LS037221,2026-08-01,US,Professional services,30,Active,Verified,Low,Medium,4812.6,73,26.8,0.0086,2,0,0,0
LS039538,2026-08-01,CR,Retail,8,Active,Verified,Low,Low,53492.76,1029,11.2,0.0026,0,1,0,0
LS033583,2026-08-01,US,Retail,15,Active,Verified,Low,Low,36709.53,554,26.4,0.0154,1,1,0,1
LS014745,2026-08-01,US,Professional services,25,Active,Verified,Low,Low,10300.95,138,31.1,0.0136,0,0,0,0
LS025409,2026-08-01,BR,Retail,34,Active,Verified,Low,Medium,17360.33,274,14.8,0.0,0,0,0,0
LS032058,2026-08-01,US,Retail,17,Active,Verified,Low,Low,23701.01,373,26.9,0.0078,1,1,0,1
LS013137,2026-08-01,MX,Professional services,5,Active,Verified,Low,Medium,19452.08,256,26.6,0.0255,0,0,1,0
LS045556,2026-08-01,BR,Professional services,22,Active,Verified,Low,Medium,50548.2,671,26.9,0.0044,0,0,1,0
LS034445,2026-08-01,US,Retail,14,Closed,Verified,Low,Medium,9609.19,185,17.3,0.0,0,1,0,0
LS055597,2026-08-01,MX,Food & beverage,26,Active,Verified,High,Medium,13872.91,166,32.8,0.0,0,0,0,0
LS028556,2026-08-01,BR,Retail,27,Paused,Verified,Medium,Medium,7361.31,117,23.2,0.0105,0,0,0,0
LS038894,2026-08-01,BR,Retail,23,Active,Verified,Low,Medium,71900.76,1165,43.4,0.0294,1,1,0,0
LS011203,2026-08-01,MX,Professional services,35,Active,Verified,Medium,High,13973.89,293,19.5,0.008,0,1,1,0
LS021049,2026-08-01,BR,Food & beverage,31,Active,Verified,Medium,High,6177.49,118,43.2,0.0103,0,1,0,0
LS048366,2026-08-01,MX,Food & beverage,66,Paused,Verified,Medium,Low,44591.74,940,35.5,0.0124,1,0,1,0
LS014346,2026-08-01,US,Food & beverage,24,Active,Verified,Low,Medium,6345.55,82,24.5,0.0098,2,1,0,0
LS020772,2026-08-01,US,Food & beverage,33,Active,Verified,Low,Medium,1356.14,10,14.8,0.0071,0,0,0,0
LS018544,2026-08-01,BR,Professional services,14,Active,Verified,Low,High,15997.71,282,15.3,0.0,0,0,0,0
LS018270,2026-08-01,BR,Travel,75,Active,Verified,Medium,High,7264.79,120,23.1,0.0107,1,0,0,0
LS004060,2026-08-01,CR,Travel,10,Active,Verified,Low,High,7877.61,242,28.7,0.0217,0,0,0,0
LS036974,2026-08-01,CR,Digital goods,19,Active,Verified,Medium,High,10707.0,85,37.5,0.0114,0,1,0,0
LS007333,2026-08-01,BR,Travel,31,Paused,Verified,High,Low,13017.9,184,26.1,0.0161,0,0,0,0
LS033114,2026-08-01,US,Professional services,20,Active,Verified,Low,Low,14616.43,158,40.1,0.024,5,1,0,0
LS044351,2026-08-01,BR,Professional services,3,Active,Verified,Medium,Low,6545.21,115,47.6,0.0131,2,1,0,0
LS054518,2026-08-01,MX,Professional services,8,Active,Expired,Medium,High,60842.36,1258,29.4,0.0023,0,1,1,0
LS057783,2026-08-01,MX,Travel,20,Active,Verified,Low,Medium,4527.73,82,25.2,0.0117,0,1,0,1
LS029541,2026-08-01,BR,Retail,39,Active,Verified,Low,Medium,7153.0,70,33.2,0.0231,0,1,0,0
LS000628,2026-08-01,BR,Retail,17,Active,Verified,Medium,Low,18902.02,248,38.5,0.0141,1,1,0,0
LS039595,2026-08-01,US,Professional services,16,Paused,Verified,Medium,Medium,75410.15,1837,37.0,0.0,0,1,0,0
LS054752,2026-08-01,US,Food & beverage,27,Active,Verified,Low,Low,4013.62,48,20.3,0.001,1,0,0,0
LS011899,2026-08-01,MX,Professional services,17,Active,Verified,Medium,Medium,10390.39,317,24.9,0.0134,0,0,0,0
LS020707,2026-08-01,BR,Retail,18,Active,Verified,Medium,Medium,30570.36,547,30.7,0.0097,0,1,1,0
LS009936,2026-08-01,US,Food & beverage,18,Active,Verified,Low,Medium,1357.51,26,43.6,0.0118,0,1,0,0
LS002575,2026-08-01,MX,Digital goods,23,Active,Verified,Low,Medium,15861.92,232,41.4,0.0279,2,1,0,0
LS058834,2026-08-01,US,Retail,17,Active,Verified,Medium,Low,26309.15,307,34.9,0.0229,2,1,1,0
LS033994,2026-08-01,CR,Professional services,22,Active,Verified,Low,High,4155.45,68,23.2,0.0091,1,0,0,0
LS008820,2026-08-01,US,Retail,28,Active,Verified,Medium,Medium,8581.79,85,25.5,0.0116,2,1,1,0
LS039373,2026-08-01,MX,Travel,16,Active,Verified,Medium,Low,2406.27,24,20.2,0.0,0,1,0,0
LS040865,2026-08-01,CR,Retail,28,Active,Verified,Low,Medium,10664.68,168,11.6,0.0039,2,1,0,0
LS054248,2026-08-01,US,Digital goods,29,Active,Verified,Medium,Medium,46075.27,474,47.3,0.023,3,1,0,0
LS018906,2026-08-01,CR,Professional services,46,Active,Verified,Low,Medium,6456.32,135,30.7,0.0229,0,1,0,0
LS020234,2026-08-01,US,Food & beverage,12,Active,Verified,Low,High,7118.83,122,18.2,0.0072,0,1,0,0
LS033602,2026-08-01,CR,Retail,10,Active,Pending,Medium,Medium,2669.3,30,25.6,0.0052,0,1,0,0
LS009441,2026-08-01,CR,Professional services,64,Active,Verified,High,High,24854.0,412,13.2,0.0,1,1,1,0
LS019219,2026-08-01,MX,Food & beverage,22,Active,Verified,Medium,Medium,11635.92,119,37.9,0.0123,0,1,0,0
LS026880,2026-08-01,MX,Retail,32,Active,Verified,Low,Medium,31186.68,458,31.0,0.0031,0,1,0,0
LS056384,2026-08-01,BR,Professional services,14,Closed,Verified,Medium,Low,11430.29,146,42.9,0.0114,0,1,0,0
LS002287,2026-08-01,MX,Food & beverage,42,Active,Pending,Low,Medium,24510.05,566,46.5,0.026,2,1,0,0
LS016683,2026-08-01,US,Travel,21,Active,Verified,Low,High,67867.96,1572,8.4,0.0,0,0,0,0
LS055723,2026-08-01,US,Digital goods,10,Active,Verified,Low,High,7137.88,88,34.4,0.0066,0,1,0,0
LS043838,2026-08-01,BR,Food & beverage,23,Active,Verified,High,Low,18427.95,334,50.2,0.0227,2,1,0,0
LS035348,2026-08-01,MX,Digital goods,40,Active,Verified,Medium,Low,14482.78,234,27.0,0.0115,0,1,0,0
LS004554,2026-08-01,US,Professional services,15,Active,Verified,Low,Low,3957.92,44,21.3,0.0,0,0,0,0
LS026661,2026-08-01,US,Retail,37,Active,Verified,Low,Low,5418.97,129,19.1,0.0014,0,0,0,0
LS014560,2026-08-01,US,Food & beverage,26,Closed,Expired,Low,Medium,15698.78,214,15.9,0.0079,0,1,1,0
LS015505,2026-08-01,US,Professional services,18,Active,Verified,Low,Medium,16067.84,224,48.0,0.0183,3,1,0,1
LS036916,2026-08-01,MX,Retail,12,Active,Verified,Low,High,6706.35,143,36.1,0.0287,1,1,0,0
LS054849,2026-08-01,US,Professional services,18,Closed,Verified,High,High,6035.64,98,37.7,0.0229,0,0,0,0
LS022771,2026-08-01,US,Digital goods,11,Active,Verified,Medium,High,20959.86,472,21.7,0.0118,1,1,0,0
LS006907,2026-08-01,BR,Food & beverage,24,Paused,Verified,Medium,Medium,18137.63,363,11.3,0.0,0,0,0,0
LS009976,2026-08-01,US,Professional services,73,Active,Verified,High,Low,4616.07,130,46.4,0.0302,0,1,0,0
LS012211,2026-08-01,BR,Retail,29,Active,Verified,Low,Low,11442.56,148,26.6,0.0061,0,0,0,0
LS036815,2026-08-01,US,Retail,25,Closed,Verified,Medium,High,7840.4,135,30.9,0.0032,1,1,0,0
LS001043,2026-08-01,US,Digital goods,7,Paused,Verified,High,Low,18001.83,369,23.3,0.0102,1,1,0,0
LS048591,2026-08-01,MX,Travel,8,Active,Verified,High,High,10436.12,111,26.8,0.0,1,0,0,0
LS041564,2026-08-01,US,Food & beverage,25,Active,Verified,Medium,Medium,5911.29,64,33.3,0.0104,2,0,0,1
LS059571,2026-08-01,MX,Retail,76,Active,Verified,Low,Low,11269.12,239,29.8,0.0109,1,0,0,0
LS016824,2026-08-01,US,Digital goods,13,Active,Verified,High,Low,19925.06,430,46.3,0.0244,1,1,0,0
LS050926,2026-08-01,BR,Retail,40,Active,Verified,Medium,High,9620.35,274,42.7,0.0088,0,0,0,0
LS048576,2026-08-01,BR,Retail,23,Active,Verified,Low,Medium,22620.24,428,26.7,0.0083,0,1,0,0
LS023755,2026-08-01,US,Professional services,13,Active,Verified,Medium,Medium,16630.84,242,50.7,0.0324,2,0,0,0
LS041541,2026-08-01,US,Professional services,44,Active,Verified,Medium,Medium,187099.7,2401,23.1,0.012,1,1,0,0
LS040716,2026-08-01,US,Professional services,28,Active,Verified,Medium,Medium,37810.42,938,27.8,0.0179,2,1,0,0
LS049821,2026-08-01,US,Retail,18,Paused,Verified,Low,Medium,14810.82,264,16.7,0.0,1,1,1,0
LS055533,2026-08-01,BR,Retail,45,Active,Verified,Low,High,7749.45,111,23.4,0.0097,2,0,0,1
LS046128,2026-08-01,US,Travel,56,Active,Verified,Low,Low,3825.86,72,7.9,0.0057,0,1,1,0
LS031228,2026-08-01,BR,Professional services,11,Active,Verified,Low,Medium,13447.46,216,45.5,0.0243,2,1,1,0
LS057282,2026-08-01,MX,Digital goods,7,Active,Verified,Low,Medium,8107.93,112,39.0,0.0303,0,1,0,0
LS017231,2026-08-01,MX,Travel,32,Active,Verified,Medium,Medium,10212.95,92,18.4,0.0018,3,0,0,0
LS008477,2026-08-01,BR,Professional services,30,Active,Verified,Low,Medium,9354.41,124,35.2,0.007,1,1,0,0
LS011574,2026-08-01,BR,Food & beverage,30,Active,Verified,Medium,High,16052.97,171,51.7,0.0348,3,1,0,0
LS005842,2026-08-01,US,Professional services,18,Active,Verified,Medium,High,5319.17,90,10.7,0.0018,0,0,0,0
LS015435,2026-08-01,BR,Retail,16,Paused,Verified,High,Low,10823.52,100,30.1,0.0016,0,0,0,0
LS056237,2026-08-01,US,Professional services,64,Active,Verified,Low,Medium,21993.42,231,36.5,0.0309,0,1,0,0
LS054866,2026-08-01,BR,Retail,28,Active,Verified,Low,High,9421.98,133,34.1,0.0202,2,1,0,0
LS011611,2026-08-01,CR,Food & beverage,22,Active,Pending,Medium,Medium,60079.26,359,18.4,0.0126,1,1,1,1
LS054029,2026-08-01,US,Retail,22,Active,Verified,Low,Low,32621.09,424,31.0,0.0192,2,1,0,0
LS011242,2026-08-01,CR,Travel,13,Active,Verified,Low,Low,3214.2,44,30.5,0.0153,1,0,0,0
LS007417,2026-08-01,BR,Professional services,11,Active,Pending,Low,High,4912.96,62,46.0,0.0103,2,0,0,0
LS000049,2026-08-01,MX,Professional services,29,Active,Verified,Low,Low,77735.25,1548,19.2,0.0245,2,1,0,0
LS007138,2026-08-01,US,Retail,4,Active,Verified,Low,Medium,34641.26,698,26.5,0.0041,1,1,0,1
LS035124,2026-08-01,MX,Travel,25,Active,Verified,Low,Low,7387.66,80,37.6,0.0174,2,0,1,0
LS045749,2026-08-01,BR,Professional services,84,Active,Verified,Low,Medium,26416.49,242,49.2,0.0271,4,1,0,1
LS011756,2026-08-01,US,Professional services,22,Active,Expired,Medium,High,3976.0,69,33.3,0.0249,0,0,1,0
LS050786,2026-08-01,US,Digital goods,27,Active,Verified,Low,Low,31101.52,370,26.8,0.0,1,1,0,0
LS026296,2026-08-01,US,Professional services,61,Paused,Verified,Low,High,17003.57,140,17.2,0.0076,0,0,0,0
LS039842,2026-08-01,MX,Professional services,12,Paused,Verified,Low,Low,88278.06,945,28.6,0.0139,0,1,0,0
LS057066,2026-08-01,US,Professional services,30,Active,Verified,Low,High,4792.15,137,20.0,0.0,2,1,0,0
LS022205,2026-08-01,US,Travel,11,Active,Verified,Medium,High,7023.6,71,29.2,0.0091,0,1,0,0
LS051482,2026-08-01,CR,Travel,31,Active,Verified,Medium,Medium,10773.67,149,36.3,0.0282,1,1,0,0
LS003623,2026-08-01,BR,Food & beverage,13,Active,Verified,Medium,Low,6780.94,127,22.5,0.0076,0,0,0,0
LS006365,2026-08-01,CR,Digital goods,16,Active,Verified,Low,Low,15730.09,189,10.6,0.0113,1,0,1,0
LS036921,2026-08-01,US,Retail,67,Active,Verified,Low,Medium,21842.19,182,27.3,0.0195,2,1,0,0
LS028945,2026-08-01,US,Digital goods,31,Paused,Verified,Low,Low,91464.02,643,22.6,0.011,1,1,0,0
LS022754,2026-08-01,US,Digital goods,22,Active,Verified,Low,High,6213.31,105,16.5,0.0,0,0,0,0
LS042592,2026-08-01,US,Food & beverage,14,Active,Verified,Low,Low,31937.16,281,16.0,0.01,1,1,1,0
LS026573,2026-08-01,US,Retail,13,Active,Verified,Low,Low,24640.26,432,37.3,0.0196,0,1,0,0
LS022729,2026-08-01,MX,Digital goods,30,Active,Verified,Low,Low,68410.02,705,9.7,0.0,0,1,0,0
LS030370,2026-08-01,BR,Retail,39,Active,Verified,Medium,Medium,12080.09,144,44.3,0.0176,2,1,0,0
LS047293,2026-08-01,BR,Retail,43,Active,Verified,High,Medium,10613.97,227,4.0,0.0,0,0,1,0
LS041689,2026-08-01,US,Professional services,16,Active,Verified,Low,Medium,6397.2,78,30.0,0.0118,2,0,0,1
LS006523,2026-08-01,BR,Food & beverage,28,Active,Verified,Low,Medium,6736.56,88,27.7,0.0,0,1,0,0
LS033662,2026-08-01,CR,Professional services,17,Active,Verified,Low,Medium,45147.67,827,28.8,0.0191,0,0,0,0
LS041805,2026-08-01,US,Travel,12,Active,Verified,Medium,Medium,121761.68,1449,20.9,0.0,1,1,1,0
LS005594,2026-08-01,US,Food & beverage,15,Paused,Verified,Low,High,39033.01,609,17.9,0.0217,0,0,0,1
LS003462,2026-08-01,US,Food & beverage,70,Active,Verified,Low,Medium,6199.66,80,37.3,0.0137,0,0,1,0
LS035583,2026-08-01,MX,Professional services,9,Active,Pending,Medium,Medium,5351.3,69,22.4,0.0165,1,1,0,0
LS045126,2026-08-01,CR,Retail,21,Active,Verified,High,Medium,10163.45,116,37.2,0.0137,1,0,0,0
LS003291,2026-08-01,BR,Food & beverage,11,Active,Verified,Low,Medium,23092.14,593,14.9,0.0,0,1,0,0
LS047835,2026-08-01,US,Food & beverage,11,Active,Verified,Medium,Medium,8401.8,118,24.9,0.0167,0,0,1,0
LS044046,2026-08-01,MX,Digital goods,31,Active,Verified,Low,High,10131.74,121,23.5,0.0304,1,1,0,0
LS005224,2026-08-01,US,Digital goods,65,Active,Verified,High,Medium,17278.85,116,26.3,0.0029,1,1,0,0
LS043020,2026-08-01,BR,Food & beverage,43,Active,Expired,High,Medium,6933.14,89,31.0,0.0058,0,1,0,0
LS001024,2026-08-01,MX,Food & beverage,16,Active,Verified,Low,Medium,2816.39,45,28.3,0.0147,1,0,0,0
LS042808,2026-08-01,BR,Retail,17,Active,Expired,Low,Low,6600.9,91,35.8,0.0213,1,1,0,0
LS037001,2026-08-01,US,Retail,21,Active,Verified,Low,Medium,4035.44,126,37.2,0.0141,0,1,0,0
LS015941,2026-08-01,MX,Food & beverage,56,Active,Verified,Low,Medium,8436.57,212,21.0,0.0055,1,1,0,0
LS003772,2026-08-01,MX,Digital goods,7,Active,Verified,Medium,High,17390.11,383,33.0,0.0089,0,0,0,0
LS006788,2026-08-01,US,Retail,19,Active,Verified,Medium,Low,19885.6,199,24.3,0.0,0,0,0,0
LS046137,2026-08-01,BR,Digital goods,17,Active,Verified,High,Low,13483.46,208,29.0,0.0031,1,1,0,0
LS025180,2026-08-01,MX,Retail,28,Active,Verified,Low,Low,30531.42,345,46.8,0.0191,0,1,1,0
LS002179,2026-08-01,BR,Retail,22,Active,Verified,Low,Medium,39462.1,824,34.2,0.018,1,1,1,0
LS043595,2026-08-01,BR,Retail,50,Active,Verified,Low,Low,25662.15,228,18.7,0.0026,0,1,1,1
LS013863,2026-08-01,US,Professional services,32,Active,Verified,Low,Low,17515.85,321,13.1,0.0001,0,1,0,0
LS043548,2026-08-01,US,Food & beverage,21,Active,Verified,High,High,35437.24,600,32.1,0.015,3,1,1,0
LS012636,2026-08-01,US,Professional services,61,Active,Verified,Medium,Medium,7578.41,133,15.7,0.0066,0,1,1,0
LS006792,2026-08-01,CR,Professional services,11,Active,Verified,Low,Medium,18153.95,216,37.1,0.0125,0,0,0,1
LS034848,2026-08-01,BR,Professional services,12,Active,Verified,Medium,Medium,8239.43,131,10.7,0.0,0,1,1,0
LS009399,2026-08-01,US,Digital goods,61,Active,Verified,Low,Low,16929.94,211,31.2,0.0078,0,1,0,0
LS020574,2026-08-01,US,Food & beverage,74,Paused,Verified,Medium,High,5815.61,61,26.9,0.0193,2,1,0,0
LS001815,2026-08-01,BR,Retail,63,Active,Pending,Low,Medium,20304.5,374,31.0,0.0088,0,0,0,0
LS049291,2026-08-01,MX,Digital goods,10,Active,Expired,High,Medium,13260.12,311,22.4,0.0,2,0,1,0
LS039879,2026-08-01,MX,Digital goods,63,Active,Verified,Low,Low,17047.52,242,32.0,0.0195,2,1,0,0
LS038279,2026-08-01,MX,Retail,25,Active,Verified,Low,High,12158.85,133,37.4,0.009,0,1,0,1
LS027522,2026-08-01,US,Food & beverage,28,Active,Verified,Low,Medium,5417.21,90,26.7,0.0058,0,0,1,0
LS041829,2026-08-01,US,Food & beverage,65,Active,Pending,Low,Low,25123.07,421,26.9,0.0075,0,1,1,0
LS015382,2026-08-01,US,Professional services,17,Active,Verified,Medium,Medium,19384.98,232,17.9,0.0051,0,1,1,0
LS003131,2026-08-01,MX,Food & beverage,39,Active,Verified,Low,High,11655.2,139,28.8,0.0145,0,1,1,0
LS006948,2026-08-01,MX,Retail,34,Active,Verified,Low,Medium,6746.96,89,36.7,0.0164,2,0,0,0
LS032623,2026-08-01,US,Food & beverage,52,Active,Pending,Low,High,6153.61,102,22.5,0.0,0,1,0,0
LS009009,2026-08-01,BR,Retail,28,Active,Verified,Low,High,22458.65,402,19.6,0.0091,1,0,1,1
LS056181,2026-08-01,MX,Digital goods,27,Active,Verified,Low,Medium,16146.98,121,22.0,0.0127,0,1,1,0
LS035549,2026-08-01,MX,Digital goods,21,Active,Verified,Medium,Low,48619.27,492,27.1,0.0287,1,1,0,1
LS058991,2026-08-01,MX,Retail,12,Active,Expired,Low,Medium,5265.35,94,67.3,0.0217,0,0,1,1
LS058482,2026-08-01,US,Professional services,18,Active,Verified,Low,Low,13778.92,276,36.7,0.0122,1,1,1,0
LS037599,2026-08-01,MX,Professional services,4,Active,Verified,Low,Medium,21757.15,307,14.9,0.0203,1,1,1,0
LS030642,2026-08-01,MX,Digital goods,28,Active,Verified,Medium,Medium,25722.96,475,29.2,0.0008,1,0,1,0
LS003644,2026-08-01,BR,Digital goods,21,Active,Verified,Medium,High,9759.19,189,12.4,0.0,0,1,0,0
LS016200,2026-08-01,US,Retail,6,Active,Verified,Low,Low,17633.23,350,20.7,0.0038,0,0,0,0
LS001476,2026-08-01,US,Professional services,16,Active,Verified,Medium,High,11522.55,115,32.6,0.0119,1,0,1,0
LS056039,2026-08-01,US,Retail,4,Active,Verified,Medium,Low,9444.97,142,14.0,0.0015,0,0,1,0
LS048399,2026-08-01,CR,Food & beverage,36,Active,Verified,Medium,Low,9542.5,122,33.8,0.035,2,0,0,0
LS009126,2026-08-01,MX,Digital goods,28,Active,Verified,Low,High,11623.56,104,16.8,0.0,0,1,1,0
LS018395,2026-08-01,US,Food & beverage,22,Active,Verified,Low,Medium,18742.21,362,39.1,0.0219,0,1,0,0
LS057089,2026-08-01,US,Food & beverage,9,Active,Verified,Low,Low,3480.34,35,26.5,0.0188,0,1,0,0
LS005544,2026-08-01,MX,Retail,59,Active,Verified,High,Medium,12770.76,136,24.3,0.0176,0,0,0,1
LS041830,2026-08-01,CR,Professional services,15,Active,Verified,Low,Medium,10634.11,272,35.7,0.0236,1,1,0,0
LS052827,2026-08-01,BR,Food & beverage,9,Active,Verified,Low,Medium,6813.64,66,46.3,0.0209,1,0,0,0
LS018981,2026-08-01,US,Travel,9,Active,Verified,Low,Medium,14445.31,376,9.4,0.0009,0,1,0,0
LS010271,2026-08-01,US,Digital goods,20,Active,Verified,Low,Low,14258.92,175,33.9,0.0,2,1,0,0
LS020793,2026-08-01,MX,Retail,14,Active,Verified,Medium,Low,2644.26,71,13.3,0.0035,0,1,0,0
LS033161,2026-08-01,US,Travel,22,Active,Verified,Medium,Low,47150.9,652,25.8,0.0015,2,1,0,0
LS046286,2026-08-01,MX,Retail,18,Active,Verified,High,Low,28016.22,264,34.3,0.0152,0,1,0,0
LS048214,2026-08-01,US,Food & beverage,26,Active,Pending,Medium,Low,7014.01,62,26.7,0.0089,0,0,0,0
LS050306,2026-08-01,BR,Digital goods,48,Active,Verified,High,Low,8054.93,76,43.0,0.0172,0,0,0,0
LS037515,2026-08-01,US,Retail,17,Active,Verified,Low,Medium,14414.7,177,28.7,0.0034,0,1,0,0
LS035085,2026-08-01,MX,Professional services,18,Paused,Verified,Low,Low,14269.05,219,40.0,0.039,1,0,0,0
LS043909,2026-08-01,US,Retail,57,Active,Pending,Low,Low,2549.17,26,28.6,0.0,0,1,0,0
LS016082,2026-08-01,MX,Food & beverage,8,Active,Pending,Low,Medium,5350.5,65,30.2,0.0105,1,0,0,0
LS011698,2026-08-01,US,Retail,21,Active,Verified,Medium,Medium,16597.22,117,20.3,0.0,1,0,1,0
LS035113,2026-08-01,MX,Travel,29,Active,Verified,Low,Low,2527.36,64,15.2,0.0039,0,1,0,0
LS015948,2026-08-01,US,Retail,27,Active,Verified,Low,Medium,20489.23,287,32.0,0.0172,2,0,0,0
LS003791,2026-08-01,US,Professional services,18,Active,Verified,Medium,High,38400.9,404,28.8,0.0133,2,1,0,0
LS037943,2026-08-01,BR,Professional services,39,Active,Verified,Low,Low,12457.06,135,43.3,0.0145,2,0,0,0
LS020512,2026-08-01,US,Retail,7,Active,Verified,Low,Low,4048.74,51,38.9,0.031,3,0,1,0
LS016933,2026-08-01,US,Travel,58,Active,Verified,Low,High,8131.98,173,31.4,0.0,1,1,0,0
LS056635,2026-08-01,MX,Food & beverage,27,Active,Verified,Low,Low,28966.9,276,43.9,0.002,1,1,0,0
LS050503,2026-08-01,MX,Travel,32,Active,Pending,Medium,Low,14843.87,184,28.2,0.0,1,1,0,0
LS054724,2026-08-01,MX,Retail,11,Active,Pending,Low,Low,33484.61,674,32.8,0.0138,0,1,0,1
LS036620,2026-08-01,MX,Digital goods,33,Active,Verified,Low,Low,14871.8,254,13.3,0.0,0,0,0,1
LS006696,2026-08-01,MX,Digital goods,22,Active,Verified,Medium,Low,8676.65,199,29.6,0.0103,1,1,0,0
LS020970,2026-08-01,MX,Professional services,44,Active,Verified,Low,Medium,21440.29,368,42.6,0.0253,1,1,0,0
LS028053,2026-08-01,MX,Food & beverage,60,Active,Verified,Low,Medium,42884.21,680,32.6,0.0169,4,1,1,0
LS024539,2026-08-01,BR,Professional services,23,Paused,Verified,Medium,Medium,20220.3,305,50.9,0.0232,0,0,0,0
LS033140,2026-08-01,MX,Digital goods,19,Active,Pending,High,Medium,23981.36,345,34.4,0.0138,0,0,1,0
LS040578,2026-08-01,US,Digital goods,55,Active,Verified,Low,Low,6887.49,62,29.5,0.0,1,0,0,1
LS027726,2026-08-01,US,Food & beverage,34,Paused,Pending,Medium,Medium,17078.57,255,7.3,0.0,1,1,0,0
LS031019,2026-08-01,BR,Digital goods,33,Active,Verified,Low,Low,9458.82,117,22.5,0.0093,1,1,0,0
LS046818,2026-08-01,US,Food & beverage,38,Active,Verified,Medium,Medium,7744.52,81,8.9,0.0061,0,1,0,0
LS023150,2026-08-01,MX,Professional services,15,Active,Verified,Low,Medium,4497.31,92,9.2,0.0121,0,1,0,0
LS004251,2026-08-01,MX,Retail,68,Active,Verified,Medium,High,26603.64,483,36.1,0.0,0,1,1,0
LS035792,2026-08-01,US,Food & beverage,24,Active,Verified,Medium,Low,30754.1,560,19.0,0.0021,0,0,0,0
LS034130,2026-08-01,US,Retail,5,Active,Verified,Low,High,72734.32,973,14.4,0.0103,0,1,0,0
LS009304,2026-08-01,MX,Food & beverage,26,Active,Verified,Low,High,5661.77,90,40.4,0.0123,1,1,0,0
LS010368,2026-08-01,US,Professional services,11,Paused,Verified,Medium,Medium,11619.05,173,32.2,0.0244,0,1,1,0
LS052441,2026-08-01,MX,Retail,20,Active,Verified,Medium,Low,12895.9,229,29.4,0.0023,1,1,0,0
LS014817,2026-08-01,CR,Professional services,33,Active,Verified,Low,High,30901.27,500,45.6,0.0352,0,1,0,0
LS025115,2026-08-01,CR,Retail,16,Active,Verified,High,Medium,48369.56,551,23.2,0.0153,0,1,0,0
LS031054,2026-08-01,BR,Digital goods,15,Active,Verified,Low,Medium,5213.99,88,52.4,0.0286,3,1,0,0
LS013493,2026-08-01,US,Digital goods,17,Active,Verified,Low,High,4444.65,86,34.6,0.0192,2,1,0,0
LS029941,2026-08-01,US,Professional services,14,Active,Pending,Low,High,11202.01,84,7.3,0.0,1,1,0,0
LS019989,2026-08-01,MX,Professional services,29,Active,Verified,Low,High,3745.7,64,47.4,0.0252,0,1,1,0
LS029966,2026-08-01,BR,Digital goods,70,Active,Verified,Low,Low,4819.07,113,16.2,0.0,0,0,0,0
LS009520,2026-08-01,BR,Travel,51,Active,Verified,Medium,Low,37194.26,420,32.8,0.0166,0,1,0,0
LS038857,2026-08-01,CR,Retail,34,Active,Verified,Medium,High,13095.49,258,53.7,0.0177,0,1,0,0
LS054475,2026-08-01,CR,Retail,27,Active,Verified,Medium,Medium,19733.21,289,29.6,0.0016,1,1,0,0
LS045842,2026-08-01,MX,Food & beverage,7,Active,Verified,Low,Medium,8179.03,95,44.6,0.0264,2,1,0,0
LS058118,2026-08-01,US,Travel,4,Paused,Verified,Low,Low,1319.32,15,32.3,0.0197,2,0,0,0
LS013076,2026-08-01,CR,Food & beverage,34,Active,Verified,Medium,Low,2058.82,16,4.0,0.0,0,0,0,0
LS051411,2026-08-01,MX,Retail,23,Active,Verified,Medium,Low,2350.78,27,22.4,0.0123,0,1,0,0
LS048456,2026-08-01,US,Food & beverage,49,Active,Verified,Low,Low,2944.6,39,30.2,0.0054,0,0,0,0
LS026637,2026-08-01,MX,Retail,10,Active,Verified,Medium,High,24470.08,752,51.4,0.0232,0,1,0,0
LS025478,2026-08-01,MX,Retail,22,Active,Verified,Low,Low,53471.62,1071,29.4,0.017,0,1,0,0
LS059283,2026-08-01,US,Professional services,16,Closed,Verified,Low,Low,18027.94,174,19.5,0.0099,0,1,0,0
LS022352,2026-08-01,CR,Digital goods,8,Active,Verified,Low,Low,12466.13,156,4.4,0.0,2,1,0,0
LS045776,2026-08-01,MX,Professional services,29,Active,Verified,High,Low,1922.39,25,24.8,0.0088,0,1,0,1
LS003260,2026-08-01,US,Professional services,28,Active,Expired,Medium,High,9655.59,150,18.0,0.0042,2,1,1,0
LS054350,2026-08-01,US,Food & beverage,54,Active,Verified,Low,High,13171.55,121,26.1,0.0106,1,1,1,0
LS031791,2026-08-01,US,Travel,48,Active,Verified,Low,Low,37437.28,920,41.5,0.0293,2,1,0,0
LS017219,2026-08-01,US,Food & beverage,35,Active,Verified,Low,Medium,5061.85,92,48.9,0.0338,2,0,1,0
LS011690,2026-08-01,US,Digital goods,10,Active,Verified,Medium,Low,5833.85,56,4.6,0.0124,2,0,0,0
LS036024,2026-08-01,US,Retail,4,Active,Verified,Low,High,15464.37,192,28.6,0.0034,1,0,0,0
LS002710,2026-08-01,US,Digital goods,17,Active,Pending,Medium,High,31942.83,585,8.2,0.0012,1,1,0,1
LS018734,2026-08-01,US,Professional services,41,Closed,Verified,Low,Medium,9456.77,134,20.2,0.0116,0,1,0,0
LS003381,2026-08-01,US,Digital goods,16,Active,Verified,High,High,18909.58,354,59.5,0.0281,3,0,0,0
LS000964,2026-08-01,MX,Professional services,8,Active,Verified,High,Medium,4115.3,28,32.6,0.0,0,0,0,0
LS049562,2026-08-01,CR,Digital goods,33,Active,Verified,Medium,Medium,17148.94,258,4.0,0.0087,1,1,0,0
LS005725,2026-08-01,MX,Retail,83,Active,Verified,Low,High,8416.02,83,25.9,0.0174,1,1,1,1
LS005696,2026-08-01,BR,Travel,12,Active,Verified,Low,High,16210.37,192,26.6,0.0135,0,1,1,0
LS031492,2026-08-01,MX,Food & beverage,5,Active,Verified,High,Medium,2912.95,50,29.4,0.0257,0,1,0,0
LS042787,2026-08-01,US,Food & beverage,18,Active,Verified,Low,Low,6025.07,74,26.5,0.0189,2,1,0,0
LS007847,2026-08-01,BR,Retail,25,Active,Verified,Medium,Medium,29984.53,385,13.4,0.0002,0,0,0,0
LS043219,2026-08-01,US,Travel,12,Active,Verified,Low,Low,57123.11,1333,14.3,0.0106,2,0,0,0
LS029176,2026-08-01,US,Professional services,25,Active,Verified,Low,Medium,32267.46,570,29.2,0.0017,1,1,0,1
LS026883,2026-08-01,BR,Retail,18,Active,Verified,Low,High,50581.0,983,25.8,0.0107,1,1,0,1
LS038555,2026-08-01,BR,Digital goods,9,Active,Verified,Low,Medium,69106.44,1431,34.1,0.0108,0,1,0,1
LS006925,2026-08-01,US,Professional services,34,Active,Verified,Medium,High,2232.34,27,53.4,0.0271,4,0,0,0
LS034333,2026-08-01,US,Digital goods,36,Active,Verified,Low,High,17899.1,247,25.3,0.0065,0,0,0,0
LS050451,2026-08-01,BR,Food & beverage,58,Closed,Verified,Low,High,1682.94,20,28.6,0.0137,1,0,0,0
LS037526,2026-08-01,US,Food & beverage,14,Paused,Pending,Low,Medium,11340.09,105,16.1,0.0156,1,0,0,0
LS030662,2026-08-01,BR,Professional services,35,Active,Verified,High,High,20526.11,236,38.9,0.0167,0,0,0,0
LS024513,2026-08-01,US,Retail,24,Active,Verified,Low,High,15170.65,312,45.2,0.0398,1,1,0,0
LS029635,2026-08-01,US,Food & beverage,14,Active,Verified,Low,Low,33586.02,343,4.3,0.0083,1,1,0,0
LS020241,2026-08-01,CR,Food & beverage,8,Active,Verified,Low,High,6636.44,81,34.5,0.0166,0,0,0,0
LS052946,2026-08-01,US,Travel,72,Active,Verified,Low,Low,9175.0,38,10.0,0.0,1,0,0,0
LS004879,2026-08-01,US,Retail,19,Active,Verified,Medium,Low,22800.34,389,49.5,0.0245,2,1,0,0
LS048889,2026-08-01,MX,Professional services,10,Active,Verified,Medium,Medium,16926.22,282,29.6,0.0134,1,0,0,0
LS002100,2026-08-01,CR,Retail,75,Active,Verified,High,Low,7022.0,116,21.2,0.0244,1,1,1,0
LS055625,2026-08-01,BR,Food & beverage,40,Active,Pending,Medium,Low,7249.86,105,25.5,0.0007,0,1,0,0
LS049082,2026-08-01,BR,Travel,10,Closed,Verified,Low,High,15971.44,286,36.6,0.0284,1,1,0,0
LS036195,2026-08-01,MX,Food & beverage,22,Active,Verified,Low,Medium,9623.67,106,23.6,0.0215,0,0,0,0
LS038484,2026-08-01,US,Digital goods,48,Active,Verified,Low,Medium,14798.24,142,27.2,0.0101,0,0,1,0
LS018452,2026-08-01,MX,Professional services,26,Active,Verified,High,Low,6701.3,77,31.5,0.0157,0,1,0,0
LS043088,2026-08-01,CR,Professional services,23,Active,Verified,Low,Medium,6116.05,94,27.9,0.0153,2,0,0,0
LS038600,2026-08-01,MX,Professional services,21,Closed,Verified,Medium,Medium,2725.74,58,29.9,0.0267,0,1,0,0
LS042528,2026-08-01,US,Professional services,26,Active,Verified,Low,Low,27830.06,538,37.5,0.0086,1,1,0,0
LS030263,2026-08-01,US,Retail,53,Active,Verified,Low,Low,2504.12,25,14.7,0.0,0,1,1,0
LS042413,2026-08-01,BR,Food & beverage,7,Active,Verified,High,Medium,4927.21,51,24.1,0.0153,0,0,0,1
LS023305,2026-08-01,US,Professional services,9,Paused,Verified,High,High,3877.43,57,28.3,0.0027,1,1,0,0
LS051173,2026-08-01,MX,Retail,34,Active,Verified,High,Medium,3406.75,31,13.9,0.0102,0,1,0,0
LS043635,2026-08-01,US,Travel,30,Active,Verified,Medium,Medium,29952.94,401,20.7,0.0041,1,1,1,0
LS050905,2026-08-01,MX,Retail,23,Active,Verified,Low,Medium,6697.76,109,15.5,0.0,3,1,0,0
LS032757,2026-08-01,US,Professional services,27,Active,Verified,Low,Medium,10848.95,109,24.5,0.0055,1,1,0,1
LS039801,2026-08-01,MX,Food & beverage,58,Paused,Verified,Low,High,6167.84,118,33.3,0.0061,1,1,1,0
LS032199,2026-08-01,BR,Retail,31,Active,Verified,Low,High,12704.14,132,35.4,0.0329,1,1,0,0
LS000247,2026-08-01,BR,Digital goods,25,Active,Verified,Medium,High,4105.04,66,4.0,0.0,1,0,0,0
LS050609,2026-08-01,BR,Food & beverage,15,Active,Verified,Low,Low,9037.21,215,24.7,0.0001,3,1,0,0
LS032993,2026-08-01,CR,Digital goods,30,Active,Pending,Low,Medium,38085.9,420,22.8,0.0165,2,1,0,1
LS039012,2026-08-01,BR,Food & beverage,32,Active,Verified,Medium,Low,45634.61,733,32.6,0.0174,0,0,0,0
LS008591,2026-08-01,BR,Food & beverage,10,Active,Verified,High,Low,23456.92,218,20.0,0.0,0,0,0,0
LS041319,2026-08-01,BR,Retail,17,Active,Verified,Low,Medium,11554.19,208,25.3,0.0278,1,1,1,0
LS033482,2026-08-01,US,Food & beverage,35,Active,Verified,Medium,High,24581.41,433,4.0,0.0,0,1,1,0
LS051758,2026-08-01,US,Professional services,20,Active,Verified,High,Medium,147640.34,1921,39.1,0.0165,0,1,0,0
LS016995,2026-08-01,MX,Digital goods,11,Active,Verified,Medium,Medium,7824.85,58,5.4,0.0,1,1,0,0
LS051935,2026-08-01,MX,Digital goods,38,Active,Verified,Low,Low,38627.9,424,19.0,0.0035,1,0,0,0
LS013997,2026-08-01,US,Food & beverage,9,Active,Verified,High,Low,21049.19,755,24.0,0.0205,0,1,0,0
LS013700,2026-08-01,BR,Professional services,7,Active,Verified,Medium,High,34631.56,485,27.5,0.0107,1,1,1,0
LS034757,2026-08-01,US,Food & beverage,19,Active,Verified,Medium,High,10929.81,113,28.9,0.015,2,1,0,0
LS012258,2026-08-01,BR,Food & beverage,6,Active,Verified,Low,Low,35654.18,235,7.5,0.0,0,0,0,0
LS037628,2026-08-01,BR,Digital goods,46,Active,Verified,Low,Medium,21334.34,168,22.3,0.0071,1,1,1,0
LS005722,2026-08-01,MX,Professional services,12,Active,Verified,Medium,Medium,13462.33,236,37.9,0.0166,0,0,1,0
LS008569,2026-08-01,MX,Travel,28,Active,Verified,Low,High,2943.06,47,12.7,0.0,0,1,1,0
LS034547,2026-08-01,US,Digital goods,48,Active,Verified,Low,Low,6613.84,98,27.6,0.021,0,0,0,0
LS041110,2026-08-01,MX,Food & beverage,26,Active,Pending,Low,Medium,15295.08,492,29.7,0.009,2,1,0,0
LS013890,2026-08-01,US,Food & beverage,58,Active,Verified,Low,Medium,9843.19,214,34.6,0.0342,1,0,1,0
LS027421,2026-08-01,BR,Food & beverage,24,Active,Verified,Medium,Low,14634.21,218,34.6,0.0055,0,1,0,0
LS032123,2026-08-01,MX,Digital goods,26,Active,Verified,Low,Medium,18501.43,310,21.8,0.0013,1,1,0,1
LS003634,2026-08-01,MX,Professional services,31,Active,Verified,Medium,Medium,2361.42,34,11.8,0.0095,0,0,1,0
LS010736,2026-08-01,US,Retail,23,Active,Verified,Medium,Medium,5141.59,56,37.8,0.0217,3,0,0,0
LS025154,2026-08-01,BR,Professional services,13,Active,Pending,Low,Low,4319.37,61,28.7,0.0111,0,1,0,0
LS004511,2026-08-01,MX,Digital goods,54,Active,Verified,Low,Low,3236.83,31,20.4,0.0044,1,1,0,0
LS024667,2026-08-01,MX,Food & beverage,19,Active,Verified,Low,Medium,6150.33,63,8.4,0.0,1,0,0,0
LS031833,2026-08-01,MX,Retail,28,Active,Verified,High,Low,32663.45,633,28.5,0.0194,1,1,1,0
LS054272,2026-08-01,CR,Retail,84,Active,Verified,Low,High,40690.67,727,23.3,0.0191,0,1,0,0
LS047172,2026-08-01,US,Professional services,36,Active,Verified,Low,Medium,32292.24,670,27.6,0.0218,1,1,1,0
LS004410,2026-08-01,MX,Food & beverage,27,Active,Verified,Low,Medium,15208.34,195,30.7,0.0186,0,1,0,0
LS033176,2026-08-01,US,Professional services,44,Active,Verified,Low,Low,42224.94,707,42.6,0.0227,0,1,0,0
LS026329,2026-08-01,US,Digital goods,76,Active,Verified,High,Low,5494.41,41,44.9,0.0041,0,1,0,0
LS025000,2026-08-01,MX,Digital goods,2,Active,Verified,Medium,Low,4214.69,64,24.2,0.01,1,1,1,1
LS008496,2026-08-01,BR,Professional services,21,Active,Pending,Low,Medium,6677.09,59,48.7,0.0346,0,1,0,0
LS030467,2026-08-01,MX,Retail,30,Active,Verified,Low,Low,21624.7,241,15.8,0.027,0,0,1,0
LS015359,2026-08-01,US,Travel,16,Active,Verified,Medium,Low,6276.99,60,13.5,0.0064,2,1,0,1
LS050059,2026-08-01,US,Travel,15,Active,Verified,Low,High,12155.0,155,6.5,0.0086,0,0,0,0
LS036618,2026-08-01,BR,Travel,23,Active,Verified,Low,Medium,25887.58,235,12.1,0.0,2,1,0,0
LS057734,2026-08-01,US,Food & beverage,19,Active,Verified,Low,Low,12457.76,159,27.8,0.0115,0,1,1,0
LS043606,2026-08-01,US,Food & beverage,31,Paused,Verified,Medium,Low,41875.47,472,15.0,0.0,1,1,0,0
LS033788,2026-08-01,BR,Professional services,23,Active,Verified,Medium,Medium,10588.43,168,40.1,0.0152,3,0,0,0
LS057765,2026-08-01,CR,Digital goods,11,Active,Verified,Low,Medium,2285.59,50,42.2,0.0143,2,0,0,0
LS042294,2026-08-01,US,Professional services,30,Active,Verified,Medium,Medium,2846.58,26,45.8,0.0183,1,1,0,0
LS050476,2026-08-01,MX,Food & beverage,22,Active,Verified,Medium,High,14435.59,126,30.4,0.0207,0,0,0,0
LS050155,2026-08-01,BR,Retail,29,Active,Pending,Medium,Low,2322.88,28,28.4,0.0048,0,0,1,0
LS045532,2026-08-01,US,Food & beverage,46,Active,Verified,Low,Medium,3576.01,46,23.7,0.0063,1,1,0,1
LS033546,2026-08-01,MX,Travel,28,Active,Verified,Low,High,6515.01,69,22.6,0.0162,1,1,0,0
LS042588,2026-08-01,MX,Food & beverage,42,Active,Verified,Low,Medium,50755.05,798,38.7,0.0089,1,0,0,0
LS025786,2026-08-01,US,Digital goods,36,Active,Verified,Low,High,12751.06,154,10.1,0.0,0,0,0,0
LS004156,2026-08-01,MX,Digital goods,30,Active,Verified,Low,Medium,11269.48,184,46.4,0.0206,1,1,0,0
LS042189,2026-08-01,US,Retail,29,Active,Verified,High,Medium,7019.44,124,35.7,0.0129,1,1,0,0
LS012556,2026-08-01,CR,Retail,4,Active,Verified,Low,High,2231.37,19,17.2,0.0,1,0,0,0
LS042822,2026-08-01,BR,Travel,84,Active,Verified,Low,Low,31051.16,471,4.0,0.0,1,0,0,0
LS019620,2026-08-01,US,Food & beverage,36,Closed,Verified,Low,Low,49004.91,623,14.7,0.0081,0,0,0,0
LS005983,2026-08-01,US,Food & beverage,41,Closed,Verified,Low,High,29805.54,830,41.1,0.0167,0,1,0,0
LS042536,2026-08-01,BR,Professional services,49,Active,Verified,Low,Medium,1409.53,14,54.7,0.0228,0,0,0,0
LS001011,2026-08-01,CR,Digital goods,37,Active,Verified,High,Low,3076.02,83,33.3,0.0184,2,1,0,0
LS013171,2026-08-01,US,Retail,38,Paused,Verified,Low,Medium,5492.91,89,28.4,0.0,0,1,0,0
LS017031,2026-08-01,MX,Retail,7,Active,Verified,Medium,Low,15436.31,262,44.0,0.0173,1,1,0,0
LS038867,2026-08-01,BR,Professional services,22,Paused,Verified,Low,High,57245.99,394,42.4,0.0247,1,1,0,0
LS053825,2026-08-01,US,Retail,29,Active,Verified,Low,Low,4240.86,78,45.4,0.0237,3,1,1,0
LS040536,2026-08-01,CR,Digital goods,84,Active,Verified,Medium,High,19910.47,224,8.7,0.0042,2,1,0,0
LS004237,2026-08-01,US,Retail,17,Active,Verified,Low,Low,4028.29,62,18.7,0.0253,2,1,1,1
LS019860,2026-08-01,BR,Digital goods,15,Active,Expired,Low,Low,29200.73,186,28.8,0.0024,0,1,0,0
LS006450,2026-08-01,BR,Food & beverage,38,Active,Verified,Low,Low,37541.47,450,20.0,0.0,1,1,0,0
LS009261,2026-08-01,BR,Travel,23,Active,Verified,Medium,Low,1758.75,39,21.5,0.0091,2,1,0,0
LS055295,2026-08-01,MX,Professional services,23,Active,Verified,Medium,High,69058.58,1012,6.1,0.0,0,1,0,0
LS003588,2026-08-01,BR,Retail,30,Active,Verified,High,Low,2368.68,41,17.4,0.0022,0,0,0,0
LS045457,2026-08-01,CR,Professional services,21,Paused,Verified,Medium,Low,4110.9,42,16.0,0.0042,0,0,0,0
LS009946,2026-08-01,US,Retail,9,Active,Verified,Low,Low,3290.19,46,27.8,0.0132,0,1,0,0
LS047806,2026-08-01,MX,Retail,35,Active,Verified,Low,Low,13610.47,143,10.8,0.0,0,1,0,0
LS048327,2026-08-01,BR,Retail,56,Active,Verified,Low,High,1660.61,27,45.8,0.036,2,0,0,0
LS030902,2026-08-01,CR,Food & beverage,43,Active,Verified,Medium,Medium,4404.21,63,52.5,0.0203,1,1,1,0
LS035695,2026-08-01,MX,Retail,64,Active,Verified,Low,Medium,5908.41,98,32.5,0.0343,2,0,0,0
LS024051,2026-08-01,US,Retail,34,Closed,Verified,Medium,Low,85926.18,1198,19.5,0.0148,2,1,1,0
LS042852,2026-08-01,BR,Professional services,66,Active,Verified,Medium,Low,10583.61,113,40.9,0.0165,0,0,0,0
LS002526,2026-08-01,US,Digital goods,51,Active,Verified,Medium,Medium,18356.92,333,29.0,0.0083,2,0,0,0
LS053804,2026-08-01,MX,Professional services,59,Active,Verified,Low,Medium,9849.74,169,40.3,0.0141,1,0,0,0
LS029911,2026-08-01,MX,Retail,13,Active,Verified,Low,Medium,16336.99,131,26.0,0.0037,0,1,0,0
LS043102,2026-08-01,MX,Professional services,27,Active,Verified,Low,Medium,5264.9,92,25.5,0.0105,0,1,1,0
LS057263,2026-08-01,MX,Retail,47,Active,Verified,Medium,High,9396.64,128,13.6,0.0066,3,1,0,1
LS026464,2026-08-01,MX,Food & beverage,78,Active,Verified,Medium,Medium,18727.07,339,4.0,0.0,0,0,0,0
LS011536,2026-08-01,US,Retail,17,Active,Verified,Low,Low,5037.95,38,15.9,0.0,1,0,1,0
LS059583,2026-08-01,US,Food & beverage,22,Closed,Verified,Low,Low,15465.77,154,23.9,0.0208,0,1,0,0
LS031748,2026-08-01,MX,Retail,21,Active,Verified,Low,Low,9845.05,167,4.0,0.0,0,1,0,0
LS030445,2026-08-01,CR,Professional services,24,Active,Verified,Low,High,6316.31,77,12.6,0.0122,2,1,1,0
LS008786,2026-08-01,US,Professional services,21,Paused,Verified,Medium,High,6220.84,224,4.0,0.0,1,0,0,0
LS050257,2026-08-01,MX,Retail,24,Active,Verified,High,Medium,5097.88,118,36.6,0.0216,1,1,0,0
LS004333,2026-08-01,US,Retail,45,Active,Expired,Low,Medium,7990.04,57,38.2,0.0214,2,1,1,0
LS021652,2026-08-01,MX,Travel,20,Active,Verified,Low,Low,5228.89,56,42.9,0.0215,4,1,0,0
LS050394,2026-08-01,US,Professional services,7,Active,Verified,Low,Medium,18730.61,440,14.5,0.0012,0,1,0,0
LS000579,2026-08-01,MX,Food & beverage,30,Active,Verified,Medium,Low,16611.67,372,24.2,0.0066,1,1,0,0
LS034983,2026-08-01,CR,Food & beverage,22,Active,Verified,Low,Low,4165.28,59,20.7,0.0,0,0,0,0
LS033841,2026-08-01,BR,Retail,17,Paused,Verified,Medium,Medium,9154.42,54,10.5,0.0,2,1,0,0
LS031103,2026-08-01,BR,Professional services,73,Active,Verified,Low,Low,23562.92,323,43.5,0.0127,1,0,0,0
LS053710,2026-08-01,US,Retail,12,Active,Pending,Low,Low,12500.75,312,13.2,0.0,2,1,0,0
LS054019,2026-08-01,US,Retail,32,Active,Verified,Low,High,61307.85,941,28.6,0.005,0,0,1,0
LS051316,2026-08-01,US,Professional services,43,Active,Verified,Medium,Low,18799.83,200,17.5,0.0009,0,0,0,0
LS034083,2026-08-01,MX,Retail,27,Active,Verified,Low,Low,8780.28,76,32.9,0.0172,1,1,0,0
LS025532,2026-08-01,MX,Retail,9,Active,Verified,Low,Medium,18210.21,248,41.7,0.0215,3,1,0,0
LS029754,2026-08-01,MX,Retail,36,Active,Verified,High,Medium,13010.4,195,20.6,0.0042,0,0,0,0
LS037574,2026-08-01,US,Digital goods,84,Active,Verified,Low,Low,9837.15,78,36.8,0.0292,0,0,0,0
LS042586,2026-08-01,MX,Digital goods,10,Active,Verified,Low,Medium,22133.53,180,37.8,0.011,0,1,1,0
LS003101,2026-08-01,US,Food & beverage,8,Active,Verified,Medium,Low,69450.39,798,39.3,0.0169,0,1,0,0
LS013801,2026-08-01,MX,Professional services,32,Active,Verified,Medium,Medium,10612.39,124,40.5,0.0195,0,0,0,0
LS001541,2026-08-01,US,Professional services,14,Active,Verified,Medium,High,26208.6,436,22.8,0.0105,0,0,1,0
LS002291,2026-08-01,MX,Retail,15,Active,Expired,High,Medium,2857.11,27,29.8,0.0118,1,0,0,0
LS037873,2026-08-01,US,Retail,11,Active,Verified,Low,Low,30634.3,561,4.0,0.0098,1,1,1,1
LS054987,2026-08-01,CR,Food & beverage,40,Active,Verified,Medium,High,8180.58,147,33.1,0.0317,0,0,0,0
LS049744,2026-08-01,US,Food & beverage,66,Paused,Verified,High,High,5379.45,66,15.4,0.0,0,0,0,0
LS012265,2026-08-01,BR,Food & beverage,45,Active,Verified,Low,Medium,22812.86,388,29.0,0.0133,1,0,0,0
LS026950,2026-08-01,US,Professional services,18,Active,Pending,Medium,Low,23986.36,325,26.9,0.0201,0,1,0,0
LS038704,2026-08-01,BR,Travel,42,Active,Verified,Medium,Medium,4689.31,86,22.0,0.0099,1,0,0,0
LS040079,2026-08-01,US,Retail,17,Active,Verified,Medium,Low,864.79,16,33.2,0.0168,0,1,0,0
LS043336,2026-08-01,MX,Retail,22,Active,Verified,Medium,Low,8956.73,93,34.6,0.0066,0,0,0,0
LS056547,2026-08-01,MX,Food & beverage,33,Active,Verified,Medium,Low,6511.07,76,14.8,0.0117,1,1,0,0
LS023047,2026-08-01,US,Retail,6,Active,Verified,Low,High,8806.77,132,28.3,0.0058,0,0,0,0
LS056326,2026-08-01,BR,Food & beverage,29,Active,Verified,Medium,Medium,3368.21,52,37.1,0.0014,2,0,0,0
LS053644,2026-08-01,MX,Professional services,13,Paused,Verified,Medium,Medium,16036.8,180,27.7,0.0038,0,1,1,0
LS034718,2026-08-01,BR,Travel,36,Active,Verified,Low,Low,26433.97,554,26.9,0.0117,1,1,0,0
LS049810,2026-08-01,BR,Professional services,15,Active,Verified,Low,Medium,6327.46,83,28.8,0.0087,0,0,0,0
LS023044,2026-08-01,US,Retail,14,Active,Expired,Low,High,13115.04,207,37.3,0.015,1,1,0,0
LS013398,2026-08-01,US,Professional services,41,Active,Verified,Medium,Low,14657.86,372,22.7,0.0,0,1,1,0
LS014713,2026-08-01,US,Food & beverage,78,Active,Pending,Low,Medium,6314.7,102,18.9,0.0163,0,0,0,0
LS008988,2026-08-01,CR,Food & beverage,15,Active,Verified,Low,Medium,4490.06,59,25.8,0.0176,0,1,0,0
LS023154,2026-08-01,US,Professional services,65,Closed,Verified,Low,Low,8000.48,163,39.1,0.022,2,1,0,0
LS000237,2026-08-01,US,Retail,28,Active,Verified,Low,Medium,7754.72,115,28.3,0.0109,0,0,0,0
LS017339,2026-08-01,US,Professional services,23,Active,Verified,High,Medium,18068.91,124,11.9,0.0035,0,1,0,0
LS025562,2026-08-01,MX,Professional services,33,Active,Verified,High,Medium,9318.35,213,4.0,0.0,2,0,0,0
LS009656,2026-08-01,CR,Travel,23,Active,Verified,Low,Medium,11236.89,234,37.1,0.018,1,0,0,0
LS021024,2026-08-01,MX,Retail,52,Active,Verified,Low,Low,25371.22,317,27.5,0.0196,3,1,1,0
LS045483,2026-08-01,MX,Digital goods,7,Active,Pending,Medium,Medium,13127.87,148,35.6,0.0191,2,1,0,0
LS038830,2026-08-01,CR,Professional services,24,Active,Verified,Medium,Low,10226.34,252,24.5,0.0091,3,1,0,0
LS015287,2026-08-01,US,Food & beverage,8,Active,Verified,Low,Low,11559.28,123,15.2,0.0005,0,1,1,0
LS033406,2026-08-01,MX,Retail,9,Active,Verified,Low,High,3328.66,60,41.7,0.0254,2,0,1,0
LS018917,2026-08-01,BR,Digital goods,24,Active,Verified,Low,Medium,7493.37,68,29.9,0.0,1,0,0,1
LS052049,2026-08-01,BR,Food & beverage,27,Active,Verified,Low,Low,8562.54,197,52.8,0.0169,0,1,1,0
LS036673,2026-08-01,BR,Retail,39,Active,Verified,Low,Medium,46296.96,326,30.3,0.0176,0,1,0,0
LS059042,2026-08-01,BR,Travel,31,Active,Verified,Low,Medium,14647.99,117,25.0,0.0084,0,0,0,0
LS009409,2026-08-01,MX,Travel,10,Active,Verified,Low,Low,16108.64,296,33.6,0.0015,0,0,0,0
LS019022,2026-08-01,MX,Food & beverage,34,Active,Verified,Low,High,8668.21,117,25.2,0.0147,0,0,0,0
LS014120,2026-08-01,US,Digital goods,13,Active,Verified,Medium,High,9345.22,153,24.3,0.0207,1,0,0,0
LS053475,2026-08-01,BR,Food & beverage,20,Closed,Verified,Low,High,4142.98,47,37.9,0.0046,1,0,1,0
LS009300,2026-08-01,US,Food & beverage,50,Active,Verified,High,Medium,37646.99,467,33.5,0.0045,0,1,0,0
LS019741,2026-08-01,CR,Professional services,21,Active,Verified,Medium,Medium,11503.87,214,33.9,0.0213,2,1,0,0
LS020968,2026-08-01,US,Digital goods,39,Active,Verified,Medium,Low,2145.9,49,22.9,0.0166,1,1,0,0
LS050441,2026-08-01,BR,Retail,29,Active,Verified,Low,Medium,34555.4,387,40.8,0.0268,3,1,1,0
LS031410,2026-08-01,US,Food & beverage,21,Active,Verified,Low,Medium,11683.25,217,28.0,0.0255,0,1,0,0
LS048918,2026-08-01,MX,Digital goods,10,Active,Verified,Low,Low,13531.08,149,39.0,0.0234,1,1,0,0
LS023931,2026-08-01,US,Food & beverage,35,Active,Verified,Low,Medium,23763.17,314,26.0,0.0242,0,1,1,0
LS002438,2026-08-01,US,Retail,21,Active,Verified,Low,Medium,12171.18,213,25.0,0.0094,2,1,1,0
LS001010,2026-08-01,MX,Retail,26,Active,Verified,Low,Medium,27484.93,204,38.2,0.0182,0,1,1,0
LS020331,2026-08-01,BR,Professional services,29,Active,Verified,Low,Medium,24597.65,252,58.4,0.0296,1,1,0,0
LS033381,2026-08-01,BR,Retail,5,Active,Verified,Medium,Medium,7333.95,99,11.2,0.0004,0,1,0,0
LS037844,2026-08-01,US,Retail,23,Active,Verified,Medium,Low,6399.89,90,31.0,0.0056,0,1,0,0
LS045173,2026-08-01,MX,Digital goods,19,Active,Verified,Low,Medium,21030.59,622,20.9,0.0098,1,0,0,0
LS026870,2026-08-01,BR,Food & beverage,37,Active,Verified,Medium,Low,6741.8,131,20.8,0.0,2,0,0,0
LS041892,2026-08-01,US,Digital goods,6,Active,Verified,Low,Medium,6750.55,55,25.7,0.0057,0,1,0,0
LS026920,2026-08-01,MX,Retail,23,Active,Verified,Low,High,33975.46,398,37.3,0.0237,0,1,0,0
LS052199,2026-08-01,CR,Food & beverage,32,Active,Verified,High,Medium,20710.93,190,10.6,0.0,0,1,1,0
LS029530,2026-08-01,US,Retail,18,Active,Verified,Low,Medium,73412.84,504,31.3,0.0216,0,0,1,0
LS048893,2026-08-01,BR,Retail,69,Active,Verified,Low,High,7449.74,109,36.7,0.0204,1,1,0,0
LS044277,2026-08-01,BR,Digital goods,6,Active,Verified,Low,Medium,2376.45,25,39.1,0.0214,2,1,0,0
LS044462,2026-08-01,MX,Digital goods,7,Closed,Verified,Low,High,5447.87,58,34.6,0.0213,3,1,0,0
LS039317,2026-08-01,US,Travel,19,Active,Verified,Low,Medium,21412.69,349,36.7,0.0121,0,1,0,0
LS016497,2026-08-01,US,Digital goods,14,Active,Verified,Low,Low,1566.79,26,11.8,0.0011,1,0,0,0
LS020799,2026-08-01,MX,Professional services,29,Active,Verified,Low,High,2897.07,45,27.4,0.0027,2,0,0,0
LS009624,2026-08-01,MX,Retail,23,Active,Verified,Medium,Medium,15723.89,247,22.6,0.0071,0,1,1,0
LS017537,2026-08-01,US,Food & beverage,67,Active,Pending,Low,Medium,23957.28,320,7.1,0.0124,0,0,0,0
LS021216,2026-08-01,MX,Professional services,13,Active,Verified,High,Low,16920.83,259,23.1,0.0222,1,0,0,0
LS026303,2026-08-01,CR,Professional services,28,Active,Verified,Low,High,18621.91,293,24.9,0.0,0,0,0,0
LS025112,2026-08-01,BR,Professional services,47,Active,Verified,Low,Medium,5231.18,69,15.4,0.0063,1,1,1,0
LS006296,2026-08-01,MX,Retail,27,Active,Verified,Low,Medium,8798.12,117,17.4,0.0252,1,1,1,0
LS050343,2026-08-01,US,Professional services,27,Active,Verified,High,Medium,65776.85,1861,22.8,0.0087,0,1,1,0
LS042863,2026-08-01,CR,Professional services,27,Active,Verified,Medium,Low,15026.4,192,26.0,0.0016,0,0,0,0
LS000087,2026-08-01,CR,Retail,23,Active,Verified,Low,Medium,36599.57,474,36.5,0.0094,2,1,0,0
LS009542,2026-08-01,CR,Food & beverage,84,Active,Verified,High,Low,3414.15,44,12.2,0.0013,0,0,1,0
LS002559,2026-08-01,BR,Digital goods,48,Active,Pending,Low,Low,12287.51,124,16.8,0.0072,0,0,0,0
LS025078,2026-08-01,US,Retail,20,Active,Pending,Low,High,7553.62,98,11.3,0.0,3,1,1,0
LS010720,2026-08-01,MX,Professional services,23,Active,Verified,Low,Low,17662.99,328,20.4,0.0155,1,1,0,0
LS043536,2026-08-01,US,Professional services,23,Active,Verified,Medium,Low,18205.13,473,19.3,0.0057,0,1,1,0
LS000186,2026-08-01,CR,Digital goods,16,Active,Verified,Low,High,1913.37,47,26.1,0.0074,0,0,0,0
LS004348,2026-08-01,US,Retail,15,Active,Pending,Low,Medium,15250.91,188,39.6,0.006,0,1,0,0
LS035757,2026-08-01,MX,Digital goods,46,Active,Verified,Low,Low,7080.26,105,35.1,0.0193,1,0,0,0
LS057051,2026-08-01,BR,Retail,16,Active,Verified,Low,Medium,14857.15,228,34.3,0.0041,0,0,0,0
LS056606,2026-08-01,US,Retail,19,Active,Verified,Medium,Medium,33873.36,439,25.4,0.0206,0,1,0,0
LS043736,2026-08-01,BR,Professional services,18,Active,Verified,Medium,High,14552.52,243,18.3,0.0051,0,0,0,0
LS046520,2026-08-01,MX,Digital goods,22,Active,Pending,Medium,Medium,17477.61,188,27.5,0.0,0,1,1,0
LS033008,2026-08-01,MX,Retail,48,Active,Verified,High,Medium,27908.17,332,30.2,0.0212,1,1,1,0
LS027296,2026-08-01,BR,Food & beverage,10,Active,Verified,Low,Low,10966.28,160,24.4,0.0145,0,0,0,0
LS028361,2026-08-01,MX,Food & beverage,41,Active,Verified,Low,Low,9933.92,321,21.0,0.0002,0,1,1,0
LS023292,2026-08-01,US,Digital goods,37,Active,Pending,Low,Low,16897.28,394,36.9,0.0104,0,1,1,0
LS003663,2026-08-01,MX,Professional services,46,Active,Verified,Low,High,6389.4,105,38.8,0.0222,3,1,0,0
LS017968,2026-08-01,CR,Food & beverage,14,Active,Verified,Low,High,18657.6,217,11.4,0.0,0,1,0,0
LS044647,2026-08-01,US,Digital goods,41,Active,Verified,Low,Medium,5537.37,94,24.2,0.0,1,1,0,1
LS006595,2026-08-01,CR,Digital goods,29,Active,Verified,Medium,Low,2729.94,31,26.9,0.0127,2,0,0,0
LS049073,2026-08-01,MX,Professional services,60,Active,Verified,Medium,High,84422.59,823,32.9,0.018,2,1,0,0
LS017012,2026-08-01,US,Travel,11,Active,Verified,Low,Low,11030.64,176,43.0,0.005,0,1,0,0
LS000335,2026-08-01,US,Travel,43,Active,Verified,Low,Low,15097.26,281,39.2,0.0121,1,1,0,0
LS027792,2026-08-01,BR,Digital goods,21,Active,Verified,Low,High,26426.02,379,48.7,0.0142,0,0,0,0
LS058309,2026-08-01,US,Food & beverage,22,Active,Verified,Low,Medium,4424.01,79,27.2,0.0,1,0,1,0
LS000377,2026-08-01,MX,Food & beverage,31,Active,Verified,Low,Low,36530.31,427,12.7,0.0,1,1,0,0
LS038599,2026-08-01,MX,Retail,33,Active,Verified,Low,Medium,35938.87,1181,33.2,0.0,1,1,1,0
LS012908,2026-08-01,MX,Professional services,50,Closed,Verified,Low,Medium,6024.18,52,22.6,0.0062,1,1,0,0
LS022693,2026-08-01,US,Food & beverage,19,Active,Verified,Medium,Low,11647.64,311,29.0,0.0215,2,1,0,0
LS048225,2026-08-01,MX,Food & beverage,38,Active,Verified,Low,Low,8164.47,143,43.9,0.0268,1,1,1,0
LS027283,2026-08-01,MX,Professional services,19,Active,Verified,Medium,High,16860.2,184,24.1,0.0127,1,1,0,0
LS033761,2026-08-01,CR,Retail,12,Active,Verified,Low,Low,10795.33,81,35.8,0.0124,1,1,1,0
LS013663,2026-08-01,MX,Retail,18,Active,Verified,Low,Medium,13580.54,472,41.3,0.0056,0,1,0,0
LS046741,2026-08-01,CR,Professional services,18,Active,Verified,Medium,Medium,8140.79,140,23.0,0.0044,0,0,0,0
LS019697,2026-08-01,MX,Professional services,13,Active,Verified,Medium,High,22143.28,246,32.9,0.0102,1,1,0,1
LS010897,2026-08-01,MX,Food & beverage,13,Active,Verified,Medium,Low,23255.47,289,14.2,0.0,0,1,0,0
LS039520,2026-08-01,BR,Retail,31,Active,Verified,Low,High,8690.36,152,35.6,0.005,0,1,0,1
LS048447,2026-08-01,MX,Retail,25,Active,Verified,Low,Medium,5202.31,33,39.7,0.0329,3,1,0,0
LS000484,2026-08-01,CR,Digital goods,21,Closed,Verified,Medium,Low,5274.32,74,35.1,0.0164,0,1,0,0
LS034157,2026-08-01,US,Digital goods,37,Active,Verified,High,High,4938.15,78,10.6,0.0075,1,1,0,0
LS004278,2026-08-01,MX,Retail,15,Active,Verified,Low,Medium,17801.29,279,51.1,0.0201,0,1,0,0
LS059900,2026-08-01,US,Professional services,28,Active,Verified,Low,Low,5993.25,110,25.9,0.022,3,1,0,0
LS049936,2026-08-01,US,Retail,35,Active,Verified,Low,Medium,7408.47,53,43.1,0.0242,0,1,0,0
LS043234,2026-08-01,US,Retail,42,Active,Verified,Low,Medium,10668.94,144,26.2,0.035,0,1,0,0
LS044724,2026-08-01,BR,Travel,37,Paused,Verified,Low,Medium,13425.32,140,31.9,0.0137,0,1,1,0
LS046247,2026-08-01,MX,Digital goods,22,Active,Verified,High,High,21692.44,379,31.7,0.0034,0,1,0,0
LS008532,2026-08-01,MX,Retail,17,Paused,Verified,Low,Medium,6283.17,94,4.3,0.0067,1,0,0,0
LS004095,2026-08-01,CR,Retail,9,Paused,Verified,Low,Low,2600.12,59,22.4,0.0115,0,0,0,0
LS031507,2026-08-01,MX,Professional services,15,Active,Verified,Medium,Medium,4493.14,47,20.2,0.0095,0,1,0,0
LS056863,2026-08-01,BR,,21,Active,Pending,Low,Low,3818.56,76,5.6,0.0,2,1,0,0
LS019082,2026-08-01,CR,Professional services,14,Active,Verified,Low,Medium,4282.85,77,35.9,0.0131,1,1,0,0
LS058896,2026-08-01,MX,Digital goods,54,Active,Verified,Low,Medium,7288.6,91,25.7,0.0134,0,0,0,0
LS017085,2026-08-01,US,Professional services,16,Active,Verified,High,Low,12204.12,179,23.6,0.01,2,1,0,0
LS051498,2026-08-01,US,Professional services,17,Active,Verified,Low,Medium,13657.37,175,33.4,0.0179,1,0,0,0
LS047499,2026-08-01,MX,Retail,10,Active,Verified,Medium,High,6454.24,98,33.5,0.0,1,1,0,0
LS009584,2026-08-01,CR,Retail,33,Paused,Verified,Medium,Medium,8137.57,144,39.6,0.0224,0,0,0,0
LS056013,2026-08-01,US,Retail,21,Active,Verified,Medium,Medium,36054.71,517,36.4,0.0188,0,1,0,0
LS012090,2026-08-01,BR,Food & beverage,25,Active,Verified,Low,Low,10942.71,105,16.2,0.0101,1,0,0,1
LS041497,2026-08-01,US,Retail,23,Active,Verified,Low,High,26606.21,359,17.7,0.0139,1,1,0,0
LS023742,2026-08-01,BR,Retail,29,Active,Verified,Medium,Low,7529.11,140,16.2,0.0,0,1,0,0
LS006555,2026-08-01,MX,Digital goods,20,Paused,Verified,Medium,Medium,15604.56,196,21.5,0.005,0,1,0,0
LS038148,2026-08-01,MX,Professional services,25,Active,Verified,Medium,Low,11280.34,141,21.4,0.0,0,1,0,0
LS020369,2026-08-01,CR,Retail,59,Active,Verified,High,Medium,5209.91,48,12.0,0.0059,1,1,0,1
LS034026,2026-08-01,BR,Professional services,6,Active,Verified,Medium,High,5444.02,110,4.0,0.007,2,1,0,1
LS021480,2026-08-01,US,Digital goods,32,Active,Verified,Medium,Medium,39274.28,611,22.6,0.0084,0,1,0,0
LS036573,2026-08-01,US,Digital goods,18,Active,Verified,High,High,10588.14,96,21.3,0.0184,2,1,0,0
LS017328,2026-08-01,BR,Food & beverage,41,Active,Verified,Low,Medium,11986.84,327,19.8,0.0123,0,1,0,0
LS052161,2026-08-01,US,Food & beverage,38,Active,Verified,Low,Medium,9775.07,163,30.2,0.0024,2,0,0,0
LS023129,2026-08-01,US,Retail,19,Active,Expired,Low,High,21006.17,425,26.8,0.0185,0,0,0,0
LS008530,2026-08-01,US,Retail,13,Active,Verified,Low,Medium,32773.82,488,4.5,0.0,1,0,0,1
LS030664,2026-08-01,MX,Digital goods,11,Closed,Expired,Medium,Low,21134.81,409,29.6,0.0197,0,0,1,0
LS004269,2026-08-01,US,Digital goods,37,Active,Verified,Low,Medium,20602.31,192,16.4,0.0,2,1,0,0
LS035224,2026-08-01,US,Travel,27,Active,Verified,Medium,Medium,46337.16,847,32.1,0.0116,2,1,1,0
LS049631,2026-08-01,CR,Retail,27,Active,Verified,Medium,Low,14083.88,359,42.8,0.0117,0,1,0,0
LS052755,2026-08-01,BR,Professional services,7,Active,Verified,Low,Medium,23953.83,174,46.6,0.0093,1,1,1,0
LS049133,2026-08-01,BR,Food & beverage,15,Active,Expired,Medium,Medium,9972.04,185,39.1,0.0,1,1,0,0
LS029745,2026-08-01,CR,Food & beverage,26,Active,Verified,Low,High,9188.7,88,14.1,0.0,0,0,1,0
LS000925,2026-08-01,US,Retail,30,Active,Verified,Low,High,20545.73,470,11.6,0.0007,1,1,0,0
LS050493,2026-08-01,US,Professional services,40,Active,Verified,Medium,Medium,11032.06,107,21.5,0.0041,1,0,0,0
LS021476,2026-08-01,BR,Retail,29,Paused,Verified,Medium,Low,9371.17,158,19.3,0.0115,0,0,1,0
LS049830,2026-08-01,US,Digital goods,29,Active,Verified,Low,Low,9281.43,107,23.8,0.0152,1,0,1,0
LS037696,2026-08-01,US,Retail,84,Closed,Verified,Low,Low,5843.7,124,37.9,0.0242,1,1,0,0
LS054839,2026-08-01,BR,Professional services,29,Active,Verified,Low,Medium,4880.25,60,23.8,0.0199,0,0,1,0
LS045533,2026-08-01,CR,Professional services,13,Active,Verified,Medium,Low,24330.47,349,50.9,0.0075,1,0,0,0
LS024214,2026-08-01,MX,Digital goods,36,Active,Verified,Low,High,8316.12,197,48.9,0.0216,0,1,0,0
LS059736,2026-08-01,US,Retail,36,Active,Verified,Low,Low,9011.34,125,23.4,0.0,0,1,1,0
LS017270,2026-08-01,US,Professional services,26,Active,Verified,Low,Low,34207.23,676,34.8,0.0173,2,1,0,0
LS058192,2026-08-01,US,Professional services,22,Active,Verified,Low,High,11513.16,174,26.2,0.0,0,1,0,0
LS054970,2026-08-01,US,Food & beverage,59,Active,Verified,Low,High,9518.23,263,25.4,0.0031,0,0,0,0
LS049311,2026-08-01,CR,Food & beverage,35,Active,Verified,Low,Medium,27690.7,284,20.9,0.0087,0,1,0,0
LS035808,2026-08-01,US,Travel,47,Active,Verified,Low,Low,16212.73,233,4.0,0.0,1,0,1,0
LS026589,2026-08-01,US,Food & beverage,29,Active,Expired,Medium,Low,10270.76,190,30.7,0.0223,0,1,0,0
LS031592,2026-08-01,BR,Digital goods,37,Active,Verified,Medium,Low,33049.59,568,23.1,0.0029,1,1,0,0
LS029992,2026-08-01,US,Digital goods,9,Active,Verified,Medium,Low,7890.01,246,19.8,0.015,1,1,0,0
LS056154,2026-08-01,US,Food & beverage,21,Active,Verified,High,High,2857.93,48,19.7,0.016,0,0,0,0
LS044000,2026-08-01,MX,Professional services,19,Active,Pending,Low,Low,189323.97,2549,31.9,0.0193,1,1,1,1
LS007914,2026-08-01,MX,Retail,4,Active,Verified,Medium,Low,9522.47,106,39.3,0.0276,0,0,0,0
LS031136,2026-08-01,US,Retail,7,Active,Verified,Medium,Medium,8769.55,137,28.1,0.0121,1,1,0,1
LS017632,2026-08-01,US,Food & beverage,14,Active,Verified,Low,Medium,12430.92,96,26.0,0.0066,0,1,0,1
LS042670,2026-08-01,US,Digital goods,16,Active,Verified,High,High,18809.71,216,38.1,0.0076,1,0,0,0
LS000471,2026-08-01,BR,Food & beverage,21,Active,Verified,Medium,Low,25091.67,188,35.7,0.0,0,1,1,0
LS021986,2026-08-01,BR,Retail,20,Active,Verified,Medium,Low,6927.4,84,39.2,0.0072,1,1,1,0
LS042548,2026-08-01,MX,Travel,84,Active,Verified,Low,Medium,47572.64,1169,22.4,0.0144,1,0,1,0
LS016688,2026-08-01,US,Retail,18,Active,Verified,Low,High,25096.27,255,28.2,0.019,2,1,0,0
LS008032,2026-08-01,MX,Professional services,35,Active,Verified,Medium,Low,62986.3,1388,34.8,0.0257,1,1,0,0
LS016321,2026-08-01,CR,Retail,26,Active,Verified,Low,High,11862.38,138,42.1,0.039,1,1,0,0
LS010153,2026-08-01,CR,Travel,34,Active,Verified,Low,High,10128.6,114,49.5,0.029,1,0,0,0
LS059435,2026-08-01,BR,Food & beverage,44,Active,Verified,High,Low,18233.04,263,41.1,0.0268,3,0,0,0
LS045052,2026-08-01,BR,Retail,21,Active,Verified,Medium,Medium,55975.07,412,36.5,0.0249,2,1,0,1
LS009555,2026-08-01,CR,Retail,11,Active,Verified,Low,Medium,27654.19,562,9.3,0.0,0,1,0,0
LS020263,2026-08-01,US,Travel,18,Active,Verified,Low,High,3829.13,38,10.8,0.0,0,1,0,0
LS027030,2026-08-01,US,Digital goods,42,Active,Verified,Low,High,13167.83,170,28.1,0.0173,0,0,0,0
LS012965,2026-08-01,MX,Travel,7,Paused,Verified,Low,High,16631.84,304,5.5,0.0123,0,1,0,0
LS017285,2026-08-01,US,Professional services,27,Active,Verified,High,High,10513.13,101,10.2,0.0,1,1,1,0
LS040757,2026-08-01,MX,Retail,8,Active,Verified,Low,Medium,11123.47,157,30.3,0.0191,3,1,0,0
LS030122,2026-08-01,US,Digital goods,14,Paused,Verified,Low,Medium,15990.04,186,12.7,0.0077,0,1,0,0
LS015317,2026-08-01,US,Professional services,23,Active,Verified,Low,Medium,22205.33,189,23.9,0.0147,0,1,0,0
LS046723,2026-08-01,MX,Digital goods,84,Active,Verified,Low,Low,16589.07,318,36.0,0.0184,1,0,0,0
LS058957,2026-08-01,MX,Professional services,10,Active,Verified,Low,Medium,26342.09,277,35.6,0.0162,0,1,0,0
LS043794,2026-08-01,US,Retail,40,Active,Verified,Low,Medium,5913.84,58,35.8,0.0157,0,1,0,0
LS057219,2026-08-01,MX,Retail,24,Active,Pending,Medium,Low,27384.83,378,32.2,0.0187,1,0,0,0
LS027116,2026-08-01,MX,Retail,15,Active,Verified,Low,Low,71318.14,1044,26.1,0.0188,0,0,0,0
LS058577,2026-08-01,US,Food & beverage,52,Active,Verified,Low,Medium,10667.31,156,31.6,0.0148,0,1,0,0
LS042170,2026-08-01,US,Retail,22,Active,Verified,Low,Medium,7257.85,86,9.3,0.0,1,1,0,0
LS020059,2026-08-01,BR,Retail,34,Active,Verified,Medium,Medium,9332.11,108,40.2,0.0294,1,0,1,0
LS011505,2026-08-01,MX,Professional services,16,Active,Verified,Low,Low,8478.57,115,4.0,0.0,0,1,0,0
LS035269,2026-08-01,US,Retail,30,Active,Expired,Low,Medium,21138.65,320,6.3,0.0,0,1,0,1
LS018102,2026-08-01,BR,Food & beverage,15,Paused,Verified,High,Medium,23801.47,494,23.5,0.0098,0,1,1,0
LS004624,2026-08-01,US,Food & beverage,24,Active,Verified,Low,Low,5922.17,53,28.8,0.0056,1,1,0,0
LS046481,2026-08-01,US,Travel,7,Active,Verified,Medium,Medium,10035.68,152,14.9,0.004,1,1,0,0
LS002443,2026-08-01,CR,Digital goods,24,Active,Verified,High,Medium,4741.88,34,33.7,0.0145,2,1,0,0
LS010022,2026-08-01,US,Retail,21,Active,Verified,Low,Medium,5547.32,59,27.8,0.0179,1,1,0,0
LS056639,2026-08-01,US,Travel,43,Active,Verified,Low,Low,32891.61,368,23.0,0.0118,0,1,0,0
LS053144,2026-08-01,BR,Digital goods,31,Active,Pending,Low,Low,3908.95,53,17.5,0.0003,0,1,0,0
LS028386,2026-08-01,BR,Retail,30,Active,Verified,Medium,Medium,7953.7,107,39.4,0.0126,0,0,1,0
LS036911,2026-08-01,MX,Retail,61,Active,Verified,Medium,Low,8147.76,95,8.2,0.0,0,0,0,0
LS003935,2026-08-01,MX,Retail,62,Active,Verified,Low,Medium,2600.47,39,30.6,0.0091,2,1,1,0
LS056235,2026-08-01,US,Food & beverage,30,Closed,Verified,High,High,7404.29,109,33.3,0.0055,3,0,0,0
LS008581,2026-08-01,US,Digital goods,8,Active,Verified,Low,Low,9020.79,199,31.4,0.0203,2,0,0,0
LS049078,2026-08-01,MX,Digital goods,8,Active,Pending,Low,High,51188.74,663,39.2,0.0081,1,1,0,0
LS007971,2026-08-01,US,Food & beverage,39,Active,Verified,Low,Medium,8034.58,120,14.0,0.0139,0,1,0,0
LS013549,2026-08-01,BR,Food & beverage,2,Active,Verified,Medium,Low,16695.56,263,24.6,0.0045,2,1,0,0
LS037607,2026-08-01,BR,Travel,34,Active,Verified,Low,Medium,10101.83,127,29.9,0.0027,1,1,0,0
LS029485,2026-08-01,US,Retail,21,Active,Verified,Low,Low,18295.74,174,31.4,0.0329,4,1,1,0
LS008453,2026-08-01,US,Food & beverage,33,Active,Verified,Low,Medium,9892.57,109,46.9,0.0225,1,0,1,0
LS046442,2026-08-01,CR,Travel,14,Active,Pending,Low,Low,18703.49,204,39.7,0.0099,0,1,0,1
LS035827,2026-08-01,US,Digital goods,19,Active,Pending,Medium,Low,27822.12,351,44.3,0.0209,0,1,1,0
LS007390,2026-08-01,BR,Digital goods,24,Active,Verified,Low,High,6715.51,88,41.1,0.0208,1,1,0,0
LS059613,2026-08-01,US,Professional services,68,Active,Expired,Low,Medium,72532.3,1323,43.1,0.0451,1,1,0,0
LS000860,2026-08-01,US,Digital goods,28,Active,Verified,Low,Low,55794.05,474,19.0,0.0,1,1,0,0
LS014353,2026-08-01,MX,Professional services,21,Active,Verified,Low,Medium,6560.66,88,15.0,0.0,1,1,1,0
LS004828,2026-08-01,US,Retail,14,Active,Verified,Low,Medium,5533.88,70,36.3,0.0085,0,1,0,0
LS004290,2026-08-01,MX,Travel,26,Paused,Verified,Medium,Medium,53853.18,791,29.4,0.0043,0,1,0,0
LS058910,2026-08-01,US,Travel,13,Active,Verified,Low,Medium,12709.7,157,14.6,0.0,0,1,0,0
LS018616,2026-08-01,MX,Professional services,15,Active,Verified,Low,Medium,14627.89,253,20.9,0.0187,0,1,0,1
LS039705,2026-08-01,US,Digital goods,25,Active,Pending,Low,Low,31934.36,557,7.7,0.0,2,0,0,0
LS014458,2026-08-01,BR,Food & beverage,10,Active,Verified,Medium,High,33998.5,1424,39.0,0.0109,0,1,0,0
LS056202,2026-08-01,MX,Food & beverage,19,Active,Verified,Medium,Medium,7969.4,122,16.6,0.0035,1,1,0,0
LS037353,2026-08-01,US,Retail,21,Paused,Verified,Low,Medium,15563.59,201,26.8,0.0125,2,0,1,0
LS008723,2026-08-01,BR,Food & beverage,34,Active,Verified,Medium,Low,5015.74,81,27.4,0.0,1,0,0,0
LS008439,2026-08-01,MX,Professional services,39,Active,Verified,Low,Medium,27745.13,643,23.3,0.0108,0,1,0,0
LS048755,2026-08-01,US,Food & beverage,44,Active,Verified,High,High,5076.77,64,4.0,0.0023,0,1,0,1
LS053572,2026-08-01,BR,Food & beverage,43,Active,Verified,Medium,Medium,16122.55,145,33.4,0.0077,0,1,0,0
LS004012,2026-08-01,MX,Retail,30,Active,Verified,Low,Medium,6730.21,88,4.0,0.0,0,1,0,1
LS027406,2026-08-01,MX,Food & beverage,26,Active,Verified,Medium,Medium,16400.8,299,22.6,0.0,1,0,0,0
LS057866,2026-08-01,MX,Digital goods,41,Active,Verified,Low,Medium,4666.05,50,30.4,0.0184,1,1,0,0
LS033396,2026-08-01,US,Retail,12,Active,Verified,Low,Medium,11197.42,131,34.3,0.0046,1,0,0,0
LS030624,2026-08-01,MX,Food & beverage,12,Active,Verified,Low,Low,73264.76,1052,7.3,0.0048,1,1,1,0
LS023223,2026-08-01,US,Digital goods,30,Active,Verified,Low,Medium,8168.98,82,15.7,0.0121,1,0,1,0
LS024883,2026-08-01,MX,Food & beverage,19,Active,Verified,Low,Medium,29408.49,268,25.0,0.0009,0,1,0,0
LS009117,2026-08-01,MX,Food & beverage,33,Active,Verified,Medium,High,19843.28,358,46.9,0.025,2,0,0,0
LS014170,2026-08-01,MX,Professional services,13,Closed,Pending,Low,Medium,10111.83,265,21.7,0.0122,0,1,0,0
LS047734,2026-08-01,MX,Food & beverage,36,Active,Verified,Low,Medium,16052.01,101,29.0,0.0102,0,0,0,0
LS026389,2026-08-01,BR,Professional services,7,Active,Verified,High,High,51626.7,1540,28.4,0.0043,0,1,0,1
LS036183,2026-08-01,US,Retail,22,Paused,Verified,Low,Medium,11982.73,168,23.6,0.0037,1,0,0,0
LS021572,2026-08-01,MX,Retail,24,Active,Verified,Low,Low,5198.12,68,21.6,0.0109,1,0,0,0
LS034517,2026-08-01,MX,Digital goods,20,Active,Verified,Low,High,14146.81,220,18.3,0.0086,0,1,0,0
LS029095,2026-08-01,BR,Professional services,18,Active,Verified,Medium,Medium,19900.59,417,33.9,0.0202,0,1,1,0
LS002423,2026-08-01,US,Digital goods,40,Active,Verified,Medium,Medium,4137.62,105,28.1,0.0124,2,0,1,0
LS029306,2026-08-01,US,Professional services,44,Paused,Verified,Medium,Low,6235.28,88,22.0,0.0066,1,0,0,0
LS006378,2026-08-01,MX,Food & beverage,44,Active,Verified,Low,Medium,39144.37,731,25.8,0.0173,1,1,0,0
LS032148,2026-08-01,US,Retail,44,Active,Verified,Low,Low,13921.25,163,6.7,0.0007,0,1,1,0
LS018364,2026-08-01,US,Travel,23,Active,Verified,Low,Medium,33126.66,962,26.3,0.0097,1,1,0,0
LS019949,2026-08-01,BR,Food & beverage,10,Active,Verified,Low,Low,3774.74,38,43.1,0.016,0,1,0,0
LS033352,2026-08-01,BR,Food & beverage,24,Active,Verified,Medium,Low,7160.96,107,25.7,0.0096,2,1,0,0
LS047351,2026-08-01,MX,Travel,40,Active,Pending,Medium,Medium,6401.55,101,33.2,0.02,1,0,0,0
LS040240,2026-08-01,BR,Food & beverage,21,Paused,Verified,High,Medium,7484.16,175,18.3,0.0,1,1,0,0
LS003614,2026-08-01,MX,Professional services,49,Active,Verified,Medium,Low,2198.08,22,21.3,0.0251,0,0,0,0
LS042520,2026-08-01,US,Professional services,49,Active,Verified,Low,Low,7447.7,75,25.9,0.0066,2,1,0,0
LS015518,2026-08-01,US,Retail,31,Active,Verified,Medium,Low,26042.42,367,24.5,0.0183,1,1,0,0
LS032441,2026-08-01,BR,Retail,63,Active,Verified,Low,Low,15467.62,136,25.1,0.0202,1,1,0,0
LS038184,2026-08-01,US,Digital goods,23,Paused,Verified,Low,Low,9524.77,87,28.5,0.0153,2,1,0,0
LS039463,2026-08-01,CR,Travel,35,Active,Verified,Low,Medium,31489.12,525,55.2,0.0135,0,1,1,0
LS048693,2026-08-01,BR,Retail,19,Active,Verified,Medium,Medium,9111.82,159,33.7,0.0229,1,1,0,0
LS042718,2026-08-01,MX,Retail,27,Active,Verified,Low,High,4505.19,113,38.6,0.0206,2,0,0,1
LS058103,2026-08-01,BR,Digital goods,9,Active,Verified,Low,Medium,4660.68,58,27.0,0.017,1,0,0,0
LS016731,2026-08-01,BR,Digital goods,34,Active,Verified,Medium,High,91802.79,1274,39.5,0.0223,2,1,0,0
LS007460,2026-08-01,US,Retail,28,Active,Verified,Low,Medium,2412.59,23,10.5,0.0032,0,1,0,0
LS013041,2026-08-01,MX,Professional services,23,Active,Verified,Medium,Medium,29006.03,229,21.4,0.0153,0,0,0,0
LS004461,2026-08-01,MX,Food & beverage,25,Closed,Expired,High,Low,23115.94,352,25.4,0.0,0,1,0,0
LS023464,2026-08-01,BR,Professional services,23,Active,Expired,Low,High,6062.73,81,16.0,0.0,0,0,0,0
LS003114,2026-08-01,US,Food & beverage,24,Active,Verified,Medium,Medium,9129.69,128,36.5,0.0273,0,1,0,0
LS010332,2026-08-01,CR,Professional services,31,Active,Verified,Low,Medium,7112.24,142,6.3,0.0003,0,1,0,0
LS026170,2026-08-01,MX,Retail,49,Active,Verified,Low,Low,7363.62,133,41.6,0.0194,1,0,0,0
LS030511,2026-08-01,MX,Digital goods,50,Active,Verified,Low,High,21375.76,373,32.3,0.0073,1,1,1,0
LS055270,2026-08-01,US,Food & beverage,18,Active,Verified,Low,High,17846.05,516,38.8,0.0106,0,0,0,0
LS040683,2026-08-01,CR,Food & beverage,18,Active,Verified,High,Medium,4291.13,66,36.4,0.0161,0,1,0,0
LS024794,2026-08-01,MX,Retail,4,Active,Verified,Medium,Low,3784.22,80,41.6,0.0138,0,1,0,0
LS034545,2026-08-01,BR,Food & beverage,37,Active,Verified,Low,Medium,2101.27,37,37.7,0.0087,2,1,0,0
LS049090,2026-08-01,MX,Retail,20,Active,Verified,Low,Medium,14871.35,175,37.6,0.0181,0,1,0,0
LS042865,2026-08-01,BR,Professional services,7,Active,Verified,Low,Medium,4301.58,63,31.2,0.0129,0,0,0,0
LS051129,2026-08-01,US,Food & beverage,41,Active,Verified,Low,Medium,62667.34,870,37.0,0.03,1,1,1,0
LS052490,2026-08-01,US,Travel,18,Active,Verified,Medium,Low,25575.68,138,14.2,0.0,0,0,0,0
LS044789,2026-08-01,BR,Retail,20,Active,Verified,Low,Low,24459.63,406,26.4,0.0031,1,1,0,0
LS043225,2026-08-01,MX,Food & beverage,11,Active,Verified,Low,Medium,24225.49,548,41.9,0.0236,3,1,1,0
LS017373,2026-08-01,MX,Travel,17,Active,Verified,Low,Low,8003.23,80,21.0,0.0,0,1,0,0
LS041129,2026-08-01,US,Food & beverage,5,Active,Verified,Medium,High,16097.66,262,33.4,0.0063,0,0,0,0
LS031146,2026-08-01,MX,Food & beverage,9,Active,Verified,Medium,Medium,14156.6,235,41.4,0.0237,0,1,0,0
LS017645,2026-08-01,BR,Retail,50,Active,Verified,Low,Low,7419.68,117,16.4,0.0091,1,1,0,0
LS003890,2026-08-01,US,Retail,17,Active,Verified,Low,Low,6796.1,116,4.0,0.0,0,0,0,0
LS042689,2026-08-01,US,Retail,18,Active,Verified,Low,Low,5907.05,69,7.3,0.0,1,1,0,0
LS050100,2026-08-01,US,Retail,29,Active,Verified,Medium,Low,16089.52,360,22.6,0.0103,0,1,0,0
LS000341,2026-08-01,BR,Food & beverage,21,Active,Verified,Medium,Low,21657.88,224,28.0,0.009,0,1,0,0
LS054805,2026-08-01,MX,Professional services,53,Active,Verified,Low,High,17965.03,200,30.8,0.0258,0,0,0,0
LS034388,2026-08-01,US,Professional services,49,Active,Verified,Low,Low,24548.51,401,20.1,0.0084,1,0,0,0
LS024215,2026-08-01,US,Professional services,25,Active,Verified,Medium,Low,9712.03,144,32.9,0.0143,0,1,1,0
LS052120,2026-08-01,US,Professional services,34,Active,Verified,Low,Medium,32603.74,572,46.2,0.0346,8,1,0,0
LS049604,2026-08-01,BR,Digital goods,30,Paused,Verified,Medium,Medium,9870.28,119,60.6,0.0424,5,1,0,1
LS003072,2026-08-01,CR,Digital goods,63,Active,Verified,High,Low,35430.4,580,23.6,0.0032,1,1,0,0
LS036107,2026-08-01,US,Food & beverage,18,Active,Verified,Medium,Low,9605.27,168,41.0,0.0253,0,0,1,0
LS052592,2026-08-01,US,Digital goods,10,Active,Verified,High,High,4330.87,52,37.5,0.0159,3,0,1,1
LS057000,2026-08-01,US,Retail,36,Active,Verified,Medium,Medium,28436.11,479,30.4,0.0099,1,1,0,0
LS053255,2026-08-01,US,Retail,17,Active,Verified,Low,Low,16409.47,293,42.2,0.0154,1,1,0,0
LS012458,2026-08-01,MX,Food & beverage,22,Active,Verified,Low,High,12811.98,265,30.8,0.0119,2,1,0,1
LS034912,2026-08-01,US,Digital goods,26,Active,Pending,Medium,High,2264.68,29,32.9,0.0108,1,0,0,0
LS035949,2026-08-01,MX,Retail,32,Active,Verified,Low,Low,7051.91,168,25.6,0.0,0,0,0,0
LS035785,2026-08-01,US,Digital goods,27,Closed,Verified,Low,Low,9109.17,108,32.3,0.0167,0,0,0,0
LS024312,2026-08-01,US,Travel,50,Active,Verified,Medium,High,350000.0,5643,49.0,0.0286,4,1,0,0
LS050969,2026-08-01,US,Travel,53,Active,Verified,Medium,Medium,24786.2,361,18.9,0.0057,1,1,1,0
LS051199,2026-08-01,BR,Travel,44,Active,Verified,Medium,Low,17387.38,342,38.8,0.0168,0,1,0,0
LS044734,2026-08-01,BR,Food & beverage,28,Active,Verified,Medium,High,13366.62,136,49.0,0.0,1,0,0,0
LS017478,2026-08-01,BR,Professional services,19,Active,Verified,Low,Low,7623.6,62,30.1,0.0023,0,1,0,0
LS019058,2026-08-01,CR,Travel,24,Active,Verified,Low,Medium,8994.22,146,37.3,0.0122,2,0,0,0
LS054341,2026-08-01,US,Retail,8,Closed,Verified,Low,Low,12209.05,189,41.5,0.0154,0,1,0,0
LS032263,2026-08-01,US,Professional services,18,Active,Verified,Low,High,22386.76,618,4.0,0.0,1,1,0,0
LS017441,2026-08-01,BR,Professional services,36,Active,Verified,Low,Low,29981.45,565,30.0,0.0124,1,1,0,0
LS036705,2026-08-01,MX,Food & beverage,20,Active,Pending,Low,Medium,4406.75,69,64.2,0.034,1,1,0,0
LS023974,2026-08-01,US,Food & beverage,11,Active,Verified,Low,Medium,19698.64,194,23.6,0.0156,0,0,0,0
LS017340,2026-08-01,CR,Digital goods,22,Active,Verified,Low,Low,41412.86,721,44.7,0.0115,0,1,1,0
LS022930,2026-08-01,BR,Travel,35,Active,Verified,High,Medium,20931.54,422,40.4,0.0193,1,1,1,0
LS010979,2026-08-01,BR,Professional services,30,Active,Verified,Low,High,12584.68,99,30.7,0.0069,1,0,0,1
LS027853,2026-08-01,US,Food & beverage,11,Active,Verified,Low,High,19810.07,369,13.2,0.0045,0,1,0,1
LS050355,2026-08-01,US,Retail,15,Active,Verified,Low,Low,1069.31,16,18.3,0.0018,0,1,0,0
LS027188,2026-08-01,US,Retail,23,Active,Verified,Medium,Low,21804.89,375,6.7,0.0048,1,1,0,0
LS021327,2026-08-01,BR,Retail,41,Active,Verified,High,High,35756.01,440,35.5,0.002,0,0,0,1
LS026054,2026-08-01,US,Professional services,48,Active,Verified,Medium,High,5454.71,126,18.8,0.0,0,0,0,1
LS005867,2026-08-01,BR,Retail,32,Active,Verified,Low,Medium,17247.16,453,31.3,0.0178,3,1,0,0
LS044325,2026-08-01,BR,Food & beverage,29,Active,Pending,Medium,Medium,6608.86,135,42.3,0.0136,1,1,0,0
LS047385,2026-08-01,US,Retail,33,Active,Verified,Medium,Medium,16340.67,232,35.5,0.0,2,0,1,0
LS001973,2026-08-01,US,Professional services,19,Active,Verified,Low,High,12053.42,220,13.0,0.0117,2,1,1,1
LS002001,2026-08-01,US,Professional services,75,Active,Verified,High,Low,4960.67,72,22.1,0.0089,1,1,0,0
LS046889,2026-08-01,MX,Retail,26,Active,Verified,Low,Low,15785.48,172,29.6,0.0,2,1,1,0
LS045262,2026-08-01,MX,Professional services,42,Active,Verified,Low,Medium,25123.1,252,23.5,0.0002,0,1,0,0
LS048472,2026-08-01,US,Food & beverage,26,Active,Verified,Medium,Low,5434.2,135,39.7,0.0156,0,0,1,0
LS034675,2026-08-01,US,Retail,16,Closed,Expired,Low,Medium,21818.31,254,13.8,0.0,0,1,0,0
LS029503,2026-08-01,US,Digital goods,41,Active,Verified,Low,Low,11468.29,329,18.5,0.0245,1,0,0,0
LS032447,2026-08-01,BR,Professional services,13,Active,Verified,High,Low,17765.01,275,4.0,0.0,0,0,0,0
LS042077,2026-08-01,US,Retail,35,Closed,Verified,Low,Medium,14525.52,103,34.1,0.0171,0,0,1,0
LS028406,2026-08-01,BR,Travel,34,Active,Verified,High,Low,11156.63,297,22.6,0.0052,0,1,1,1
LS002951,2026-08-01,BR,Professional services,24,Active,Verified,Low,Medium,43003.23,601,13.7,0.0,0,1,0,0
LS011539,2026-08-01,MX,Professional services,16,Active,Verified,Medium,Medium,6528.95,58,27.2,0.0259,2,0,0,0
LS056371,2026-08-01,US,Retail,25,Active,Verified,Medium,High,8280.87,100,33.1,0.0127,0,1,1,0
LS034906,2026-08-01,MX,Professional services,9,Active,Verified,Low,Medium,5138.32,191,15.0,0.0224,2,1,0,0
LS017877,2026-08-01,MX,Digital goods,28,Active,Verified,Medium,High,22021.91,129,17.0,0.0068,0,1,1,0
LS029775,2026-08-01,US,Food & beverage,37,Active,Verified,Low,Low,14918.17,165,22.1,0.0,0,0,0,0
LS017298,2026-08-01,US,Digital goods,41,Active,Verified,Medium,Low,7028.26,164,27.7,0.0,1,0,0,0
LS026228,2026-08-01,BR,Food & beverage,70,Active,Pending,Medium,Medium,22404.36,237,23.3,0.0214,0,1,1,0
LS018201,2026-08-01,US,Professional services,25,Active,Verified,Low,Medium,15497.39,202,23.0,0.0154,0,1,1,0
LS052233,2026-08-01,BR,Food & beverage,28,Active,Verified,Low,Medium,5661.37,52,42.0,0.0218,1,1,0,0
LS046091,2026-08-01,MX,Professional services,22,Paused,Verified,Low,Low,5417.78,72,15.9,0.0173,1,1,0,0
LS033130,2026-08-01,MX,Retail,52,Active,Verified,Low,Low,8961.27,192,31.0,0.017,1,0,0,0
LS027426,2026-08-01,CR,Professional services,68,Active,Verified,Low,Medium,8247.47,154,7.2,0.0092,1,1,0,0
LS054897,2026-08-01,MX,Professional services,30,Active,Verified,Medium,High,26869.09,640,30.6,0.0046,0,1,0,0
LS046753,2026-08-01,MX,Digital goods,31,Closed,Verified,Low,Medium,38400.01,433,46.8,0.0209,1,1,1,0
LS046174,2026-08-01,MX,Retail,84,Closed,Verified,Low,Medium,29387.63,386,37.7,0.029,5,1,1,0
LS020473,2026-08-01,US,Retail,26,Active,Verified,Medium,High,19148.1,206,20.6,0.0117,1,1,1,0
LS002569,2026-08-01,MX,Food & beverage,11,Active,Verified,Medium,Low,11546.44,151,23.9,0.0158,0,0,0,0
LS056062,2026-08-01,CR,Food & beverage,43,Active,Verified,Medium,Medium,58218.49,517,23.8,0.0094,2,1,1,0
LS024281,2026-08-01,BR,Retail,26,Active,Verified,Low,Medium,33037.97,373,46.1,0.0161,2,1,1,0
LS023492,2026-08-01,MX,Travel,18,Closed,Verified,Medium,Low,4076.58,65,15.0,0.0015,0,1,0,0
LS004715,2026-08-01,BR,Retail,4,Active,Verified,Low,Medium,5533.75,55,43.6,0.0079,4,1,0,1
LS049301,2026-08-01,BR,Retail,75,Active,Verified,Medium,Medium,3745.32,71,29.7,0.021,1,1,0,0
LS007335,2026-08-01,BR,Retail,22,Active,Verified,Medium,High,72225.32,1124,42.8,0.016,2,1,0,0
LS042969,2026-08-01,CR,Digital goods,12,Active,Verified,Medium,Medium,7187.12,135,29.6,0.0092,0,1,0,0
LS043692,2026-08-01,US,Digital goods,51,Active,Expired,Low,Low,5825.32,46,8.6,0.0,0,0,1,0
LS025173,2026-08-01,US,Retail,48,Active,Verified,Low,Low,8388.25,147,12.4,0.0069,0,0,0,0
LS011388,2026-08-01,MX,Food & beverage,75,Active,Pending,Low,Medium,11073.42,196,42.9,0.0203,0,1,1,0
LS029237,2026-08-01,US,Food & beverage,12,Active,Verified,Low,Medium,25427.47,288,4.0,0.0,0,1,0,1
LS039605,2026-08-01,BR,Food & beverage,37,Active,Verified,Medium,Medium,8141.87,75,32.7,0.0075,1,1,0,0
LS013509,2026-08-01,MX,Travel,54,Active,Verified,High,High,4589.42,66,6.0,0.0,1,0,0,0
LS015061,2026-08-01,MX,Professional services,42,Active,Verified,Low,Low,29283.33,389,16.6,0.0,1,1,0,1
LS015901,2026-08-01,CR,Retail,12,Active,Verified,Medium,High,6334.7,89,13.4,0.0149,0,1,1,0
LS012476,2026-08-01,MX,Retail,11,Active,Verified,Low,High,3472.37,67,13.5,0.0064,1,1,1,0
LS009159,2026-08-01,MX,Retail,15,Active,Verified,Low,Medium,36347.07,496,7.7,0.0089,0,1,0,0
LS012626,2026-08-01,US,Retail,23,Active,Verified,Low,Medium,7194.59,160,38.3,0.0139,1,0,0,0
LS027679,2026-08-01,MX,Professional services,12,Active,Verified,Low,Medium,5752.52,75,25.5,0.0197,1,1,0,0
LS028735,2026-08-01,CR,Retail,23,Active,Verified,Medium,Medium,52935.64,711,33.5,0.0211,1,1,0,0
LS036226,2026-08-01,US,Digital goods,28,Active,Verified,Low,High,2874.05,61,20.9,0.0,1,1,0,0
LS051305,2026-08-01,MX,Retail,13,Active,Verified,Medium,Medium,2369.97,37,32.7,0.0211,2,0,0,0
LS022472,2026-08-01,US,Retail,39,Active,Pending,Medium,Low,36058.27,880,14.3,0.002,0,1,0,1
LS059173,2026-08-01,BR,Retail,56,Active,Verified,High,Medium,12978.44,181,39.7,0.0109,0,0,0,0
LS005256,2026-08-01,BR,Retail,84,Active,Verified,Low,High,4223.69,87,33.5,0.0176,0,0,0,1
LS053245,2026-08-01,MX,Food & beverage,22,Active,Verified,Low,High,10681.15,182,16.9,0.0183,0,1,0,0
LS040188,2026-08-01,BR,Retail,21,Paused,Verified,Low,Low,18086.64,273,17.7,0.0,2,1,0,0
LS012888,2026-08-01,US,Food & beverage,28,Active,Verified,Low,Low,2934.91,22,43.9,0.0219,6,1,1,0
LS027053,2026-08-01,US,Digital goods,35,Active,Verified,Low,Low,10739.65,287,27.1,0.0104,0,1,0,0
LS049816,2026-08-01,BR,Professional services,23,Active,Verified,Low,Low,13647.48,246,27.9,0.0009,0,1,0,0
LS001965,2026-08-01,US,Digital goods,20,Active,Verified,Low,Low,33908.12,562,17.7,0.014,0,0,0,0
LS055157,2026-08-01,US,Food & beverage,8,Active,Verified,Low,High,3581.18,75,12.3,0.0093,0,0,0,0
LS046755,2026-08-01,BR,Digital goods,38,Active,Verified,Medium,Low,35918.77,634,45.6,0.0089,0,1,0,0
LS050580,2026-08-01,BR,Professional services,14,Active,Verified,Low,Medium,5891.23,82,24.1,0.0061,1,1,0,0
LS008633,2026-08-01,MX,Retail,34,Active,Verified,Low,Medium,11313.13,141,45.4,0.016,0,1,0,0
LS028335,2026-08-01,US,Food & beverage,39,Active,Verified,Medium,Medium,11467.17,136,33.5,0.024,3,1,0,1
LS036370,2026-08-01,CR,Digital goods,5,Active,Verified,Low,Low,12196.9,221,18.5,0.0102,1,1,1,0
LS022350,2026-08-01,US,Digital goods,21,Active,Verified,Medium,Low,13429.44,141,27.4,0.0195,1,1,1,0
LS026456,2026-08-01,US,Professional services,21,Active,Verified,Low,Low,27389.02,638,13.0,0.0028,3,1,0,0
LS006410,2026-08-01,MX,Retail,21,Active,Verified,Low,Medium,29626.07,481,33.1,0.0079,1,1,0,0
LS043147,2026-08-01,US,Retail,63,Active,Verified,High,High,10064.32,95,15.3,0.0098,0,1,0,1
LS020308,2026-08-01,US,Retail,14,Active,Pending,Low,High,43193.18,459,13.1,0.0,0,0,0,0
LS018257,2026-08-01,BR,Professional services,46,Active,Verified,Low,Medium,33336.18,462,18.8,0.0015,1,1,0,1
LS041619,2026-08-01,CR,Professional services,19,Active,Verified,Low,High,77006.6,1251,35.7,0.02,0,1,0,1
LS059471,2026-08-01,CR,Professional services,40,Active,Verified,Low,Medium,24351.2,241,46.0,0.0306,2,1,0,0
LS035026,2026-08-01,CR,Retail,48,Active,Verified,High,Low,6411.91,125,47.5,0.0093,1,1,0,0
LS053303,2026-08-01,BR,Retail,21,Active,Pending,Low,High,110759.18,1274,18.2,0.0124,0,1,1,0
LS021076,2026-08-01,BR,Retail,5,Active,Verified,Low,Medium,24017.18,348,47.5,0.0058,4,1,0,0
LS046959,2026-08-01,MX,Food & beverage,24,Active,Verified,Low,High,5907.04,67,15.7,0.0102,0,0,0,0
LS047804,2026-08-01,BR,Professional services,20,Active,Pending,Low,Medium,9124.41,139,21.3,0.0104,0,0,0,1
LS035193,2026-08-01,BR,Retail,34,Active,Verified,Low,Medium,9904.67,202,51.3,0.0217,1,1,1,0
LS034362,2026-08-01,CR,Food & beverage,40,Active,Pending,Medium,Medium,16038.07,371,32.7,0.0281,1,0,0,0
LS049897,2026-08-01,US,Retail,77,Active,Verified,Low,Low,8205.15,122,7.7,0.0,0,1,1,0
LS038132,2026-08-01,US,Digital goods,40,Active,Verified,Low,Medium,15760.74,158,22.9,0.0,0,1,0,0
LS017686,2026-08-01,CR,Professional services,19,Active,Verified,Low,High,10533.67,120,14.1,0.0,0,1,0,0
LS058988,2026-08-01,US,Professional services,12,Active,Verified,Low,Medium,2416.35,55,33.6,0.0143,1,1,0,0
LS019699,2026-08-01,MX,Travel,24,Active,Verified,Medium,Medium,15937.61,142,32.6,0.0149,0,1,0,0
LS054881,2026-08-01,US,Digital goods,20,Active,Verified,Low,Low,3707.5,47,11.0,0.0,0,0,0,0
LS040232,2026-08-01,MX,Retail,8,Active,Verified,Low,High,43062.16,748,17.5,0.0082,1,1,1,0
LS003999,2026-08-01,BR,Food & beverage,84,Active,Verified,Medium,Low,4647.13,64,50.7,0.0417,3,0,0,1
LS051835,2026-08-01,BR,Retail,16,Active,Verified,Medium,Low,34279.47,253,33.2,0.0219,0,0,0,0
LS026404,2026-08-01,US,Professional services,40,Active,Verified,Low,Medium,6493.45,118,20.9,0.0,0,0,0,0
LS037635,2026-08-01,US,Digital goods,18,Paused,Verified,Low,Low,15414.92,297,13.4,0.0208,0,1,0,0
LS014454,2026-08-01,US,Travel,45,Active,Pending,Medium,Medium,15407.65,217,15.7,0.0096,0,1,0,0
LS039125,2026-08-01,US,Retail,8,Active,Verified,High,High,8293.9,116,32.2,0.0171,0,0,0,0
LS047417,2026-08-01,US,Professional services,75,Paused,Verified,Low,Medium,12020.48,228,23.1,0.0002,1,0,0,0
LS032982,2026-08-01,BR,Retail,35,Active,Verified,Medium,High,20189.92,227,21.9,0.0048,0,1,0,0
LS023637,2026-08-01,US,Professional services,44,Paused,Verified,High,Low,17179.53,240,40.7,0.0025,0,1,0,0
LS047839,2026-08-01,US,Digital goods,9,Active,Verified,Low,Low,86940.7,972,32.6,0.0057,1,1,0,0
LS032004,2026-08-01,BR,Digital goods,28,Active,Verified,Medium,Medium,19008.22,144,38.7,0.0256,0,0,0,0
LS042347,2026-08-01,US,Food & beverage,66,Active,Verified,Low,High,11601.65,130,59.2,0.0449,3,0,0,0
LS041909,2026-08-01,MX,Food & beverage,27,Active,Verified,High,Low,23514.34,506,27.1,0.0074,0,1,0,0
LS045094,2026-08-01,CR,Professional services,39,Active,Verified,Low,Medium,10559.66,220,27.0,0.0037,1,1,1,0
LS003008,2026-08-01,BR,Retail,9,Active,Verified,Low,Low,13208.79,207,24.1,0.0097,0,1,0,0
LS023678,2026-08-01,BR,Retail,5,Active,Verified,Low,High,10854.44,127,20.9,0.0078,0,1,0,0
LS047744,2026-08-01,CR,Digital goods,9,Active,Expired,Low,Low,2319.4,19,15.7,0.0075,1,0,0,0
LS030535,2026-08-01,BR,Professional services,13,Active,Verified,Low,High,9827.54,93,29.4,0.0,1,1,0,1
LS013562,2026-08-01,US,Digital goods,53,Active,Verified,Low,Medium,5410.57,57,23.8,0.0157,1,1,1,0
LS056258,2026-08-01,BR,Professional services,10,Active,Verified,Low,High,17437.8,164,16.8,0.0109,1,0,0,0
LS059611,2026-08-01,BR,Travel,15,Closed,Verified,Low,Low,19215.18,401,29.4,0.0125,0,1,0,0
LS004364,2026-08-01,BR,Professional services,52,Active,Verified,Low,Medium,9288.5,141,39.7,0.0164,0,1,0,0
LS048846,2026-08-01,MX,Retail,12,Active,Verified,Medium,Low,30190.29,924,9.2,0.0114,2,0,0,0
LS053295,2026-08-01,US,Digital goods,24,Active,Verified,Medium,Low,6530.19,163,24.2,0.0146,0,1,0,0
LS010261,2026-08-01,US,Digital goods,23,Active,Verified,Medium,Medium,38381.53,789,53.9,0.0236,0,0,0,0
LS053959,2026-08-01,BR,Travel,16,Active,Verified,Low,Medium,16653.12,185,46.1,0.0253,2,0,0,0
LS046228,2026-08-01,US,Food & beverage,23,Active,Verified,Low,Medium,14527.83,354,32.1,0.0042,1,1,0,0
LS012826,2026-08-01,CR,Professional services,26,Active,Verified,Low,Medium,23291.6,162,21.7,0.0142,0,1,0,0
LS055968,2026-08-01,US,Retail,30,Active,Verified,Low,High,4296.4,58,45.8,0.0215,2,1,1,0
LS019151,2026-08-01,MX,Retail,36,Active,Verified,Low,Medium,27083.57,324,43.4,0.0106,1,0,1,0
LS017663,2026-08-01,MX,Food & beverage,35,Active,Pending,Low,High,11641.77,144,30.2,0.0028,0,1,0,0
LS035647,2026-08-01,CR,Food & beverage,10,Active,Verified,Low,High,39781.99,505,30.1,0.0031,0,1,0,0
LS057843,2026-08-01,US,Professional services,29,Active,Verified,Low,Medium,12151.0,186,40.2,0.0034,1,0,0,0
LS017997,2026-08-01,MX,Professional services,31,Active,Verified,Low,Low,3123.23,39,21.8,0.0179,1,1,0,0
LS035680,2026-08-01,US,Professional services,47,Active,Verified,Medium,Medium,15062.17,165,33.3,0.0094,1,0,0,0
LS025362,2026-08-01,MX,Professional services,12,Active,Verified,Medium,Medium,12281.26,187,4.0,0.0003,1,1,0,0
LS013917,2026-08-01,US,Digital goods,22,Active,Verified,Medium,Low,11060.83,181,25.4,0.005,2,1,1,0
LS001269,2026-08-01,US,Retail,15,Active,Verified,Low,Low,8728.9,54,27.0,0.0059,2,1,1,0
LS003519,2026-08-01,US,Food & beverage,38,Active,Verified,Low,Medium,12682.11,172,38.0,0.0154,2,1,0,0
LS015997,2026-08-01,MX,Professional services,67,Active,Verified,Low,Medium,43873.12,685,25.8,0.0305,2,1,1,0
LS047982,2026-08-01,US,Professional services,56,Active,Verified,Low,Medium,19390.91,464,14.8,0.0039,0,1,0,0
LS059273,2026-08-01,BR,Digital goods,32,Active,Expired,Low,Low,8859.04,193,31.2,0.0131,1,1,0,0
LS053173,2026-08-01,US,Retail,32,Active,Verified,Low,High,8629.19,110,4.0,0.0092,0,1,0,0
LS049674,2026-08-01,MX,Food & beverage,18,Active,Verified,Low,Medium,8529.26,115,14.0,0.007,1,1,0,0
LS058919,2026-08-01,US,Food & beverage,57,Active,Verified,Low,Medium,11596.17,146,18.3,0.0105,0,1,0,0
LS022469,2026-08-01,MX,Retail,30,Closed,Verified,Low,Medium,7329.89,136,4.0,0.0,0,0,0,0
LS000281,2026-08-01,US,Professional services,39,Active,Verified,Low,Medium,40227.92,491,5.3,0.0,1,1,0,0
LS038548,2026-08-01,US,Retail,18,Active,Verified,Low,Medium,5542.9,62,22.5,0.012,0,0,1,0
LS013848,2026-08-01,US,Digital goods,30,Active,Verified,Medium,High,1656.44,20,36.4,0.0235,0,1,0,1
LS006845,2026-08-01,BR,Retail,52,Active,Verified,Low,Low,4347.2,93,43.2,0.0213,3,1,0,0
LS027608,2026-08-01,US,Retail,56,Active,Expired,Low,High,14210.94,149,29.2,0.0143,1,1,1,0
LS029293,2026-08-01,US,Professional services,11,Active,Verified,Low,Medium,17413.42,268,6.4,0.0,1,0,0,0
LS029723,2026-08-01,MX,Digital goods,11,Active,Verified,Medium,Medium,4422.68,42,26.4,0.0171,1,0,0,0
LS032999,2026-08-01,US,Retail,84,Paused,Verified,Low,Low,197435.69,4243,46.0,0.0067,0,1,0,0
LS045411,2026-08-01,MX,Food & beverage,24,Active,Pending,Low,Medium,97125.32,2301,36.9,0.0093,1,1,0,0
LS014546,2026-08-01,MX,Food & beverage,13,Active,Verified,Medium,Low,17999.24,223,36.6,0.0261,0,1,0,0
LS025696,2026-08-01,US,Professional services,7,Active,Verified,Medium,Medium,5787.97,135,30.2,0.0112,0,0,0,0
LS052248,2026-08-01,US,Travel,77,Paused,Verified,Low,High,8974.4,119,21.3,0.0136,2,0,0,1
LS056880,2026-08-01,BR,Retail,11,Active,Verified,Low,Low,2927.08,33,28.9,0.0134,0,1,0,0
LS050486,2026-08-01,MX,Professional services,37,Paused,Verified,Low,High,12768.17,190,11.6,0.0036,0,1,0,0
LS036216,2026-08-01,US,Retail,30,Active,Verified,Low,High,10922.19,175,16.4,0.0005,0,1,1,0
LS019304,2026-08-01,MX,Retail,8,Paused,Pending,Low,Low,4855.35,57,25.5,0.0068,0,1,0,0
LS021931,2026-08-01,US,Retail,21,Active,Pending,Low,Medium,3703.8,37,24.2,0.001,0,0,0,1
LS030230,2026-08-01,US,Food & beverage,42,Paused,Verified,Low,Medium,15414.71,327,7.5,0.0103,0,1,0,0
LS035024,2026-08-01,US,Food & beverage,37,Active,Verified,Medium,Low,20551.96,271,32.8,0.0141,1,0,0,0
LS013572,2026-08-01,US,Digital goods,50,Active,Verified,Low,Medium,27843.03,279,7.8,0.0092,0,0,1,0
LS028144,2026-08-01,BR,Food & beverage,11,Active,Verified,Low,Low,13017.99,166,23.3,0.0062,1,1,1,0
LS007845,2026-08-01,US,Retail,22,Active,Verified,Low,Medium,12228.54,211,27.4,0.0,0,1,0,0
LS052318,2026-08-01,MX,Professional services,28,Active,Verified,Low,Medium,13744.34,190,38.2,0.0254,2,1,1,0
LS048303,2026-08-01,US,Retail,84,Active,Verified,Medium,High,4669.78,80,18.5,0.0105,1,1,0,0
LS000564,2026-08-01,MX,Retail,66,Active,Verified,Low,High,11333.01,125,25.9,0.0046,1,1,1,0
LS051392,2026-08-01,MX,Professional services,18,Active,Pending,Medium,Medium,14473.14,675,44.8,0.0164,1,1,0,0
LS058526,2026-08-01,BR,Professional services,20,Active,Pending,Low,Medium,14089.78,138,56.1,0.0151,1,1,0,0
LS029436,2026-08-01,MX,Retail,18,Active,Verified,Low,Medium,57216.37,512,35.2,0.0184,1,1,0,0
LS028332,2026-08-01,MX,Travel,20,Paused,Verified,High,Medium,11907.6,218,43.1,0.0073,0,1,0,0
LS034185,2026-08-01,US,Retail,47,Active,Verified,High,Medium,7103.98,88,26.8,0.0147,0,0,0,0
LS001707,2026-08-01,US,Food & beverage,43,Active,Verified,Low,Medium,11117.35,93,54.9,0.0186,2,1,0,0
LS035703,2026-08-01,MX,Food & beverage,21,Active,Verified,Medium,Medium,6450.79,100,21.4,0.0149,3,1,0,0
LS044733,2026-08-01,CR,Professional services,45,Paused,Verified,Medium,Low,41670.02,548,12.5,0.0033,0,1,0,0
LS036811,2026-08-01,US,Retail,19,Active,Verified,Low,Low,51016.01,529,35.1,0.0229,0,1,0,0
LS040554,2026-08-01,BR,Retail,42,Active,Verified,High,Medium,10579.77,134,16.0,0.0014,1,1,0,0
LS049767,2026-08-01,US,Professional services,24,Active,Verified,High,High,34669.95,777,44.3,0.0115,1,0,0,0
LS030160,2026-08-01,BR,Retail,15,Active,Verified,Low,Low,12009.09,268,47.0,0.0143,1,0,1,0
LS057775,2026-08-01,MX,Travel,35,Active,Verified,Medium,Medium,5884.17,120,14.4,0.0,0,1,0,0
LS059692,2026-08-01,MX,Retail,33,Active,Verified,Low,High,8127.63,95,30.2,0.0101,0,1,0,0
LS046130,2026-08-01,US,Digital goods,31,Active,Verified,Low,Low,9671.16,208,21.4,0.0031,0,0,1,0
LS011817,2026-08-01,US,Retail,11,Active,Verified,Medium,Medium,9580.41,135,37.3,0.0004,3,1,0,1
LS006959,2026-08-01,US,Food & beverage,12,Active,Verified,Medium,Low,5680.12,86,30.1,0.0169,1,0,1,0
LS039150,2026-08-01,MX,Retail,18,Active,Verified,Medium,High,10483.36,224,13.6,0.0,1,1,0,0
LS004437,2026-08-01,MX,Retail,13,Active,Verified,Medium,Medium,18407.65,140,26.2,0.0278,4,1,0,1
LS058598,2026-08-01,US,Food & beverage,7,Active,Verified,Low,Low,17315.04,205,32.2,0.0179,0,1,1,0
LS056290,2026-08-01,CR,Retail,7,Active,Verified,Low,Low,30644.09,419,20.5,0.0011,0,1,0,1
LS047880,2026-08-01,CR,Retail,16,Active,Verified,Low,Low,11055.42,130,41.6,0.0137,1,0,0,0
LS007433,2026-08-01,US,Professional services,21,Active,Verified,Low,Medium,17676.25,373,12.8,0.0,0,1,0,0
LS052511,2026-08-01,BR,Professional services,42,Active,Verified,Medium,Low,14815.87,345,26.2,0.0142,0,1,0,0
