date,country,platform,app_version,payment_method,acquisition_channel,checkout_starts,payment_attempts,payment_approvals,orders_completed,revenue_usd,checkout_support_contacts
2026-07-23,BR,Android,android-8.3,Digital wallet,Paid search,38,37,36,36,1618.39,0
2026-07-23,BR,iOS,ios-12.1,Card,Organic,59,55,48,48,2140.4,1
2026-07-18,US,Android,android-8.3,Digital wallet,Paid social,42,40,37,37,2868.28,0
2026-08-11,BR,iOS,ios-12.1,Digital wallet,Organic,26,25,23,23,1056.1,1
2026-08-06,CR,Android,android-8.3,Digital wallet,Paid search,17,17,16,16,863.17,0
2026-08-04,MX,iOS,ios-12.1,Bank transfer,Paid search,15,15,13,13,620.13,1
2026-08-01,MX,Web,web,Card,Organic,89,87,80,80,3970.05,2
2026-07-22,CR,Android,android-8.3,Digital wallet,Paid search,17,17,16,15,800.32,0
2026-08-16,MX,iOS,ios-12.1,Bank transfer,Organic,14,14,11,11,621.57,0
2026-07-31,US,iOS,ios-12.1,Card,Organic,79,75,67,67,5506.14,1
2026-08-15,US,iOS,ios-12.1,Digital wallet,Organic,68,67,63,63,5719.43,0
2026-07-08,MX,iOS,ios-12.1,Card,Organic,43,40,35,35,1946.2,1
2026-07-26,BR,Web,web,Card,Paid search,47,46,39,36,1618.74,1
2026-07-30,BR,iOS,ios-12.1,Card,Paid search,38,37,31,31,1493.29,0
2026-07-20,CR,iOS,ios-12.1,Bank transfer,Organic,8,8,8,8,458.07,0
2026-07-27,US,iOS,ios-12.1,Digital wallet,Paid social,22,22,22,22,1644.0,0
2026-07-30,US,Web,web,Card,Paid social,73,68,59,59,4394.52,0
2026-07-07,MX,Web,web,Digital wallet,Paid social,29,29,27,27,1155.89,0
2026-08-02,US,Web,web,Bank transfer,Paid search,38,37,30,30,2490.76,0
2026-08-06,BR,iOS,ios-12.1,Card,Paid social,24,22,19,17,676.49,0
2026-07-16,BR,Web,web,Card,Paid search,47,46,43,43,1953.3,0
2026-08-04,CR,iOS,ios-12.1,Digital wallet,Paid social,8,7,6,6,292.46,0
2026-08-07,US,Web,web,Digital wallet,Paid search,57,55,51,50,3885.23,0
2026-08-05,BR,Android,android-8.4,Bank transfer,Paid search,8,8,7,7,307.95,0
2026-07-17,BR,iOS,ios-12.1,Digital wallet,Organic,37,36,34,34,1612.09,0
2026-07-31,BR,Web,web,Card,Paid social,43,39,35,35,1322.18,0
2026-07-24,US,Android,android-8.3,Bank transfer,Paid social,33,33,24,23,1635.08,0
2026-08-06,MX,Web,web,Bank transfer,Organic,21,21,20,20,1066.39,1
2026-07-15,CR,iOS,ios-12.1,Bank transfer,Paid social,8,8,6,6,321.92,0
2026-07-16,MX,Android,android-8.3,Digital wallet,Paid social,27,26,26,26,1169.25,0
2026-07-18,BR,Web,web,Card,Organic,79,72,63,63,2542.09,0
2026-07-20,BR,iOS,ios-12.1,Card,Paid search,32,31,28,28,1206.79,1
2026-07-14,MX,Android,android-8.3,Digital wallet,Paid social,30,29,25,24,1121.06,0
2026-08-07,US,Android,android-8.3,Bank transfer,Organic,49,48,46,42,3270.14,1
2026-08-02,US,Web,web,Digital wallet,Paid search,62,61,56,56,4737.79,2
2026-08-14,CR,iOS,ios-12.1,Bank transfer,Paid search,8,8,7,7,388.96,0
2026-08-14,BR,iOS,ios-12.1,Bank transfer,Paid social,16,16,16,16,641.91,0
2026-08-15,BR,Android,android-8.3,Bank transfer,Organic,8,8,7,7,325.13,1
2026-07-11,US,iOS,ios-12.1,Digital wallet,Paid search,48,45,44,44,3875.57,0
2026-08-11,MX,Web,web,Digital wallet,Paid search,26,24,22,21,1017.47,0
2026-08-08,US,Web,web,Card,Paid search,90,88,84,84,6783.9,1
2026-07-26,BR,iOS,ios-12.1,Card,Organic,45,41,37,37,1743.43,1
2026-08-09,MX,Android,android-8.4,Bank transfer,Paid social,8,8,7,7,332.11,0
2026-07-21,MX,Web,web,Card,Organic,61,60,54,52,2622.72,0
2026-08-12,MX,iOS,ios-12.1,Digital wallet,Organic,39,39,37,37,2062.79,0
2026-08-13,MX,Android,android-8.3,Digital wallet,Organic,8,7,6,6,315.12,0
2026-08-04,BR,Android,android-8.3,Digital wallet,Organic,40,39,35,35,1594.28,0
2026-07-28,MX,iOS,ios-12.1,Bank transfer,Paid search,16,16,15,15,694.01,0
2026-08-10,US,Android,android-8.3,Bank transfer,Organic,41,41,36,35,2963.63,1
2026-07-14,US,Android,android-8.3,Digital wallet,Paid search,44,41,36,36,3068.06,0
2026-07-31,MX,Web,web,Bank transfer,Paid social,16,15,15,15,632.11,0
2026-07-28,US,Android,android-8.3,Bank transfer,Paid social,28,27,26,25,1933.47,0
2026-07-19,US,iOS,ios-12.1,Digital wallet,Organic,61,58,53,53,4697.96,0
2026-07-27,US,iOS,ios-12.1,Card,Organic,94,91,83,82,6945.94,0
2026-07-29,MX,Web,web,Bank transfer,Organic,21,21,20,20,928.62,0
2026-08-05,US,Android,android-8.3,Bank transfer,Paid search,22,22,20,20,1658.95,1
2026-07-12,CR,Android,android-8.3,Card,Organic,30,29,26,26,1328.89,0
2026-08-09,US,Android,android-8.3,Digital wallet,Paid social,43,43,40,40,2794.78,0
2026-07-25,US,iOS,ios-12.1,Card,Organic,108,106,94,93,7850.93,2
2026-08-07,MX,Android,android-8.3,Card,Paid search,47,46,43,43,1903.72,0
2026-07-06,MX,Android,android-8.3,Digital wallet,Organic,41,41,37,37,1807.68,0
2026-07-22,MX,Web,web,Card,,52,52,47,44,2419.11,1
2026-08-11,BR,Web,web,Card,Paid social,24,23,17,17,656.41,0
2026-08-03,BR,Android,android-8.3,Bank transfer,Paid social,11,11,9,9,349.35,0
2026-08-04,CR,iOS,ios-12.1,Bank transfer,Paid search,9,9,8,8,447.44,0
2026-07-21,MX,Android,android-8.3,Card,Paid social,44,42,39,38,1598.07,0
2026-08-13,MX,iOS,ios-12.1,Card,Organic,49,48,44,44,2324.89,0
2026-07-13,MX,iOS,ios-12.1,Card,Paid search,42,42,42,42,2045.38,0
2026-08-11,MX,iOS,ios-12.1,Bank transfer,Organic,21,21,20,20,1075.48,0
2026-08-04,CR,iOS,ios-12.1,Card,Paid social,11,10,9,9,459.83,0
2026-08-10,US,iOS,ios-12.1,Digital wallet,Paid search,43,40,38,38,3061.01,1
2026-07-31,MX,Web,web,Digital wallet,Paid social,33,31,29,29,1286.81,0
2026-07-13,MX,iOS,ios-12.1,Bank transfer,Organic,22,22,20,18,912.58,0
2026-08-07,US,Web,web,Bank transfer,Paid search,30,29,26,26,1940.34,0
2026-08-05,US,iOS,ios-12.1,Bank transfer,Organic,25,25,22,21,1675.68,0
2026-08-04,MX,iOS,ios-12.1,Bank transfer,Paid social,8,8,8,8,367.13,0
2026-08-03,US,iOS,ios-12.1,Bank transfer,,23,22,19,19,1614.33,1
2026-07-17,BR,Android,android-8.3,Card,Paid social,54,51,45,45,1767.5,0
2026-07-10,CR,Android,android-8.3,Bank transfer,Paid search,10,10,10,10,506.69,0
2026-08-06,CR,iOS,ios-12.1,Bank transfer,Organic,8,8,7,7,351.15,0
2026-08-07,MX,Web,web,Digital wallet,Paid social,30,28,26,26,1204.57,0
2026-07-22,MX,iOS,ios-12.1,Card,Paid social,29,27,27,27,1374.61,0
2026-08-10,BR,iOS,ios-12.1,Card,Paid social,26,25,22,21,765.92,0
2026-07-16,US,Web,web,Bank transfer,Paid search,32,30,28,27,2276.82,0
2026-07-06,BR,Android,android-8.3,Card,Paid search,49,47,40,40,1866.97,2
2026-08-02,CR,iOS,ios-12.1,Bank transfer,Paid search,8,8,6,6,310.4,0
2026-08-12,US,Web,web,Digital wallet,Paid social,42,41,37,37,2807.34,0
2026-07-14,BR,Android,android-8.3,Bank transfer,Paid search,9,9,8,8,365.95,0
2026-07-21,BR,Web,web,Digital wallet,Paid search,28,27,24,24,1098.77,0
2026-07-23,CR,iOS,ios-12.1,Digital wallet,Organic,14,13,13,13,725.31,0
2026-08-15,US,Web,web,Bank transfer,Organic,49,47,41,41,3392.96,0
2026-08-12,US,Web,web,Bank transfer,Paid search,32,30,28,27,2251.27,0
2026-07-20,CR,Web,web,Card,Paid search,18,16,14,14,687.67,1
2026-08-06,US,iOS,ios-12.1,Digital wallet,Organic,43,42,41,41,3654.69,1
2026-07-13,US,iOS,ios-12.1,Bank transfer,Paid social,11,11,11,11,777.17,0
2026-07-22,MX,iOS,ios-12.1,Card,Organic,48,45,38,38,1803.48,0
2026-07-19,US,Web,web,Card,Paid social,68,67,62,62,4947.11,0
2026-07-11,MX,Android,android-8.3,Card,Paid social,42,38,33,33,1425.94,1
2026-07-26,US,Android,android-8.3,Bank transfer,Paid search,23,22,18,18,1557.56,0
2026-08-14,CR,iOS,ios-12.1,Card,Organic,20,20,19,17,902.99,0
2026-07-08,US,Web,web,Digital wallet,Organic,77,73,71,70,5659.26,0
2026-07-07,BR,Web,web,Card,Organic,60,59,51,50,2111.65,1
2026-07-26,US,iOS,ios-12.1,Digital wallet,Paid search,40,37,37,36,2697.95,0
2026-07-09,US,Web,web,Card,Paid social,69,67,64,63,4514.22,1
2026-07-22,US,iOS,ios-12.1,Digital wallet,Organic,52,50,49,49,4305.62,2
2026-08-15,CR,iOS,ios-12.1,Digital wallet,Paid social,11,10,9,9,459.34,0
2026-07-12,CR,Android,android-8.3,Digital wallet,Organic,20,20,17,17,992.36,0
2026-07-25,CR,Android,android-8.3,Bank transfer,Paid social,8,8,7,6,291.05,0
2026-07-06,BR,iOS,ios-12.1,Card,Paid social,38,38,36,35,1442.95,1
2026-08-13,BR,Android,android-8.3,Bank transfer,Paid social,8,8,7,7,290.9,0
2026-07-27,BR,Android,android-8.3,Card,Paid social,34,34,32,32,1262.54,1
2026-08-03,MX,Android,android-8.4,Digital wallet,Paid social,8,6,6,6,265.73,0
2026-07-19,CR,iOS,ios-12.1,Bank transfer,Organic,8,8,4,4,218.94,0
2026-08-05,BR,Android,android-8.3,Card,Organic,40,39,32,32,1484.85,1
2026-07-31,US,Web,web,Card,Organic,131,130,121,121,10452.67,3
2026-07-11,MX,Web,web,Digital wallet,Paid search,44,44,42,42,2097.01,0
2026-07-22,US,Android,android-8.3,Bank transfer,Paid social,19,19,16,16,1201.12,0
2026-07-25,CR,Web,web,Digital wallet,Paid search,18,17,17,17,942.91,0
2026-08-15,MX,Android,android-8.4,Digital wallet,Organic,48,48,34,33,1670.99,4
2026-07-20,CR,iOS,ios-12.1,Card,Paid search,24,24,22,21,1113.34,1
2026-08-10,US,Web,web,Digital wallet,Paid social,53,52,52,52,4040.09,0
2026-07-07,US,Web,web,Digital wallet,Organic,77,76,72,72,6154.45,0
2026-08-08,BR,Android,android-8.3,Card,Paid search,44,43,38,38,1684.74,2
2026-08-15,BR,iOS,ios-12.1,Digital wallet,Paid social,22,21,20,20,838.64,1
2026-08-08,BR,Android,android-8.3,Card,Paid social,36,35,32,31,1326.97,0
2026-07-29,US,iOS,ios-12.1,Digital wallet,Paid social,26,25,24,24,1927.27,1
2026-07-07,CR,Android,android-8.3,Bank transfer,Organic,8,7,6,6,332.92,0
2026-07-31,BR,Web,web,Digital wallet,Paid social,20,20,20,20,789.73,0
2026-08-02,BR,Web,web,Card,Paid social,41,40,35,35,1401.94,1
2026-07-19,MX,iOS,ios-12.1,Digital wallet,Paid search,23,22,19,19,871.97,0
2026-08-06,MX,Web,web,Digital wallet,Organic,58,57,52,51,2675.98,3
2026-07-30,MX,Web,web,Digital wallet,Organic,55,54,49,47,2437.97,0
2026-08-13,US,Web,web,Digital wallet,Organic,95,91,86,86,7478.15,1
2026-08-16,CR,iOS,ios-12.1,Bank transfer,Organic,9,9,9,8,427.99,1
2026-08-15,BR,Web,web,Card,Paid social,37,35,31,31,1246.92,0
2026-07-22,MX,Web,web,Bank transfer,Paid search,18,18,14,14,672.83,0
2026-07-15,CR,Web,web,Bank transfer,Paid social,8,7,5,5,250.5,0
2026-08-11,US,iOS,ios-12.1,Digital wallet,Organic,48,46,44,44,3501.1,1
2026-07-25,MX,iOS,ios-12.1,Digital wallet,Paid search,24,24,23,23,1087.35,0
2026-07-16,BR,iOS,ios-12.1,Card,Paid search,24,24,19,19,864.94,0
2026-07-07,BR,iOS,ios-12.1,Bank transfer,Paid search,12,12,8,7,314.68,0
2026-07-06,US,iOS,ios-12.1,Digital wallet,Paid search,40,40,36,35,2647.24,0
2026-08-05,BR,Android,android-8.4,Card,Paid social,8,8,7,7,269.33,0
2026-07-15,CR,Android,android-8.3,Digital wallet,Paid search,15,15,14,14,762.59,0
2026-08-12,MX,Android,android-8.4,Bank transfer,Paid search,15,15,14,14,646.72,0
2026-07-20,US,iOS,ios-12.1,Bank transfer,Organic,30,29,27,27,2223.66,0
2026-07-26,BR,Android,android-8.3,Card,Paid social,40,39,32,31,1166.66,1
2026-08-14,CR,iOS,ios-12.1,Bank transfer,Paid social,10,9,9,9,462.19,0
2026-07-18,CR,Android,android-8.3,Bank transfer,Organic,10,9,9,9,528.25,0
2026-08-14,MX,Android,android-8.3,Card,Paid social,10,9,8,8,383.53,0
2026-08-08,CR,Android,android-8.3,Bank transfer,Paid search,8,8,8,8,433.83,0
2026-07-13,CR,Web,web,Digital wallet,Paid search,15,14,14,14,716.96,0
2026-07-24,MX,Android,android-8.3,Card,Paid search,61,58,53,52,2364.27,2
2026-08-08,BR,Android,android-8.4,Card,Organic,11,11,10,10,409.73,0
2026-07-29,BR,iOS,ios-12.1,Bank transfer,Paid search,17,17,15,15,634.72,1
2026-07-18,CR,iOS,ios-12.1,Digital wallet,Paid social,11,11,10,10,472.13,1
2026-08-02,MX,Web,web,Bank transfer,Paid social,19,19,17,17,739.03,0
2026-07-29,US,Android,android-8.3,Card,Organic,129,126,113,112,9184.66,2
2026-07-27,CR,Android,android-8.3,Bank transfer,Paid search,8,8,8,8,390.96,0
2026-07-14,CR,Web,web,Card,Paid social,17,17,17,17,833.05,0
2026-07-20,MX,Web,web,Bank transfer,Paid search,15,15,13,13,622.9,0
2026-08-07,BR,Web,web,Digital wallet,Organic,53,52,49,49,2120.59,0
2026-07-22,CR,Android,android-8.3,Card,Paid social,16,15,14,14,665.86,0
2026-07-18,MX,iOS,ios-12.1,Bank transfer,Organic,30,30,29,29,1530.64,2
2026-07-19,MX,Android,android-8.3,Digital wallet,Organic,59,56,53,52,2756.55,0
2026-08-06,US,Web,web,Card,Paid search,85,81,75,74,6487.59,0
2026-08-08,CR,iOS,ios-12.1,Digital wallet,Paid search,8,7,6,6,330.19,0
2026-07-13,MX,Web,web,Card,Paid social,43,42,38,38,1643.07,1
2026-07-11,CR,iOS,ios-12.1,Bank transfer,Paid search,8,8,8,8,420.5,0
2026-07-20,US,Android,android-8.3,Digital wallet,Paid search,55,54,51,51,4384.25,1
2026-07-07,CR,Web,web,Bank transfer,Paid search,9,7,7,7,352.76,0
2026-08-16,MX,Android,android-8.4,Digital wallet,Paid social,35,32,27,27,1301.23,0
2026-08-02,BR,iOS,ios-12.1,Digital wallet,Paid social,20,20,19,19,720.56,0
2026-08-13,US,iOS,ios-12.1,Card,Paid social,46,43,36,36,2756.04,0
2026-07-16,CR,Android,android-8.3,Card,Organic,27,24,22,22,1222.57,0
2026-07-16,BR,Web,web,Digital wallet,Organic,47,43,38,38,1761.93,0
2026-07-28,US,Web,web,Card,Paid social,67,63,58,55,4326.18,0
2026-08-13,BR,Android,android-8.4,Digital wallet,Paid search,32,32,25,25,1050.6,4
2026-07-20,MX,Web,web,Card,Paid social,38,37,32,32,1333.81,0
2026-08-10,CR,iOS,ios-12.1,Card,Paid social,10,10,7,7,346.03,0
2026-08-10,MX,Android,android-8.4,Bank transfer,Paid social,14,13,11,11,519.48,0
2026-07-16,CR,iOS,ios-12.1,Card,Paid search,14,14,12,12,632.81,0
2026-07-26,US,Web,web,Bank transfer,Organic,46,44,41,41,3255.14,0
2026-07-20,BR,Web,web,Digital wallet,Paid social,30,26,24,24,885.69,0
2026-07-25,MX,Android,android-8.3,Bank transfer,Organic,30,30,28,26,1270.9,1
2026-07-09,BR,iOS,ios-12.1,Bank transfer,Paid social,8,8,7,7,304.05,0
2026-08-02,US,Web,web,Bank transfer,Paid social,22,20,20,20,1444.27,0
2026-07-14,CR,Android,android-8.3,Digital wallet,Paid search,14,14,14,14,693.95,0
2026-07-11,MX,iOS,ios-12.1,Digital wallet,Organic,37,37,36,36,1729.26,0
2026-07-09,MX,iOS,ios-12.1,Bank transfer,Organic,19,19,15,15,737.7,0
2026-08-01,BR,Web,web,Bank transfer,Paid search,19,18,17,16,741.32,0
2026-07-18,BR,Android,android-8.3,Card,Paid social,30,29,28,28,1195.1,0
2026-07-13,BR,Android,android-8.3,Digital wallet,Organic,47,45,40,39,1794.52,1
2026-08-07,US,iOS,ios-12.1,Bank transfer,Organic,28,26,22,21,1899.96,0
2026-07-29,BR,Android,android-8.3,Bank transfer,Organic,20,20,18,18,821.37,0
2026-07-06,BR,iOS,ios-12.1,Bank transfer,Organic,17,17,16,16,760.79,1
2026-07-29,BR,Web,web,Digital wallet,Organic,48,46,40,40,2014.44,0
2026-07-14,CR,Web,web,Digital wallet,Paid social,13,13,11,11,603.1,0
2026-07-28,MX,iOS,ios-12.1,Card,Paid search,36,35,33,33,1506.84,0
2026-07-22,BR,Android,android-8.3,Bank transfer,Paid search,21,20,19,19,812.17,1
2026-07-20,MX,Android,android-8.3,Digital wallet,Organic,37,36,34,33,1682.16,0
2026-07-06,MX,iOS,ios-12.1,Digital wallet,Paid social,19,18,18,18,846.34,0
2026-08-11,MX,Web,web,Digital wallet,Paid social,24,22,17,17,759.01,0
2026-07-09,MX,Android,android-8.3,Bank transfer,Paid search,11,11,9,9,392.65,0
2026-07-23,CR,iOS,ios-12.1,Card,Paid search,17,17,15,15,831.97,0
2026-07-18,CR,iOS,ios-12.1,Card,Paid search,25,24,23,23,1230.18,0
2026-07-29,CR,Web,web,Card,Paid search,15,15,13,13,683.58,0
2026-07-13,US,Web,web,Digital wallet,Organic,89,87,84,83,7524.15,1
2026-08-15,MX,Android,android-8.4,Card,Organic,71,68,64,64,3282.69,2
2026-08-04,MX,Android,android-8.4,Bank transfer,Paid search,8,8,7,6,289.92,0
2026-08-12,BR,Android,android-8.4,Card,Organic,68,67,60,58,2821.29,0
2026-08-15,CR,Android,android-8.3,Digital wallet,Paid social,16,16,15,15,714.58,0
2026-07-21,CR,Web,web,Card,Paid search,13,13,12,12,597.15,2
2026-07-07,BR,iOS,ios-12.1,Card,Organic,46,46,38,36,1580.03,0
2026-07-26,BR,Android,android-8.3,Bank transfer,Paid search,13,13,11,11,494.13,0
2026-07-31,CR,iOS,ios-12.1,Card,Organic,33,29,27,27,1540.86,0
2026-07-25,CR,iOS,ios-12.1,Card,Paid search,14,13,13,13,652.18,0
2026-07-15,CR,Android,android-8.3,Digital wallet,Paid search,15,15,14,14,762.59,0
2026-07-23,US,iOS,ios-12.1,Bank transfer,Paid search,21,20,18,18,1462.87,0
2026-08-01,MX,Android,android-8.3,Bank transfer,Paid social,12,12,11,11,522.68,0
2026-08-01,US,iOS,ios-12.1,Digital wallet,Organic,72,68,65,65,5507.56,0
2026-08-06,BR,iOS,ios-12.1,Card,Paid search,35,34,30,30,1282.52,0
2026-07-17,BR,Android,android-8.3,Card,Paid search,53,50,50,49,2084.07,3
2026-07-26,MX,Web,web,Card,Organic,77,72,67,67,3381.8,1
2026-08-12,CR,Web,web,Card,Paid search,22,22,21,21,1151.15,0
2026-07-24,BR,Web,web,Bank transfer,Paid search,17,17,15,14,637.87,1
2026-07-26,CR,Android,android-8.3,Bank transfer,Organic,12,11,11,11,665.84,0
2026-07-20,CR,iOS,ios-12.1,Card,Paid social,17,16,16,15,668.45,0
2026-07-14,MX,Android,android-8.3,Card,Paid social,48,47,42,42,1753.15,0
2026-08-04,BR,iOS,ios-12.1,Digital wallet,Paid search,29,28,26,25,1092.26,0
2026-08-05,MX,Web,web,Bank transfer,Paid search,21,21,20,19,1003.28,0
2026-07-27,MX,Web,web,Bank transfer,Paid social,14,13,13,13,579.97,0
2026-07-13,BR,Web,web,Digital wallet,Paid search,31,31,29,29,1237.8,0
2026-08-12,MX,Android,android-8.4,Card,Organic,53,50,46,46,2437.73,1
2026-07-18,MX,iOS,ios-12.1,Digital wallet,Organic,29,29,28,28,1467.81,0
2026-08-10,MX,Android,android-8.4,Digital wallet,Paid search,26,26,16,16,725.18,2
2026-08-03,MX,iOS,ios-12.1,Bank transfer,Organic,23,22,20,20,1096.42,0
2026-07-28,MX,iOS,ios-12.1,Digital wallet,Paid social,17,14,13,13,595.05,0
2026-07-25,BR,Web,web,Card,Organic,76,72,65,64,2821.31,0
2026-08-03,CR,Web,web,Bank transfer,Organic,8,7,6,6,328.84,0
2026-07-07,CR,Android,android-8.3,Digital wallet,Paid search,11,11,9,9,513.09,0
2026-07-15,US,iOS,ios-12.1,Digital wallet,Paid search,43,42,40,39,3299.93,0
2026-07-07,US,iOS,ios-12.1,Bank transfer,Paid social,16,16,12,12,927.29,0
2026-08-13,US,iOS,ios-12.1,Digital wallet,Paid search,36,35,33,33,2642.52,0
2026-08-06,US,iOS,ios-12.1,Card,Paid social,39,36,34,34,2456.01,0
2026-08-04,US,iOS,ios-12.1,Card,Paid social,46,46,40,39,3057.2,1
2026-07-07,MX,iOS,ios-12.1,Digital wallet,Organic,37,37,34,34,1862.42,0
2026-08-05,BR,Web,web,Digital wallet,Organic,36,36,33,31,1413.16,0
2026-07-17,CR,iOS,ios-12.1,Digital wallet,Organic,14,14,12,12,691.49,0
2026-07-15,CR,iOS,ios-12.1,Digital wallet,Paid social,8,8,8,8,359.38,0
2026-08-03,CR,Android,android-8.3,Card,Paid search,17,17,15,14,735.59,0
2026-08-10,CR,iOS,ios-12.1,Digital wallet,Organic,11,11,11,10,520.86,0
2026-08-15,MX,iOS,ios-12.1,Digital wallet,Paid social,26,23,22,22,900.31,0
2026-08-16,MX,Android,android-8.4,Bank transfer,Paid social,8,8,8,8,336.06,0
2026-07-15,CR,iOS,ios-12.1,Digital wallet,Organic,12,11,11,11,593.41,0
2026-08-12,MX,iOS,ios-12.1,Bank transfer,Organic,15,15,13,13,669.3,0
2026-08-13,CR,iOS,ios-12.1,Card,Paid search,22,22,22,22,1185.64,1
2026-07-21,CR,iOS,ios-12.1,Card,Organic,15,15,13,13,748.31,0
2026-08-03,US,Android,android-8.3,Bank transfer,Organic,35,34,27,27,2247.0,0
2026-08-13,MX,iOS,ios-12.1,Bank transfer,Paid social,11,11,10,10,451.78,0
2026-07-15,BR,Android,android-8.3,Bank transfer,Paid social,14,13,13,13,504.43,1
2026-08-01,US,iOS,ios-12.1,Bank transfer,Organic,35,35,32,32,2633.11,0
2026-07-29,CR,Android,android-8.3,Bank transfer,Paid social,8,8,6,6,309.84,0
2026-07-12,US,Web,web,Bank transfer,Paid social,12,12,11,11,811.67,0
2026-07-13,US,Android,android-8.3,Bank transfer,Paid search,31,30,26,25,2113.93,0
2026-08-08,US,iOS,ios-12.1,Bank transfer,Paid social,20,17,12,12,883.13,0
2026-07-18,CR,Android,android-8.3,Card,Paid search,32,31,28,28,1517.48,0
2026-07-26,US,iOS,ios-12.1,Bank transfer,Paid search,20,19,15,14,1131.68,0
2026-07-10,US,Android,android-8.3,Card,Paid social,70,69,61,60,4182.12,0
2026-08-13,CR,iOS,ios-12.1,Card,Organic,31,29,29,29,1517.11,0
2026-08-01,CR,iOS,ios-12.1,Card,Paid search,17,16,15,14,785.53,1
2026-08-13,US,Web,web,Bank transfer,Organic,39,38,32,32,2884.74,0
2026-08-07,MX,iOS,ios-12.1,Digital wallet,Paid search,35,35,34,34,1699.45,1
2026-07-27,CR,Android,android-8.3,Bank transfer,Paid social,8,8,8,8,399.14,0
2026-07-31,CR,Web,web,Digital wallet,Paid search,12,12,10,10,551.73,0
2026-08-15,BR,Android,android-8.4,Card,Paid social,39,39,35,34,1388.41,0
2026-07-08,US,iOS,ios-12.1,Bank transfer,Organic,23,23,20,20,1815.59,0
2026-07-08,CR,iOS,ios-12.1,Card,Paid social,10,10,10,10,468.98,0
2026-07-14,CR,Web,web,Card,Paid search,31,31,27,27,1409.58,0
2026-08-07,BR,iOS,ios-12.1,Card,Paid search,28,27,24,24,1064.76,0
2026-07-27,BR,iOS,ios-12.1,Card,Paid search,37,37,35,35,1727.98,0
2026-07-17,US,Android,android-8.3,Bank transfer,Paid search,27,27,22,22,1723.09,1
2026-07-08,US,Web,web,Card,Organic,105,100,88,87,8081.5,2
2026-07-11,MX,Web,web,Digital wallet,Organic,72,69,65,65,3154.35,0
2026-08-10,MX,iOS,ios-12.1,Digital wallet,Paid search,19,19,17,17,859.49,0
2026-08-15,MX,Web,web,Card,Paid search,59,56,50,50,2459.24,0
2026-07-27,BR,iOS,ios-12.1,Digital wallet,Organic,37,36,32,32,1433.27,2
2026-08-03,BR,iOS,ios-12.1,Digital wallet,Paid social,-1,16,13,13,533.0,0
2026-07-19,BR,Web,web,Bank transfer,Paid search,17,17,16,16,738.64,1
2026-08-15,MX,Web,web,Bank transfer,Organic,32,30,29,29,1465.95,0
2026-08-08,CR,Web,web,Digital wallet,Organic,25,24,23,22,1153.75,0
2026-08-04,BR,Android,android-8.4,Card,Paid search,11,11,10,10,438.68,0
2026-07-27,BR,Android,android-8.3,Digital wallet,Organic,46,43,40,37,1625.51,1
2026-07-07,CR,Android,android-8.3,Digital wallet,Paid social,8,8,8,8,393.72,0
2026-08-05,US,Android,android-8.3,Digital wallet,Paid search,54,51,50,50,3884.84,1
2026-08-14,BR,Web,web,Bank transfer,Organic,23,23,22,22,1051.99,0
2026-08-14,BR,Android,android-8.4,Card,Organic,68,67,63,63,3025.06,0
2026-08-04,MX,Android,android-8.3,Bank transfer,Paid social,20,19,17,17,712.5,0
2026-07-15,CR,Web,web,Bank transfer,Paid search,12,12,10,10,489.26,0
2026-07-21,BR,iOS,ios-12.1,Card,Paid social,31,30,30,29,1178.27,0
2026-08-05,CR,iOS,ios-12.1,Digital wallet,Paid search,11,11,10,10,517.21,0
2026-08-04,BR,Web,web,Bank transfer,Paid search,28,25,23,23,1004.2,0
2026-07-15,BR,Web,web,Card,Paid search,44,43,38,37,1591.72,0
2026-08-04,MX,iOS,ios-12.1,Card,Paid search,46,46,43,43,2088.53,0
2026-07-25,CR,Android,android-8.3,Digital wallet,Organic,25,25,24,23,1208.09,0
2026-07-29,CR,Web,web,Card,Paid social,20,15,14,14,668.66,2
2026-08-12,CR,Web,web,Digital wallet,Paid search,18,18,17,16,897.91,0
2026-08-07,US,Android,android-8.3,Digital wallet,Organic,62,59,57,55,5178.1,0
2026-08-13,MX,iOS,ios-12.1,Bank transfer,Paid search,11,11,11,10,484.82,0
2026-07-28,MX,Android,android-8.3,Card,Paid search,39,36,35,32,1567.63,0
2026-08-10,MX,iOS,ios-12.1,Bank transfer,Organic,20,20,17,17,952.46,0
2026-07-26,CR,iOS,ios-12.1,Digital wallet,Paid social,8,8,6,6,307.04,0
2026-07-23,MX,Android,android-8.3,Bank transfer,Paid social,17,17,17,17,784.01,0
2026-07-12,BR,Android,android-8.3,Digital wallet,Paid social,28,27,24,22,827.86,0
2026-08-10,US,iOS,ios-12.1,Digital wallet,Organic,54,53,49,48,3918.65,0
2026-08-04,MX,Web,web,Bank transfer,Paid social,12,11,10,10,451.58,0
2026-08-11,BR,Web,web,Digital wallet,Paid search,24,23,22,21,864.77,0
2026-08-08,MX,Web,web,Bank transfer,Paid social,15,14,14,14,645.34,0
2026-07-15,MX,Web,web,Bank transfer,Organic,16,16,15,15,788.14,0
2026-07-08,US,iOS,ios-12.1,Bank transfer,Paid social,17,17,16,15,1052.35,0
2026-08-05,MX,Web,web,Card,Paid social,41,39,33,33,1522.95,0
2026-08-10,CR,Android,android-8.3,Bank transfer,Paid search,8,8,6,6,327.65,0
2026-07-27,CR,Web,web,Digital wallet,Organic,20,20,18,18,1009.13,0
2026-07-09,US,iOS,ios-12.1,Digital wallet,Organic,51,49,44,43,3885.57,0
2026-07-21,CR,iOS,ios-12.1,Card,Paid search,17,16,16,16,871.73,1
2026-07-09,US,Android,android-8.3,Bank transfer,Organic,51,47,36,36,3368.1,0
2026-07-26,BR,Web,web,Bank transfer,Organic,22,21,20,19,857.45,0
2026-07-22,CR,Web,web,Card,Paid social,18,16,14,14,637.32,0
2026-07-08,BR,iOS,ios-12.1,Bank transfer,Organic,20,20,17,17,768.23,0
2026-07-21,CR,Android,android-8.3,Bank transfer,Paid social,8,8,8,8,391.47,1
2026-07-18,CR,Web,web,Card,Paid social,18,15,15,15,770.58,0
2026-08-11,MX,iOS,ios-12.1,Card,Paid search,30,30,26,26,1186.24,1
2026-07-22,CR,Web,web,Bank transfer,Paid social,8,8,8,8,376.51,1
2026-08-09,BR,iOS,ios-12.1,Bank transfer,Paid social,8,8,7,7,296.98,0
2026-08-07,US,iOS,ios-12.1,Bank transfer,Paid social,18,18,17,15,1010.81,0
2026-08-03,MX,iOS,ios-12.1,Bank transfer,Paid social,13,13,11,10,435.68,0
2026-07-16,US,Android,android-8.3,Digital wallet,Paid search,51,48,46,44,3691.41,0
2026-07-10,MX,Android,android-8.3,Digital wallet,Paid search,39,38,36,36,1859.3,0
2026-08-03,BR,Web,web,Digital wallet,Organic,43,42,39,38,1812.0,1
2026-07-15,CR,Android,android-8.3,Card,Paid social,22,19,19,19,887.77,0
2026-07-27,BR,Web,web,Bank transfer,Paid search,19,18,16,16,702.38,0
2026-07-17,BR,Android,android-8.3,Bank transfer,Paid search,22,22,20,20,841.98,0
2026-08-14,BR,iOS,ios-12.1,Digital wallet,Paid search,23,19,17,17,741.45,0
2026-07-09,MX,Android,android-8.3,Card,Organic,69,66,55,55,2976.17,2
2026-07-18,MX,iOS,ios-12.1,Bank transfer,Paid social,9,9,6,6,268.83,0
2026-07-30,US,iOS,ios-12.1,Card,Organic,83,77,70,70,5750.33,2
2026-07-13,BR,Web,web,Digital wallet,Paid social,35,32,31,31,1204.97,0
2026-08-15,MX,Web,web,Bank transfer,Paid social,26,25,19,19,825.27,1
2026-08-09,CR,Web,web,Bank transfer,Paid search,12,11,11,11,579.11,0
2026-08-10,BR,Android,android-8.3,Digital wallet,Organic,8,8,8,8,352.78,0
2026-07-16,MX,Web,web,Bank transfer,Paid social,18,17,16,16,644.07,0
2026-08-12,MX,Android,android-8.4,Card,Paid search,42,41,37,36,1757.42,0
2026-07-23,US,Android,android-8.3,Card,Paid search,73,71,64,62,4845.41,1
2026-07-19,BR,Web,web,Card,Paid search,49,47,42,42,1771.0,1
2026-08-09,US,iOS,ios-12.1,Bank transfer,Organic,28,28,27,27,2364.45,0
2026-08-03,CR,Android,android-8.3,Bank transfer,Paid search,12,12,11,11,551.91,0
2026-07-27,US,iOS,ios-12.1,Card,Paid social,45,43,37,36,2957.73,0
2026-08-11,CR,Web,web,Card,Paid search,19,18,14,14,781.01,0
2026-07-16,US,iOS,ios-12.1,Digital wallet,Paid search,31,30,26,26,2172.08,0
2026-08-03,CR,iOS,ios-12.1,Bank transfer,Paid search,8,8,8,8,417.75,1
2026-07-22,BR,Web,web,Card,Paid social,36,35,33,33,1314.32,0
2026-07-12,CR,Web,web,Digital wallet,Organic,16,15,15,15,799.67,0
2026-08-05,US,Web,web,Card,Paid social,54,52,50,49,3307.7,0
2026-07-26,US,iOS,ios-12.1,Card,Paid social,50,47,39,38,3108.2,1
2026-08-13,US,Android,android-8.3,Card,Organic,116,113,102,102,7916.68,1
2026-07-18,US,Web,web,Digital wallet,Paid search,58,58,57,56,4594.29,0
2026-07-21,BR,iOS,ios-12.1,Digital wallet,Organic,30,29,27,27,1247.5,1
2026-08-14,CR,Web,web,Bank transfer,Paid social,8,8,8,8,402.73,0
2026-08-15,MX,Android,android-8.3,Bank transfer,Paid search,8,8,8,8,391.65,0
2026-07-26,CR,Android,android-8.3,Card,Paid search,13,12,11,11,606.58,0
2026-07-30,BR,Android,android-8.3,Digital wallet,Organic,43,42,39,39,1704.52,0
2026-08-07,US,iOS,ios-12.1,Digital wallet,Paid search,35,31,27,27,2397.83,0
2026-08-16,BR,Web,web,Bank transfer,Organic,25,25,22,22,1045.17,0
2026-08-10,US,iOS,ios-12.1,Card,Paid social,37,36,33,32,2363.45,0
2026-07-10,CR,Android,android-8.3,Digital wallet,Organic,21,20,18,18,924.67,0
2026-08-08,US,Android,android-8.3,Card,Paid search,107,103,93,93,8061.5,0
2026-07-09,CR,iOS,ios-12.1,Digital wallet,Paid social,8,7,7,7,322.81,0
2026-07-17,BR,Web,web,Digital wallet,Paid social,24,23,19,19,792.87,0
2026-07-30,MX,Android,android-8.3,Digital wallet,Organic,47,46,44,44,2273.98,0
2026-08-16,MX,Android,android-8.3,Bank transfer,Paid social,8,8,7,7,333.31,0
2026-08-09,US,Android,android-8.3,Bank transfer,Paid social,24,21,18,18,1380.5,0
2026-07-07,MX,Android,android-8.3,Card,,72,70,62,61,2947.18,0
2026-07-10,MX,Web,web,Digital wallet,Organic,60,57,53,53,2680.38,0
2026-07-24,US,iOS,ios-12.1,Card,Organic,108,105,92,92,7614.57,0
2026-08-11,US,iOS,ios-12.1,Card,Paid search,65,63,60,60,5199.99,0
2026-08-01,BR,Web,web,Digital wallet,Organic,34,32,30,29,1431.8,1
2026-08-08,BR,Android,android-8.3,Digital wallet,Organic,39,39,37,37,1630.21,0
2026-08-08,US,iOS,ios-12.1,Card,Paid social,65,63,57,57,4200.34,1
2026-08-10,MX,iOS,ios-12.1,Card,Paid search,29,25,25,25,1140.33,1
2026-08-14,CR,Android,android-8.3,Card,Organic,25,25,25,25,1385.1,0
2026-08-11,MX,Web,web,Card,Organic,65,64,58,58,2434.48,0
2026-08-15,CR,Web,web,Card,Organic,31,31,28,28,1634.48,0
2026-07-17,CR,iOS,ios-12.1,Card,Paid search,22,22,20,20,1097.52,1
2026-07-12,US,iOS,ios-12.1,Digital wallet,Organic,52,48,45,43,3365.44,0
2026-07-23,CR,Android,android-8.3,Bank transfer,Paid social,9,9,7,7,338.62,1
2026-07-30,CR,Android,android-8.3,Digital wallet,Paid social,8,8,6,6,301.14,0
2026-07-18,MX,Android,android-8.3,Digital wallet,Paid search,39,39,38,37,1791.3,1
2026-08-07,BR,iOS,ios-12.1,Card,Organic,57,55,47,46,1896.47,0
2026-07-27,US,Android,android-8.3,Bank transfer,Paid social,35,34,31,30,2236.57,0
2026-07-10,BR,Web,web,Bank transfer,Paid social,15,15,14,14,524.06,0
2026-07-06,US,Web,web,Digital wallet,Paid social,30,28,22,22,1452.79,0
2026-08-04,US,iOS,ios-12.1,Bank transfer,Paid search,25,25,23,23,2050.34,0
2026-08-15,mx,Web,web,Digital wallet,Paid social,43,39,36,35,1682.97,0
2026-08-07,US,Web,web,Digital wallet,Organic,93,88,85,84,7493.39,0
2026-08-16,MX,iOS,ios-12.1,Bank transfer,Paid search,21,21,18,18,828.64,0
2026-08-02,BR,iOS,ios-12.1,Card,Organic,43,40,36,35,1490.85,1
2026-07-08,MX,Android,android-8.3,Card,Organic,63,62,56,55,2927.0,0
2026-07-18,CR,iOS,ios-12.1,Card,Organic,24,24,21,20,1115.94,0
2026-07-27,MX,Android,android-8.3,Bank transfer,Paid search,13,13,12,12,568.44,0
2026-07-22,CR,Android,android-8.3,Bank transfer,Paid search,8,8,7,7,405.83,0
2026-07-15,CR,Web,web,Card,Paid social,21,18,14,14,634.97,0
2026-08-16,MX,Android,android-8.4,Digital wallet,Organic,56,55,38,37,1844.87,1
2026-08-04,US,Android,android-8.3,Card,Paid social,68,65,59,58,4351.4,0
2026-07-27,CR,Android,android-8.3,Digital wallet,Paid search,16,16,16,16,840.54,0
2026-08-02,CR,Android,android-8.3,Card,,10,9,8,8,339.28,0
2026-07-17,CR,Android,android-8.3,Bank transfer,Paid social,8,7,6,6,292.99,0
2026-07-26,US,Web,web,Digital wallet,Organic,56,56,53,52,4542.02,1
2026-07-15,US,Web,web,Digital wallet,Organic,73,70,64,63,5243.43,1
2026-08-14,US,Web,web,Digital wallet,Paid search,54,52,51,48,3891.92,0
2026-08-06,MX,iOS,ios-12.1,Digital wallet,Paid search,24,23,20,20,1027.92,0
2026-07-15,MX,iOS,ios-12.1,Card,Paid social,34,32,30,30,1377.05,0
2026-08-01,US,Android,android-8.3,Card,Paid social,73,71,67,65,4647.89,0
2026-07-12,BR,Web,web,Bank transfer,Paid social,22,21,19,19,811.56,0
2026-07-16,CR,Web,web,Bank transfer,Paid search,8,7,7,6,309.21,0
2026-07-18,CR,Android,android-8.3,Digital wallet,Paid social,13,12,11,11,525.37,0
2026-08-11,US,Web,web,Digital wallet,Paid social,45,43,41,41,3230.31,0
2026-08-05,BR,Android,android-8.3,Digital wallet,Paid search,22,21,20,20,922.47,0
2026-08-12,BR,Android,android-8.3,Digital wallet,Paid search,8,7,7,7,306.36,0
2026-07-07,CR,Web,web,Bank transfer,Paid social,9,7,6,6,283.46,0
2026-08-16,CR,Web,web,Digital wallet,Paid social,12,12,11,11,550.52,1
2026-08-14,BR,Android,android-8.4,Card,Paid social,25,24,23,23,958.82,1
2026-08-13,BR,Android,android-8.4,Bank transfer,Paid search,9,8,7,7,308.93,0
2026-07-30,US,Android,android-8.3,Bank transfer,Paid search,36,34,30,29,2512.98,2
2026-08-15,CR,Android,android-8.3,Bank transfer,Organic,12,12,10,10,571.6,0
2026-07-26,BR,iOS,ios-12.1,Bank transfer,Paid search,17,16,12,11,485.94,1
2026-07-29,CR,Android,android-8.3,Card,Paid search,19,18,18,18,910.27,0
2026-07-27,BR,Web,web,Digital wallet,Paid search,32,32,31,31,1235.81,0
2026-07-13,MX,Web,web,Bank transfer,Paid social,14,14,11,11,519.54,1
2026-07-09,BR,Android,android-8.3,Digital wallet,Paid social,25,25,23,22,848.21,0
2026-08-12,CR,Android,android-8.3,Bank transfer,Paid search,8,8,7,7,357.94,0
2026-07-31,US,iOS,ios-12.1,Card,Paid social,62,59,55,55,4509.25,0
2026-07-20,BR,Android,android-8.3,Digital wallet,Paid social,40,38,36,36,1483.31,0
2026-07-26,BR,Web,web,Digital wallet,Paid social,18,17,17,17,732.68,0
2026-08-13,CR,iOS,ios-12.1,Digital wallet,Organic,10,9,9,9,482.84,0
2026-07-24,CR,Android,android-8.3,Bank transfer,Paid search,11,11,11,10,521.59,0
2026-08-07,US,Web,web,Bank transfer,Organic,56,54,49,48,3799.14,0
2026-07-24,BR,Web,web,Card,Paid social,56,55,47,47,1811.13,0
2026-07-24,CR,Android,android-8.3,Card,Paid search,31,30,27,26,1477.25,3
2026-08-03,CR,iOS,ios-12.1,Card,Paid social,8,8,8,8,401.46,0
2026-07-22,US,Android,android-8.3,Card,Organic,108,107,96,94,8154.22,3
2026-07-22,US,iOS,ios-12.1,Card,Organic,77,76,69,69,5983.35,1
2026-07-16,CR,iOS,ios-12.1,Digital wallet,Paid search,11,10,10,10,545.62,2
2026-07-19,MX,Web,web,Digital wallet,Paid search,44,43,42,42,2008.89,2
2026-07-10,MX,iOS,ios-12.1,Digital wallet,Paid social,23,22,22,22,968.21,0
2026-08-06,CR,Web,web,Bank transfer,Paid search,8,8,7,7,369.06,0
2026-07-06,CR,Android,android-8.3,Digital wallet,Paid social,11,11,11,11,532.02,0
2026-07-31,US,Android,android-8.3,Card,Organic,123,118,110,107,8917.05,0
2026-07-28,BR,Web,web,Bank transfer,Paid social,13,13,11,11,447.3,0
2026-07-07,BR,Web,web,Digital wallet,Paid search,42,41,40,40,1887.08,1
2026-08-10,US,Android,android-8.3,Bank transfer,Paid social,21,20,18,16,1275.05,0
2026-07-08,CR,Android,android-8.3,Card,Paid social,14,14,13,13,628.61,0
2026-07-31,BR,iOS,ios-12.1,Bank transfer,Paid social,8,7,7,7,310.2,0
2026-07-29,CR,Web,web,Bank transfer,Paid search,13,13,12,11,622.75,0
2026-08-15,BR,Android,android-8.4,Card,Organic,79,78,72,70,3089.69,0
2026-08-11,BR,Web,web,Bank transfer,Paid search,17,16,14,14,625.55,1
2026-07-10,BR,iOS,ios-12.1,Digital wallet,Organic,36,33,31,30,1338.71,0
2026-08-16,US,Web,web,Bank transfer,Organic,33,32,25,25,2193.53,0
2026-07-22,US,iOS,ios-12.1,Digital wallet,Paid social,32,31,29,28,2175.28,1
2026-07-30,MX,Web,web,Digital wallet,Paid search,36,35,34,34,1578.0,0
2026-07-11,US,Android,android-8.3,Card,Paid social,69,67,60,60,4453.34,3
2026-07-07,CR,Android,android-8.3,Bank transfer,Paid search,8,8,7,7,379.64,0
2026-08-06,CR,Web,web,Card,Organic,32,29,29,29,1677.68,0
2026-07-31,BR,Android,android-8.3,Digital wallet,Paid search,38,36,35,35,1451.64,0
2026-08-06,BR,Android,android-8.4,Digital wallet,Paid search,8,8,8,8,344.12,1
2026-07-29,MX,Web,web,Digital wallet,Organic,44,42,40,40,2025.89,1
2026-07-24,CR,Web,web,Card,Paid search,19,16,15,15,801.57,0
2026-08-10,US,Android,android-8.3,Card,Paid search,59,57,50,50,4305.13,2
2026-07-09,CR,Web,web,Bank transfer,Organic,11,10,10,10,546.27,0
2026-07-06,MX,Android,android-8.3,Digital wallet,Paid search,31,28,26,25,1227.72,0
2026-07-11,US,Android,android-8.3,Bank transfer,Paid search,49,48,44,44,3615.95,0
2026-08-05,US,iOS,ios-12.1,Card,Organic,74,71,65,65,5120.81,0
2026-07-06,BR,iOS,ios-12.1,Digital wallet,Paid social,21,19,19,18,753.78,0
2026-08-03,CR,iOS,ios-12.1,Digital wallet,Organic,23,21,20,20,1084.69,0
2026-07-12,MX,Web,web,Digital wallet,Paid social,20,17,17,17,783.82,1
2026-08-03,MX,iOS,ios-12.1,Digital wallet,Organic,42,41,40,40,2061.36,0
2026-07-08,MX,Web,web,Bank transfer,Paid social,22,22,18,18,821.46,0
2026-08-14,MX,Android,android-8.4,Card,Paid search,54,52,45,44,2266.56,1
2026-08-14,CR,Android,android-8.3,Card,Paid search,21,21,19,19,1024.66,0
2026-07-20,MX,iOS,ios-12.1,Bank transfer,Organic,12,11,10,10,491.57,0
2026-08-07,MX,Web,web,Digital wallet,Paid search,45,42,41,41,1955.66,0
2026-08-06,MX,Web,web,Digital wallet,Paid search,35,35,34,34,1821.18,1
2026-08-04,BR,Android,android-8.3,Digital wallet,Paid social,22,21,19,19,718.94,1
2026-07-12,US,Web,web,Digital wallet,Paid social,46,42,41,41,3354.71,0
2026-08-01,US,Android,android-8.3,Bank transfer,Paid search,24,21,19,19,1453.98,0
2026-07-19,CR,iOS,ios-12.1,Bank transfer,Paid search,8,8,7,7,326.62,0
2026-07-08,CR,iOS,ios-12.1,Card,Organic,13,13,12,12,673.43,0
2026-07-15,MX,Android,android-8.3,Bank transfer,Paid search,24,24,21,21,1019.76,0
2026-08-05,CR,iOS,ios-12.1,Bank transfer,Paid search,8,8,6,6,345.3,0
2026-07-12,BR,iOS,ios-12.1,Card,Paid search,34,34,26,26,1141.64,0
2026-08-13,US,Android,android-8.3,Digital wallet,Paid social,21,19,19,18,1403.17,1
2026-07-24,BR,Web,web,Bank transfer,Organic,33,33,29,29,1293.6,0
2026-07-16,CR,Web,web,Card,Paid social,15,15,14,14,720.32,0
2026-07-11,US,Android,android-8.3,Bank transfer,Organic,56,56,49,49,3960.92,0
2026-08-04,US,Android,android-8.3,Bank transfer,Organic,55,50,44,43,3857.2,0
2026-07-18,US,iOS,ios-12.1,Card,Paid social,53,52,48,48,3199.78,0
2026-08-01,BR,Android,android-8.3,Card,Paid search,44,41,38,38,1626.1,1
2026-07-30,BR,Web,web,Bank transfer,Paid search,15,14,14,14,661.33,0
2026-07-13,US,Web,web,Card,Paid social,76,72,64,63,4741.65,1
2026-07-15,CR,Web,web,Bank transfer,Organic,9,9,7,7,374.09,0
2026-08-03,US,Web,web,Card,Paid social,68,68,62,61,5090.5,0
2026-07-22,CR,Android,android-8.3,Bank transfer,Organic,14,13,13,13,793.55,0
2026-08-03,US,iOS,ios-12.1,Bank transfer,Paid social,18,17,16,16,1202.6,0
2026-08-14,BR,Android,android-8.3,Bank transfer,Organic,8,8,7,7,302.7,0
2026-07-06,BR,iOS,ios-12.1,Digital wallet,Organic,36,34,32,32,1599.33,1
2026-07-30,CR,Android,android-8.3,Bank transfer,Paid social,8,8,6,6,286.79,0
2026-07-29,BR,iOS,ios-12.1,Digital wallet,Organic,37,36,31,31,1361.0,1
2026-07-15,MX,iOS,ios-12.1,Digital wallet,Paid social,19,19,17,17,761.81,1
2026-07-25,BR,Android,android-8.3,Bank transfer,Organic,33,29,25,25,1058.37,0
2026-08-06,BR,Android,android-8.4,Digital wallet,Organic,8,8,8,8,363.11,0
2026-07-25,MX,Web,web,Digital wallet,Organic,48,44,38,37,1782.4,0
2026-08-10,MX,Web,web,Digital wallet,Organic,38,37,34,34,1632.62,1
2026-07-12,MX,Web,web,Digital wallet,Organic,51,50,46,45,2273.96,1
2026-07-23,US,iOS,ios-12.1,Digital wallet,Organic,48,46,45,45,3994.22,1
2026-08-11,BR,iOS,ios-12.1,Bank transfer,Paid social,11,11,9,9,371.62,0
2026-07-17,US,iOS,ios-12.1,Digital wallet,Paid search,50,46,42,41,3344.86,1
2026-08-14,BR,Web,web,Digital wallet,Paid search,45,44,43,43,1921.89,0
2026-07-18,BR,iOS,ios-12.1,Bank transfer,Paid social,10,9,8,8,337.05,2
2026-07-16,CR,iOS,ios-12.1,Bank transfer,Paid search,8,7,7,7,352.1,0
2026-07-30,CR,Android,android-8.3,Card,Paid social,20,20,20,20,919.49,1
2026-07-09,MX,Web,web,Bank transfer,Paid social,24,24,23,23,1035.6,0
2026-08-07,BR,Android,android-8.4,Digital wallet,Paid search,8,7,6,6,270.45,0
2026-08-02,US,Android,android-8.3,Card,Organic,109,109,101,99,8269.55,0
2026-07-10,CR,Android,android-8.3,Card,Paid social,17,16,16,16,775.52,0
2026-07-31,BR,Web,web,Digital wallet,Organic,51,48,46,46,2254.82,1
2026-07-14,US,Android,android-8.3,Card,Paid search,78,75,69,68,5295.42,1
2026-08-11,US,Android,android-8.3,Digital wallet,Paid search,61,59,55,55,4365.19,1
2026-08-02,MX,Android,android-8.3,Card,Paid search,47,45,43,42,1917.49,0
2026-07-16,US,iOS,ios-12.1,Digital wallet,Paid social,41,40,39,38,2990.56,0
2026-08-02,CR,Web,web,Card,Organic,18,18,17,17,1034.86,0
2026-07-10,BR,iOS,ios-12.1,Bank transfer,Paid social,13,11,10,10,396.88,1
2026-07-14,BR,Android,android-8.3,Card,Paid social,31,30,23,22,900.15,0
2026-07-19,BR,Web,web,Digital wallet,Organic,27,26,25,24,1199.59,3
2026-08-08,BR,iOS,ios-12.1,Card,Organic,46,44,40,40,1771.27,0
2026-07-13,US,Android,android-8.3,Digital wallet,Organic,83,82,79,76,6768.27,1
2026-08-15,CR,Android,android-8.3,Card,Organic,43,42,37,37,2151.36,1
2026-08-01,US,iOS,ios-12.1,Card,Organic,102,100,95,94,7971.97,1
2026-07-17,CR,Web,web,Bank transfer,Organic,13,13,11,11,595.46,0
2026-07-21,MX,Android,android-8.3,Bank transfer,Paid search,21,20,17,17,842.45,0
2026-08-11,BR,iOS,ios-12.1,Digital wallet,Paid search,19,18,17,17,801.1,0
2026-07-26,MX,Android,android-8.3,Card,Organic,61,58,48,45,2244.69,0
2026-07-22,BR,Android,android-8.3,Card,Paid social,31,29,27,27,1075.35,1
2026-07-21,BR,iOS,ios-12.1,Card,Paid search,32,31,30,28,1175.37,0
2026-08-03,US,Web,web,Digital wallet,Organic,93,90,83,83,7385.46,2
2026-07-23,BR,Web,web,Card,Paid social,40,38,38,37,1483.08,0
2026-07-26,US,Android,android-8.3,Digital wallet,Paid search,57,54,51,51,4271.5,2
2026-07-31,BR,Android,android-8.3,Card,Paid social,31,31,30,30,1105.73,0
2026-08-05,CR,Web,web,Bank transfer,Paid social,8,8,6,6,306.51,0
2026-08-16,US,iOS,ios-12.1,Bank transfer,Organic,31,30,26,26,2269.67,0
2026-07-21,BR,iOS,ios-12.1,Bank transfer,Paid search,15,15,12,12,505.66,0
2026-07-14,CR,iOS,ios-12.1,Card,Organic,22,22,20,19,1006.27,0
2026-07-17,US,iOS,ios-12.1,Card,Paid search,64,64,60,58,4715.89,0
2026-07-09,BR,Android,android-8.3,Digital wallet,Organic,47,47,46,46,2189.08,0
2026-08-14,US,iOS,ios-12.1,Digital wallet,Paid social,40,40,38,37,2582.47,0
2026-08-06,BR,Android,android-8.3,Bank transfer,Paid social,10,10,9,9,359.45,0
2026-07-08,US,Android,android-8.3,Digital wallet,Organic,64,63,61,60,4842.16,1
2026-08-04,MX,Android,android-8.4,Digital wallet,Paid search,8,8,7,7,329.8,0
2026-08-16,BR,iOS,ios-12.1,Bank transfer,Organic,19,19,18,17,766.92,0
2026-07-23,US,iOS,ios-12.1,Card,Paid social,51,49,46,45,3556.06,1
2026-07-13,CR,Web,web,Bank transfer,Paid search,10,10,10,10,552.53,0
2026-08-08,MX,Android,android-8.3,Bank transfer,Paid search,21,21,20,20,940.83,0
2026-08-07,BR,Android,android-8.3,Bank transfer,Organic,19,19,18,17,779.62,0
2026-07-31,MX,iOS,ios-12.1,Bank transfer,Organic,25,24,22,22,1077.07,0
2026-07-10,US,Web,web,Digital wallet,Paid social,52,47,46,44,3204.11,2
2026-08-16,US,Android,android-8.3,Digital wallet,Organic,81,79,72,71,6344.84,0
2026-08-16,MX,iOS,ios-12.1,Card,Paid search,36,36,34,33,1552.95,0
2026-07-20,US,Web,web,Digital wallet,Organic,71,70,66,66,5913.76,0
2026-07-07,BR,Web,web,Bank transfer,Paid social,12,12,11,11,434.69,0
2026-07-21,MX,iOS,ios-12.1,Digital wallet,Organic,38,37,33,33,1716.41,0
2026-08-05,CR,Web,web,Card,Organic,29,28,25,24,1303.45,1
2026-07-11,MX,Web,web,Bank transfer,Paid social,14,14,13,12,553.43,1
2026-08-06,MX,Android,android-8.4,Card,Paid social,9,8,8,8,343.24,0
2026-07-16,US,Android,android-8.3,Digital wallet,Paid social,39,39,37,37,2640.77,0
2026-08-01,US,Web,web,Card,Paid social,63,61,58,56,4041.8,0
2026-07-12,BR,iOS,ios-12.1,Digital wallet,Paid search,25,24,18,16,683.01,0
2026-07-18,CR,iOS,ios-12.1,Bank transfer,Organic,12,12,10,10,578.17,0
2026-07-06,US,iOS,ios-12.1,Card,Paid search,49,44,40,40,3426.63,0
2026-08-13,MX,Android,android-8.4,Bank transfer,Paid social,8,8,6,6,280.15,0
2026-08-01,MX,iOS,ios-12.1,Bank transfer,Paid search,14,13,10,10,509.46,0
2026-08-06,US,Android,android-8.3,Bank transfer,Paid search,22,22,21,21,1757.38,0
2026-08-02,CR,Web,web,Bank transfer,Paid social,8,8,8,8,376.69,0
2026-07-28,US,Android,android-8.3,Card,Organic,113,108,96,94,7698.5,1
2026-08-15,US,Android,android-8.3,Digital wallet,Paid search,55,51,47,47,3644.89,1
2026-07-10,MX,Android,android-8.3,Bank transfer,Paid social,19,19,18,17,831.26,0
2026-08-11,MX,Android,android-8.4,Card,Paid search,54,53,47,46,2128.15,0
2026-07-28,US,Android,android-8.3,Card,Paid search,80,77,69,67,5274.2,2
2026-07-15,BR,iOS,ios-12.1,Card,Organic,40,38,31,31,1563.32,1
2026-08-12,BR,iOS,ios-12.1,Card,Paid search,37,37,36,36,1532.66,0
2026-07-10,CR,Android,android-8.3,Card,Paid search,33,31,27,27,1522.17,0
2026-07-23,US,iOS,ios-12.1,Digital wallet,Paid search,55,55,52,52,4025.06,0
2026-08-04,MX,Android,android-8.4,Bank transfer,Organic,8,8,7,7,340.58,0
2026-07-25,BR,iOS,ios-12.1,Bank transfer,Paid social,10,10,10,10,398.53,0
2026-08-01,US,Web,web,Bank transfer,Paid search,35,34,29,29,2386.1,1
2026-07-14,US,Web,web,Card,Paid search,101,96,89,88,7389.08,1
2026-07-28,CR,iOS,ios-12.1,Bank transfer,Organic,8,6,6,6,318.2,0
2026-07-23,CR,Web,web,Digital wallet,Organic,21,18,18,18,1063.32,0
2026-07-07,CR,iOS,ios-12.1,Digital wallet,Organic,12,12,10,10,547.91,0
2026-08-06,US,iOS,ios-12.1,Digital wallet,Paid search,52,51,48,48,3767.37,0
2026-07-25,CR,iOS,ios-12.1,Bank transfer,Paid social,8,7,5,5,245.38,0
2026-08-06,CR,Web,web,Bank transfer,Organic,9,9,9,9,481.71,0
2026-07-29,MX,Web,web,Bank transfer,Paid search,19,17,16,16,789.21,1
2026-08-04,US,iOS,ios-12.1,Bank transfer,Organic,22,22,20,20,1747.25,0
2026-08-06,CR,Android,android-8.3,Digital wallet,Organic,16,16,15,15,831.24,1
2026-08-02,MX,Web,web,Digital wallet,Paid search,34,33,32,32,1522.66,0
2026-08-16,BR,iOS,ios-12.1,Digital wallet,Paid search,21,21,21,20,926.38,1
2026-07-09,CR,iOS,ios-12.1,Bank transfer,Paid social,8,8,7,7,364.73,0
2026-07-27,US,Web,web,Bank transfer,Organic,43,41,36,35,2800.71,1
2026-07-11,US,iOS,ios-12.1,Bank transfer,Paid search,32,29,26,26,2076.9,0
2026-08-07,BR,iOS,ios-12.1,Bank transfer,Organic,14,13,11,11,497.97,0
2026-08-09,CR,iOS,ios-12.1,Digital wallet,Organic,13,13,12,12,650.41,1
2026-08-11,BR,Android,android-8.3,Digital wallet,Paid social,8,7,6,6,235.03,0
2026-08-04,MX,Web,web,Card,Paid search,45,44,38,38,1710.28,0
2026-08-15,CR,Web,web,Digital wallet,Paid social,8,8,6,6,289.86,0
2026-07-16,BR,Android,android-8.3,Bank transfer,Organic,19,18,16,16,704.16,0
2026-08-05,MX,Web,web,Bank transfer,Paid social,12,11,11,11,506.44,0
2026-08-12,BR,Android,android-8.4,Card,Paid social,21,20,19,19,765.76,0
2026-08-03,MX,Web,web,Bank transfer,Paid social,15,15,13,13,557.26,0
2026-07-25,MX,Web,web,Card,Paid social,46,44,40,40,1583.45,0
2026-07-31,BR,iOS,ios-12.1,Digital wallet,Organic,26,24,22,22,1046.33,0
2026-08-04,CR,Web,web,Bank transfer,Organic,9,9,9,8,442.0,0
2026-08-10,MX,Web,web,Bank transfer,Paid social,12,12,9,9,416.93,0
2026-08-08,MX,Android,android-8.3,Digital wallet,Organic,35,34,34,34,1821.41,1
2026-08-09,BR,Android,android-8.4,Bank transfer,Paid search,8,6,5,5,224.27,0
2026-08-02,BR,iOS,ios-12.1,Digital wallet,Paid search,26,25,24,24,1047.4,0
2026-07-13,CR,iOS,ios-12.1,Bank transfer,Organic,11,10,9,9,537.74,0
2026-08-07,CR,Android,android-8.3,Bank transfer,Paid search,8,8,8,8,410.99,0
2026-08-12,US,Android,android-8.3,Card,Paid social,69,68,60,60,4277.66,0
2026-07-09,MX,Android,android-8.3,Card,Paid search,59,58,55,54,2579.8,1
2026-08-09,US,Web,web,Digital wallet,Paid social,52,52,50,50,3512.21,0
2026-07-16,US,iOS,ios-12.1,Bank transfer,Paid social,18,18,15,15,1207.16,0
2026-07-12,BR,Android,android-8.3,Bank transfer,Paid search,14,14,12,11,476.4,0
2026-08-14,MX,Android,android-8.3,Digital wallet,Paid search,8,8,7,7,333.72,0
2026-08-06,US,iOS,ios-12.1,Bank transfer,Paid social,16,14,12,12,804.16,0
2026-07-12,CR,Web,web,Bank transfer,Organic,15,15,15,14,792.82,0
2026-07-29,BR,iOS,ios-12.1,Bank transfer,Paid social,8,7,6,6,209.34,0
2026-08-08,US,Web,web,Card,Organic,124,118,107,107,9699.39,1
2026-07-12,BR,Web,web,Bank transfer,Paid search,13,12,11,10,440.88,0
2026-08-11,BR,Web,web,Bank transfer,Paid social,16,16,14,14,527.84,0
2026-08-14,MX,Android,android-8.4,Digital wallet,Organic,49,47,31,31,1534.9,5
2026-07-24,MX,iOS,ios-12.1,Bank transfer,Paid social,16,15,14,13,547.79,0
2026-08-11,MX,Web,web,Bank transfer,Paid social,17,16,14,14,603.63,1
2026-07-22,BR,Web,web,Card,Paid search,39,39,36,36,1463.34,0
2026-07-31,MX,Android,android-8.3,Bank transfer,Paid social,23,23,19,18,781.26,0
2026-08-01,CR,Web,web,Card,Organic,30,28,25,24,1359.7,0
2026-07-28,US,Android,android-8.3,Digital wallet,Paid search,66,62,55,53,4499.94,1
2026-07-28,BR,Web,web,Card,Organic,70,68,65,64,2741.73,1
2026-07-06,BR,Android,android-8.3,Card,Organic,54,53,51,50,2311.93,0
2026-07-29,MX,iOS,ios-12.1,Card,Organic,43,40,39,39,1810.36,0
2026-08-11,BR,Android,android-8.3,Bank transfer,Organic,8,7,5,5,233.45,0
2026-08-13,CR,Web,web,Digital wallet,Organic,19,18,16,16,886.13,0
2026-07-28,US,iOS,ios-12.1,Digital wallet,Paid search,41,39,36,34,2808.76,0
2026-08-09,CR,Android,android-8.3,Digital wallet,Organic,23,22,20,20,1127.56,0
2026-08-16,CR,Android,android-8.3,Bank transfer,Organic,16,16,14,14,727.31,0
2026-08-08,CR,iOS,ios-12.1,Card,Paid social,16,16,14,14,643.56,0
2026-08-06,CR,iOS,ios-12.1,Bank transfer,Paid social,8,8,6,6,280.04,0
2026-08-16,MX,Android,android-8.3,Card,Organic,12,11,11,11,550.63,0
2026-07-29,US,iOS,ios-12.1,Bank transfer,Paid search,22,22,21,20,1599.67,0
2026-07-12,US,Android,android-8.3,Digital wallet,Paid social,40,38,37,37,2876.96,0
2026-08-14,BR,Web,web,Card,Paid search,61,56,50,49,2128.66,2
2026-07-30,BR,Web,web,Digital wallet,Paid social,22,21,21,21,921.03,0
2026-08-07,MX,iOS,ios-12.1,Digital wallet,Organic,38,37,32,32,1757.49,0
2026-07-25,US,iOS,ios-12.1,Card,Paid social,47,44,39,39,2852.6,0
2026-07-14,MX,Web,web,Card,Paid search,48,45,40,39,2070.77,0
2026-08-01,US,iOS,ios-12.1,Digital wallet,Paid search,45,43,41,41,3173.87,1
2026-07-22,US,Web,web,Bank transfer,Paid social,20,20,17,17,1231.44,0
2026-08-09,US,iOS,ios-12.1,Card,Paid social,45,44,38,38,2892.47,0
2026-08-01,MX,Web,web,Bank transfer,Paid social,18,18,14,14,653.67,0
2026-07-06,CR,Android,android-8.3,Bank transfer,Organic,11,10,9,9,521.76,0
2026-08-03,CR,iOS,ios-12.1,Card,Paid search,15,14,14,14,697.61,0
2026-07-10,BR,Web,web,Card,Organic,85,84,76,74,3250.11,0
2026-07-26,CR,Web,web,Bank transfer,Organic,12,12,10,10,570.75,0
2026-08-16,MX,iOS,ios-12.1,Digital wallet,Paid search,30,29,28,28,1381.4,0
2026-08-01,CR,iOS,ios-12.1,Bank transfer,Paid search,8,8,7,7,362.68,0
2026-07-17,MX,Android,android-8.3,Digital wallet,Paid search,43,42,41,40,1834.67,1
2026-08-09,MX,Web,web,Card,Paid social,45,43,39,38,1566.7,0
2026-08-06,US,Web,web,Digital wallet,Paid social,44,44,41,40,3006.44,0
2026-08-15,BR,iOS,ios-12.1,Card,Organic,55,54,47,46,2216.05,1
2026-07-22,BR,iOS,ios-12.1,Digital wallet,Paid social,16,15,15,14,541.21,0
2026-07-12,CR,Web,web,Card,Organic,28,28,24,24,1430.26,1
2026-07-16,US,Android,android-8.3,Bank transfer,Organic,32,30,27,26,2274.0,0
2026-08-06,BR,Android,android-8.4,Bank transfer,Organic,8,7,7,7,296.41,0
2026-07-24,US,Android,android-8.3,Bank transfer,Paid search,25,23,21,21,1941.58,1
2026-08-10,MX,Android,android-8.4,Card,Paid social,31,30,29,28,1224.66,0
2026-08-02,CR,Android,android-8.3,Digital wallet,Paid social,12,12,10,10,447.91,0
2026-07-14,CR,iOS,ios-12.1,Digital wallet,Organic,12,12,12,12,661.45,0
2026-08-01,US,iOS,ios-12.1,Digital wallet,Paid social,28,27,25,25,1957.19,0
2026-08-06,BR,Web,web,Digital wallet,Paid search,33,33,30,30,1252.96,0
2026-07-30,CR,iOS,ios-12.1,Bank transfer,Paid social,8,7,7,7,341.44,0
2026-08-14,BR,Android,android-8.3,Digital wallet,Paid search,8,8,8,8,375.47,0
2026-07-16,US,Web,web,Digital wallet,Organic,69,66,62,59,4704.57,1
2026-07-25,US,Android,android-8.3,Card,Organic,137,133,124,124,11593.18,2
2026-07-16,CR,Android,android-8.3,Bank transfer,Paid search,8,8,6,6,308.19,0
2026-07-24,MX,Web,web,Card,Paid social,46,43,40,40,1850.34,0
2026-08-15,US,Android,android-8.3,Card,Organic,137,129,119,117,9490.45,0
2026-08-15,US,Android,android-8.3,Digital wallet,Organic,77,77,73,72,6420.76,2
2026-07-06,US,iOS,ios-12.1,Card,Paid social,44,43,40,40,3142.33,0
2026-07-19,BR,Android,android-8.3,Card,Paid social,29,29,29,29,1193.37,0
2026-08-16,BR,Android,android-8.4,Digital wallet,Paid search,27,26,14,13,544.65,1
2026-08-13,BR,iOS,ios-12.1,Digital wallet,Paid search,26,26,26,25,1047.5,0
2026-08-11,MX,Android,android-8.3,Digital wallet,Organic,12,11,10,10,503.27,0
2026-07-10,CR,iOS,ios-12.1,Bank transfer,Paid search,8,6,5,5,263.98,0
2026-07-30,CR,iOS,ios-12.1,Digital wallet,Paid social,10,10,10,10,469.43,2
2026-07-28,BR,iOS,ios-12.1,Card,Paid social,39,36,32,31,1213.51,0
2026-07-30,US,Android,android-8.3,Digital wallet,Paid search,52,50,48,48,4157.73,0
2026-08-06,CR,Android,android-8.3,Card,Paid social,16,15,14,14,698.4,1
2026-08-02,US,iOS,ios-12.1,Bank transfer,Paid search,25,23,19,18,1466.99,0
2026-07-13,US,Web,web,Bank transfer,Paid social,22,20,16,16,1217.7,0
2026-07-18,CR,Android,android-8.3,Bank transfer,Paid search,8,8,7,7,405.05,1
2026-07-07,CR,iOS,ios-12.1,Card,Paid social,15,14,14,14,558.96,0
2026-07-23,MX,iOS,ios-12.1,Bank transfer,Paid search,16,16,16,16,704.5,0
2026-08-07,MX,Android,android-8.4,Bank transfer,Organic,8,8,7,7,362.68,0
2026-07-16,BR,Web,web,Bank transfer,Organic,19,19,16,16,698.0,0
2026-07-17,US,iOS,ios-12.1,Card,Paid social,46,44,40,40,3168.59,0
2026-07-19,BR,iOS,ios-12.1,Card,Organic,50,48,40,40,1934.36,0
2026-07-14,US,Android,android-8.3,Card,Organic,108,107,97,94,7987.36,1
2026-07-29,BR,Android,android-8.3,Card,Organic,66,64,59,58,2777.65,0
2026-07-30,US,iOS,ios-12.1,Bank transfer,Paid search,22,21,21,21,1535.31,2
2026-07-31,US,Android,android-8.3,Bank transfer,Paid search,34,34,33,31,2431.07,1
2026-07-21,CR,iOS,ios-12.1,Bank transfer,Organic,8,8,7,7,393.62,0
2026-08-09,BR,Android,android-8.3,Bank transfer,Organic,19,18,13,13,616.02,1
2026-07-23,BR,Android,android-8.3,Digital wallet,Paid social,23,22,19,18,743.02,0
2026-07-23,BR,Android,android-8.3,Digital wallet,Organic,39,39,36,35,1591.49,1
2026-07-21,BR,Web,web,Card,Organic,67,62,55,55,2356.12,1
2026-07-15,BR,Android,android-8.3,Card,Paid social,40,35,32,32,1290.39,0
2026-08-06,MX,Android,android-8.3,Digital wallet,Paid search,28,26,21,21,904.46,0
2026-08-11,CR,Android,android-8.3,Card,Paid search,21,18,14,13,686.98,0
2026-07-25,BR,iOS,ios-12.1,Digital wallet,Organic,35,33,27,27,1277.54,1
2026-08-03,US,Web,web,Bank transfer,Organic,41,40,35,33,2789.02,2
2026-08-03,BR,Web,web,Digital wallet,Paid social,27,25,25,25,1070.01,0
2026-07-14,US,iOS,ios-12.1,Digital wallet,Paid social,35,32,30,29,2168.93,0
2026-08-11,US,Web,web,Card,Paid search,91,88,81,79,6394.2,2
2026-08-12,MX,Android,android-8.3,Card,Organic,14,13,11,11,553.82,0
2026-07-06,BR,iOS,ios-12.1,Bank transfer,Paid search,10,10,8,8,334.14,0
2026-08-12,CR,Android,android-8.3,Digital wallet,Paid social,15,15,15,15,730.76,0
2026-08-01,CR,Web,web,Digital wallet,Paid search,13,13,12,12,668.52,0
2026-08-05,BR,iOS,ios-12.1,Digital wallet,Organic,28,28,25,25,1145.65,0
2026-07-20,MX,iOS,ios-12.1,Digital wallet,Paid search,25,24,22,21,1011.09,0
2026-07-21,CR,iOS,ios-12.1,Digital wallet,Organic,18,17,16,16,942.37,1
2026-07-10,CR,iOS,ios-12.1,Digital wallet,Organic,16,16,14,14,815.87,0
2026-08-09,BR,iOS,ios-12.1,Card,Paid search,29,29,28,28,1170.9,0
2026-08-09,US,iOS,ios-12.1,Digital wallet,Paid social,32,31,27,27,2079.13,1
2026-08-08,BR,Android,android-8.4,Bank transfer,Paid search,8,7,6,6,264.04,0
2026-07-08,MX,iOS,ios-12.1,Bank transfer,Organic,14,14,11,11,539.25,0
2026-07-21,CR,Web,web,Card,Organic,37,33,33,32,1878.06,0
2026-08-08,US,Android,android-8.3,Card,Organic,99,95,84,82,7000.93,3
2026-07-25,CR,Web,web,Digital wallet,Organic,24,23,22,22,1162.89,0
2026-08-09,BR,Android,android-8.4,Bank transfer,Paid social,8,8,7,7,264.6,0
2026-07-31,CR,iOS,ios-12.1,Card,Paid social,13,12,11,11,551.83,0
2026-07-16,US,Android,android-8.3,Bank transfer,Paid search,25,24,22,22,1791.56,1
2026-08-02,MX,Android,android-8.3,Card,Organic,64,60,57,56,2773.39,1
2026-08-02,MX,Android,android-8.3,Digital wallet,Paid social,31,30,23,23,996.41,0
2026-08-12,BR,Android,android-8.4,Card,Paid search,37,36,34,34,1456.93,2
2026-08-09,US,iOS,ios-12.1,Bank transfer,Paid social,14,13,13,13,855.66,0
2026-08-03,US,Web,web,Digital wallet,Paid search,62,61,59,59,5085.41,1
2026-08-09,US,iOS,ios-12.1,Card,Paid search,57,56,52,52,4567.19,0
2026-07-13,BR,Web,web,Card,Organic,78,72,63,63,2832.08,1
2026-07-18,US,Web,web,Card,Paid search,91,87,80,80,6917.31,2
2026-07-09,BR,Android,android-8.3,Card,Organic,55,51,46,46,2034.15,0
2026-07-29,BR,Android,android-8.3,Card,Paid social,34,31,27,27,1104.84,0
2026-07-17,CR,iOS,ios-12.1,Bank transfer,Paid search,8,8,8,8,434.39,0
2026-07-22,BR,iOS,ios-12.1,Bank transfer,Paid social,10,10,9,9,341.61,0
2026-08-06,CR,Android,android-8.3,Bank transfer,Organic,8,7,7,7,394.45,0
2026-08-08,CR,Web,web,Bank transfer,Paid social,8,8,7,7,340.72,1
2026-08-14,US,Android,android-8.3,Bank transfer,Paid social,24,23,21,21,1545.08,0
2026-08-10,CR,Android,android-8.3,Card,Organic,27,27,22,21,1202.76,0
2026-07-18,CR,Web,web,Card,Organic,42,40,34,34,1722.86,1
2026-07-08,US,Android,android-8.3,Bank transfer,Paid social,26,25,22,22,1574.37,0
2026-08-02,MX,iOS,ios-12.1,Bank transfer,Organic,19,18,15,14,696.53,0
2026-07-22,CR,iOS,ios-12.1,Card,Organic,22,21,19,18,925.44,0
2026-08-05,MX,iOS,ios-12.1,Card,Paid search,36,33,33,33,1682.01,0
2026-08-13,US,Web,web,Card,Organic,118,113,107,106,9743.15,1
2026-07-21,CR,Android,android-8.3,Digital wallet,Organic,20,20,18,18,990.28,1
2026-08-10,BR,Android,android-8.3,Card,Paid search,8,8,8,8,369.34,0
2026-08-04,BR,Web,web,Card,Paid search,50,47,45,44,1979.22,0
2026-07-08,CR,Web,web,Card,Paid social,13,13,13,13,635.8,0
2026-07-31,BR,iOS,ios-12.1,Digital wallet,Paid social,23,22,20,20,781.58,0
2026-07-07,CR,Web,web,Digital wallet,Paid search,17,17,16,16,922.73,0
2026-07-08,US,Web,web,Card,Paid social,67,64,58,58,4245.81,1
2026-07-07,US,Android,android-8.3,Digital wallet,Organic,84,80,77,75,6647.13,0
2026-07-14,MX,Android,android-8.3,Bank transfer,Paid social,12,12,11,11,474.45,0
2026-08-01,CR,iOS,ios-12.1,Digital wallet,Organic,13,13,13,13,729.41,0
2026-07-10,US,iOS,ios-12.1,Card,Paid search,65,63,55,55,4009.45,1
2026-07-17,CR,Android,android-8.3,Bank transfer,Paid search,8,8,8,8,426.03,0
2026-07-15,BR,Android,android-8.3,Digital wallet,Organic,41,40,37,37,1821.72,0
2026-07-22,MX,Android,android-8.3,Digital wallet,Paid search,38,38,35,34,1678.53,1
2026-07-06,US,Android,android-8.3,Card,Paid search,79,75,64,63,5466.37,0
2026-07-24,CR,Android,android-8.3,Digital wallet,Paid social,11,10,8,8,357.69,0
2026-07-12,CR,Web,web,Bank transfer,Paid search,10,10,10,10,561.56,0
2026-08-16,US,Web,web,Card,Paid social,59,54,50,49,3370.64,0
2026-08-05,US,Web,web,Digital wallet,Paid social,46,42,39,38,2701.37,0
2026-07-25,BR,Android,android-8.3,Digital wallet,Organic,41,40,39,39,1897.86,0
2026-07-14,BR,Android,android-8.3,Digital wallet,Paid search,29,29,28,27,1232.66,0
2026-07-27,MX,Web,web,Bank transfer,Organic,25,25,25,25,1295.27,1
2026-08-03,BR,iOS,ios-12.1,Bank transfer,Paid search,9,9,6,6,259.37,0
2026-07-25,CR,Web,web,Digital wallet,Paid social,20,19,19,18,895.74,0
2026-08-01,BR,Android,android-8.3,Bank transfer,Paid social,21,20,20,20,760.58,0
2026-08-10,BR,Android,android-8.4,Card,Organic,57,56,47,47,2090.51,0
2026-07-12,MX,iOS,ios-12.1,Card,Paid social,31,28,27,26,1115.39,0
2026-07-06,BR,iOS,ios-12.1,Card,Organic,51,49,44,42,1915.34,0
2026-07-12,BR,Web,web,Digital wallet,Paid social,16,16,15,15,568.4,0
2026-08-06,MX,Android,android-8.4,Digital wallet,Paid social,8,8,8,8,363.11,0
2026-07-19,US,Android,android-8.3,Card,Paid social,54,49,46,46,3456.64,0
2026-07-15,US,Web,web,Card,Paid social,63,60,52,50,3781.19,1
2026-07-09,BR,iOS,ios-12.1,Card,Paid search,39,38,36,36,1651.09,0
2026-07-18,CR,iOS,ios-12.1,Card,Paid social,15,13,11,11,537.63,0
2026-07-06,US,Android,android-8.3,Digital wallet,Paid social,38,38,37,37,2903.37,0
2026-07-10,BR,iOS,ios-12.1,Card,Organic,62,59,52,52,2637.88,1
2026-08-13,MX,Web,web,Card,Organic,81,79,74,74,3771.15,0
2026-08-13,CR,Web,web,Bank transfer,Paid search,8,8,7,7,359.41,0
2026-07-12,US,Web,web,Bank transfer,Organic,40,36,28,28,2462.78,1
2026-07-07,BR,iOS,ios-12.1,Digital wallet,Paid social,27,26,24,24,996.17,0
2026-08-13,CR,Android,android-8.3,Bank transfer,Organic,11,11,11,11,637.68,1
2026-07-27,US,Android,android-8.3,Card,Organic,124,121,110,110,9849.66,1
2026-08-14,BR,Android,android-8.3,Digital wallet,Paid social,8,7,7,7,267.91,0
2026-07-10,BR,Web,web,Digital wallet,Paid social,41,39,36,36,1375.64,1
2026-08-11,BR,Android,android-8.3,Card,Paid social,8,8,8,8,327.5,0
2026-07-23,CR,Web,web,Bank transfer,Paid social,8,8,8,8,394.5,1
2026-07-18,BR,iOS,ios-12.1,Digital wallet,Paid search,29,29,26,25,1120.25,1
2026-07-24,CR,iOS,ios-12.1,Digital wallet,Paid social,12,12,11,11,516.14,0
2026-07-13,CR,iOS,ios-12.1,Card,Paid search,15,15,13,13,660.26,0
2026-08-01,CR,iOS,ios-12.1,Digital wallet,Paid social,8,8,8,8,392.98,0
2026-08-12,CR,Android,android-8.3,Bank transfer,Organic,11,10,10,10,556.13,0
2026-07-21,US,Web,web,Bank transfer,Paid search,19,19,19,18,1593.9,0
2026-08-14,US,Android,android-8.3,Card,Organic,134,132,121,121,10291.11,1
2026-08-12,MX,Web,web,Digital wallet,Paid search,41,40,38,38,1869.88,0
2026-07-31,CR,iOS,ios-12.1,Bank transfer,Organic,8,8,8,8,446.23,0
2026-07-21,BR,Web,web,Card,Paid search,53,50,47,47,2020.64,0
2026-07-23,MX,Web,web,Digital wallet,Paid social,25,24,23,23,1058.18,0
2026-08-12,MX,Android,android-8.3,Bank transfer,Organic,8,8,8,8,414.82,0
2026-08-15,MX,iOS,ios-12.1,Card,Organic,63,62,57,57,3000.78,0
2026-07-17,MX,iOS,ios-12.1,Card,Paid search,36,35,33,30,1526.35,0
2026-07-09,CR,Web,web,Card,Paid search,20,19,17,17,794.76,0
2026-08-08,BR,iOS,ios-12.1,Card,Paid search,52,52,45,45,2003.25,0
2026-08-05,CR,iOS,ios-12.1,Digital wallet,Organic,24,23,21,21,1093.06,0
2026-08-11,CR,Android,android-8.3,Bank transfer,Paid search,8,8,8,8,423.48,0
2026-07-09,MX,iOS,ios-12.1,Card,Organic,48,46,40,40,1976.27,0
2026-07-08,BR,iOS,ios-12.1,Bank transfer,Paid social,10,10,8,8,326.96,0
2026-08-13,BR,Android,android-8.3,Bank transfer,Paid search,8,8,8,8,388.14,0
2026-07-26,MX,iOS,ios-12.1,Bank transfer,Paid search,10,9,8,8,403.37,0
2026-07-15,MX,Android,android-8.3,Card,Paid search,49,48,44,43,2022.31,0
2026-08-03,BR,Android,android-8.3,Digital wallet,Organic,43,41,39,39,1678.05,0
2026-08-10,CR,Web,web,Digital wallet,Paid social,10,10,10,10,463.16,0
2026-07-29,CR,iOS,ios-12.1,Digital wallet,Paid search,11,11,10,10,558.77,0
2026-07-12,US,iOS,ios-12.1,Bank transfer,Paid search,19,19,18,18,1505.33,1
2026-08-04,BR,Android,android-8.4,Digital wallet,Organic,8,8,8,8,372.91,0
2026-07-10,MX,iOS,ios-12.1,Card,Paid search,36,34,31,31,1440.84,0
2026-08-04,MX,Web,web,Bank transfer,Paid search,10,10,10,10,481.61,0
2026-07-22,MX,iOS,ios-12.1,Digital wallet,Organic,41,40,35,34,1681.27,1
2026-07-17,BR,iOS,ios-12.1,Bank transfer,Paid search,15,14,13,13,534.65,0
2026-08-10,BR,Web,web,Digital wallet,Paid search,24,23,22,22,1021.48,0
2026-08-14,MX,Android,android-8.3,Digital wallet,Organic,8,8,7,7,329.13,0
2026-07-17,MX,Android,android-8.3,Digital wallet,Paid social,28,27,23,21,853.81,0
2026-07-06,US,iOS,ios-12.1,Bank transfer,Paid search,21,21,21,21,1754.19,0
2026-08-16,US,iOS,ios-12.1,Digital wallet,Paid social,39,36,32,32,2279.99,0
2026-08-11,BR,Android,android-8.3,Card,Paid search,8,8,8,8,349.45,0
2026-08-12,BR,Web,web,Card,Organic,77,72,66,66,2897.32,1
2026-07-20,US,Web,web,Digital wallet,Paid social,40,38,34,34,2418.51,0
2026-07-10,BR,Android,android-8.3,Digital wallet,Paid social,25,23,22,22,851.23,0
2026-07-23,BR,Web,web,Bank transfer,Paid search,20,20,18,18,779.71,0
2026-07-25,US,Web,web,Card,Paid social,77,72,62,62,4954.9,0
2026-08-07,BR,Android,android-8.3,Card,Organic,52,51,49,49,2334.45,0
2026-07-13,CR,Web,web,Card,Organic,31,29,27,27,1445.92,0
2026-08-05,MX,Android,android-8.3,Bank transfer,Paid search,15,14,13,13,600.38,0
2026-07-18,BR,iOS,ios-12.1,Bank transfer,Organic,18,17,15,15,617.33,0
2026-07-31,BR,Web,web,Bank transfer,Paid social,9,9,7,7,302.03,0
2026-07-23,MX,Web,web,Digital wallet,Paid search,38,37,35,35,1652.01,2
2026-07-11,CR,Android,android-8.3,Digital wallet,Organic,24,24,24,24,1339.57,0
2026-07-18,MX,Web,web,Digital wallet,Paid search,55,50,45,44,2240.66,1
2026-08-16,US,Web,web,Digital wallet,Organic,73,70,68,68,5597.75,1
2026-07-27,MX,iOS,ios-12.1,Digital wallet,Organic,42,41,39,39,2148.11,0
2026-07-31,US,Android,android-8.3,Bank transfer,Paid social,21,21,19,18,1300.2,0
2026-07-24,MX,Android,android-8.3,Card,Organic,87,86,79,77,3684.96,2
2026-07-25,US,iOS,ios-12.1,Card,Paid search,71,70,64,60,5170.35,1
2026-08-04,MX,Android,android-8.3,Bank transfer,Paid search,14,14,13,13,625.59,0
2026-07-09,MX,iOS,ios-12.1,Bank transfer,Paid social,9,8,7,7,340.0,0
2026-08-12,BR,Android,android-8.3,Digital wallet,Paid social,8,8,7,7,286.52,0
2026-07-10,CR,iOS,ios-12.1,Card,Organic,26,25,22,21,1196.17,0
2026-07-11,BR,Android,android-8.3,Card,Organic,74,74,66,65,2893.89,2
2026-08-02,MX,Web,web,Digital wallet,Paid social,24,24,24,24,1102.64,0
2026-07-15,US,Web,web,Bank transfer,Organic,41,37,30,30,2749.58,1
2026-07-30,MX,Android,android-8.3,Bank transfer,Organic,26,24,21,20,994.9,1
2026-07-13,MX,Android,android-8.3,Bank transfer,Paid social,9,9,8,8,360.41,0
2026-07-08,MX,Web,web,Card,Paid search,66,63,52,52,2725.31,0
2026-07-19,MX,Web,web,Card,Organic,66,60,57,55,2682.5,0
2026-07-18,BR,Web,web,Card,Paid social,37,36,33,31,1325.23,0
2026-08-14,CR,Android,android-8.3,Bank transfer,Organic,9,9,9,9,485.0,0
2026-08-11,BR,Android,android-8.3,Bank transfer,Paid social,8,7,7,6,254.56,0
2026-08-02,US,Android,android-8.3,Digital wallet,Organic,66,62,57,56,4614.2,0
2026-07-17,CR,iOS,ios-12.1,Digital wallet,Paid social,14,13,11,11,560.78,0
2026-08-07,MX,Android,android-8.3,Bank transfer,Organic,29,28,28,28,1356.77,1
2026-07-25,MX,Android,android-8.3,Card,Paid social,37,35,32,32,1460.57,1
2026-08-16,CR,Android,android-8.3,Digital wallet,Paid social,10,10,10,10,446.34,0
2026-07-24,US,Web,web,Card,Paid social,72,69,63,62,4340.29,2
2026-08-05,MX,Android,android-8.4,Digital wallet,Paid search,8,7,7,7,353.35,0
2026-08-02,BR,Web,web,Bank transfer,Paid search,17,15,15,15,752.32,0
2026-08-02,CR,Android,android-8.3,Bank transfer,Paid social,8,8,8,8,396.69,0
2026-07-24,CR,iOS,ios-12.1,Bank transfer,Organic,8,8,8,8,434.85,0
2026-07-06,MX,iOS,ios-12.1,Bank transfer,Paid social,8,8,6,6,257.97,0
2026-07-17,CR,Web,web,Card,Paid social,20,19,17,17,863.36,0
2026-08-15,BR,Android,android-8.4,Digital wallet,Organic,41,40,30,30,1329.72,0
2026-07-27,BR,Web,web,Card,Paid search,42,40,35,35,1437.23,0
2026-08-04,MX,Web,web,Card,Organic,77,75,66,66,3495.4,2
2026-07-22,CR,Web,web,Digital wallet,Paid social,15,14,13,13,558.45,0
2026-07-22,US,iOS,ios-12.1,Card,Paid social,52,50,47,46,3526.43,0
2026-07-21,CR,iOS,ios-12.1,Digital wallet,Paid social,8,8,8,8,411.87,0
2026-08-03,US,Android,android-8.3,Digital wallet,Paid social,37,35,33,33,2524.27,0
2026-07-12,CR,Android,android-8.3,Bank transfer,Organic,8,8,8,8,441.88,1
2026-07-13,US,Web,web,Card,Paid search,79,79,74,73,6203.24,0
2026-07-19,BR,Android,android-8.3,Bank transfer,Organic,19,19,16,16,650.61,0
2026-07-08,BR,Android,android-8.3,Bank transfer,Paid social,15,15,10,9,345.26,0
2026-08-07,US,Android,android-8.3,Digital wallet,Paid search,62,61,59,57,4784.8,0
2026-08-14,MX,Android,android-8.4,Card,Paid social,38,37,34,34,1487.26,1
2026-07-09,US,Web,web,Bank transfer,Paid search,18,18,13,13,1067.14,0
2026-08-07,CR,iOS,ios-12.1,Card,Paid search,17,17,14,14,748.85,0
2026-07-14,BR,iOS,ios-12.1,Card,Organic,53,52,48,48,2163.31,1
2026-08-07,MX,Web,web,Card,Organic,81,77,68,68,3420.64,0
2026-07-10,BR,Android,android-8.3,Bank transfer,Paid social,15,14,12,12,450.09,0
2026-08-13,MX,Android,android-8.4,Card,Paid social,25,23,21,21,917.36,0
2026-08-05,US,Web,web,Card,Paid search,68,66,62,62,4921.69,1
2026-07-24,CR,Android,android-8.3,Digital wallet,Paid search,10,10,10,10,512.92,0
2026-07-25,MX,Android,android-8.3,Digital wallet,Organic,53,51,48,47,2364.06,0
2026-07-23,BR,Web,web,Digital wallet,Paid social,23,23,22,22,851.16,0
2026-08-09,BR,Android,android-8.4,Card,Organic,12,11,9,9,407.06,0
2026-07-11,CR,iOS,ios-12.1,Card,Paid search,17,17,17,17,836.99,0
2026-07-24,MX,Android,android-8.3,Bank transfer,Organic,23,23,22,21,1125.82,0
2026-08-01,MX,Web,web,Bank transfer,Paid search,27,26,26,26,1332.09,0
2026-07-26,CR,Android,android-8.3,Bank transfer,Paid social,8,8,8,8,384.66,0
2026-07-14,CR,Android,android-8.3,Digital wallet,Organic,17,17,16,16,891.27,0
2026-08-02,BR,Android,android-8.3,Card,Organic,54,53,51,50,2134.04,2
2026-07-17,US,Android,android-8.3,Card,Paid social,74,71,62,62,4507.59,0
2026-07-24,BR,Android,android-8.3,Card,Paid social,42,39,34,33,1344.12,1
2026-07-26,CR,Android,android-8.3,Digital wallet,Paid social,13,13,13,13,648.7,0
2026-08-07,MX,iOS,ios-12.1,Digital wallet,Paid social,30,30,27,27,1159.72,0
2026-07-17,MX,Web,web,Bank transfer,Paid search,33,33,31,31,1542.8,0
2026-07-24,BR,Web,web,Digital wallet,Organic,37,35,32,32,1501.04,1
2026-07-10,MX,Web,web,Card,Organic,86,83,74,72,3851.05,1
2026-07-19,US,iOS,ios-12.1,Card,Paid social,51,49,43,40,2724.89,0
2026-08-15,BR,Android,android-8.4,Bank transfer,Paid search,8,7,5,5,217.0,0
2026-08-13,US,Android,android-8.3,Card,Paid search,83,83,75,74,5712.07,0
2026-07-24,BR,Android,android-8.3,Bank transfer,Paid search,25,24,22,22,933.97,0
2026-07-08,US,Web,web,Bank transfer,Paid search,38,36,31,30,2498.02,1
2026-08-08,BR,iOS,ios-12.1,Digital wallet,Organic,39,39,36,34,1562.0,0
2026-07-31,CR,Android,android-8.3,Card,Organic,38,38,36,35,1866.23,0
2026-07-14,CR,iOS,ios-12.1,Bank transfer,Paid search,8,8,7,7,411.57,0
2026-08-13,MX,Android,android-8.3,Card,Paid social,8,8,7,7,335.52,0
2026-07-21,CR,Android,android-8.3,Card,Paid social,15,13,12,12,566.2,0
2026-08-14,BR,Android,android-8.3,Bank transfer,Paid social,8,7,7,7,260.44,0
2026-07-30,BR,Android,android-8.3,Card,Organic,71,68,62,62,2760.02,0
2026-08-09,BR,iOS,ios-12.1,Card,Organic,45,45,39,39,1736.56,0
2026-07-31,US,iOS,ios-12.1,Card,Paid search,73,70,63,63,5239.05,0
2026-07-17,US,Web,web,Bank transfer,Organic,44,43,37,40,3040.22,0
2026-07-23,BR,Web,web,Digital wallet,Paid search,34,32,30,30,1354.04,0
2026-08-12,CR,Android,android-8.3,Digital wallet,Paid search,12,12,12,12,631.79,0
2026-07-07,US,Android,android-8.3,Digital wallet,Paid search,51,49,47,47,3895.15,0
2026-07-25,CR,Web,web,Bank transfer,Organic,12,12,10,10,527.93,0
2026-08-14,BR,Web,web,Card,Paid social,43,41,36,36,1378.29,0
2026-07-08,US,iOS,ios-12.1,Digital wallet,Paid social,29,25,23,23,1775.42,1
2026-07-07,MX,iOS,ios-12.1,Bank transfer,Organic,15,15,13,12,594.61,0
2026-07-14,MX,iOS,ios-12.1,Bank transfer,Paid social,14,13,12,11,484.93,0
2026-07-16,MX,Web,web,Bank transfer,Paid search,24,24,23,22,1079.46,1
2026-08-03,BR,iOS,ios-12.1,Digital wallet,Organic,30,27,26,26,1219.8,0
2026-07-16,US,Web,web,Digital wallet,Paid social,43,40,39,38,3024.32,2
2026-07-25,CR,iOS,ios-12.1,Bank transfer,Organic,8,7,6,6,351.01,0
2026-08-09,BR,Android,android-8.3,Card,Organic,62,62,58,57,2656.85,0
2026-07-13,BR,Android,android-8.3,Digital wallet,Paid search,32,32,30,30,1219.06,0
2026-07-27,BR,Android,android-8.3,Bank transfer,Paid search,15,14,12,11,426.68,1
2026-07-11,US,iOS,ios-12.1,Digital wallet,Organic,83,80,72,72,5920.62,1
2026-08-06,BR,Android,android-8.3,Digital wallet,Paid search,32,31,28,28,1257.2,0
2026-07-28,MX,Android,android-8.3,Digital wallet,Paid social,27,26,25,25,996.41,0
2026-08-05,US,Android,android-8.3,Digital wallet,Paid social,36,35,34,33,2425.57,0
2026-07-09,CR,iOS,ios-12.1,Bank transfer,Organic,9,9,9,9,505.35,0
2026-07-27,MX,Android,android-8.3,Digital wallet,Paid search,27,24,22,22,1021.78,0
2026-08-11,US,Android,android-8.3,Bank transfer,Paid search,25,24,21,20,1711.3,0
2026-07-16,CR,Android,android-8.3,Digital wallet,Organic,23,23,21,21,1196.19,1
2026-07-19,BR,iOS,ios-12.1,Card,Paid search,39,36,31,31,1429.56,1
2026-08-11,US,Web,web,Bank transfer,Paid search,35,32,30,30,2600.43,0
2026-07-30,BR,Android,android-8.3,Bank transfer,Paid search,16,16,14,14,648.88,0
2026-07-23,CR,iOS,ios-12.1,Digital wallet,Paid social,8,7,6,6,281.3,0
2026-07-17,BR,iOS,ios-12.1,Digital wallet,Paid search,27,24,22,22,1029.13,0
2026-08-09,MX,Web,web,Digital wallet,Organic,52,49,43,43,2142.29,0
2026-08-15,CR,iOS,ios-12.1,Digital wallet,Organic,14,13,12,12,645.57,0
2026-08-09,MX,iOS,ios-12.1,Card,Paid search,47,44,43,42,2087.47,0
2026-08-06,MX,Android,android-8.3,Bank transfer,Paid search,8,6,4,4,204.21,0
2026-08-12,US,Web,web,Card,Organic,112,106,97,97,7896.87,1
2026-08-07,MX,iOS,ios-12.1,Bank transfer,Paid search,11,10,10,10,471.05,0
2026-08-13,MX,iOS,ios-12.1,Bank transfer,Organic,19,19,18,18,896.75,0
2026-08-08,CR,Web,web,Digital wallet,Paid search,14,14,14,14,731.83,0
2026-07-24,BR,iOS,ios-12.1,Card,Paid search,45,41,39,38,1654.29,0
2026-07-31,MX,Android,android-8.3,Bank transfer,Paid search,31,28,27,27,1306.52,0
2026-07-14,CR,iOS,ios-12.1,Card,Paid social,17,15,13,13,700.66,0
2026-07-22,US,iOS,ios-12.1,Bank transfer,Paid search,17,17,15,15,1133.16,0
2026-07-13,MX,Android,android-8.3,Card,Paid social,42,40,33,33,1593.39,0
2026-08-01,BR,Android,android-8.3,Digital wallet,Organic,53,50,47,47,2262.41,1
2026-08-13,BR,Android,android-8.3,Digital wallet,Paid social,8,8,5,5,218.98,0
2026-07-06,US,iOS,ios-12.1,Digital wallet,Organic,57,54,54,53,4628.09,0
2026-07-20,MX,iOS,ios-12.1,Bank transfer,Paid social,8,8,6,6,260.0,0
2026-08-08,MX,iOS,ios-12.1,Digital wallet,Paid search,29,28,26,25,1270.81,0
2026-07-29,CR,iOS,ios-12.1,Card,Paid search,8,8,7,7,380.55,0
2026-07-06,MX,Android,android-8.3,Card,Organic,73,68,60,58,3057.34,2
2026-08-15,BR,iOS,ios-12.1,Bank transfer,Paid social,14,13,12,12,495.85,0
2026-07-08,MX,Android,android-8.3,Card,Paid social,42,40,39,39,1791.13,0
2026-07-21,BR,Web,web,Bank transfer,Organic,22,22,21,20,850.74,0
2026-07-06,US,Android,android-8.3,Card,Paid social,60,59,59,58,4480.76,0
2026-07-22,MX,Web,web,Card,Organic,61,60,55,54,2681.66,0
2026-08-09,BR,Web,web,Digital wallet,Paid search,38,36,35,35,1653.59,0
2026-08-12,MX,Android,android-8.3,Digital wallet,Paid search,8,8,8,8,390.34,0
2026-07-26,BR,Web,web,Bank transfer,Paid search,17,17,15,14,625.5,0
2026-08-11,MX,iOS,ios-12.1,Bank transfer,Paid social,9,9,7,7,312.16,0
2026-07-26,US,iOS,ios-12.1,Bank transfer,Paid social,16,16,16,15,1225.88,1
2026-07-25,MX,Android,android-8.3,Digital wallet,Paid social,28,27,27,27,1118.88,1
2026-07-17,MX,iOS,ios-12.1,Card,Paid social,25,23,23,23,934.45,0
2026-07-20,US,iOS,ios-12.1,Digital wallet,Paid search,35,35,32,32,2369.06,0
2026-07-14,US,Web,web,Digital wallet,Organic,72,71,66,65,5668.33,0
2026-08-15,US,Android,android-8.3,Bank transfer,Paid search,32,31,31,30,2586.22,0
2026-08-02,CR,Android,android-8.3,Bank transfer,Organic,9,9,7,7,417.42,0
2026-07-18,BR,iOS,ios-12.1,Card,Paid social,19,18,15,15,583.57,0
2026-07-21,MX,Android,android-8.3,Bank transfer,Paid social,17,17,15,15,727.5,0
2026-08-16,MX,iOS,ios-12.1,Card,Organic,59,58,54,53,2915.71,0
2026-07-19,MX,Web,web,Card,Paid social,47,47,43,43,1996.96,1
2026-08-03,CR,iOS,ios-12.1,Bank transfer,Paid social,8,8,6,6,292.7,0
2026-08-11,MX,Android,android-8.3,Bank transfer,Paid social,8,8,7,7,291.27,0
2026-07-31,BR,Android,android-8.3,Card,Paid search,55,55,46,46,2017.47,1
2026-08-10,MX,Web,web,Card,Paid social,47,43,41,41,1675.65,0
2026-07-14,BR,iOS,ios-12.1,Digital wallet,Paid social,18,16,16,16,621.16,0
2026-07-16,MX,Android,android-8.3,Digital wallet,Organic,51,50,46,45,2436.01,0
2026-08-13,BR,Web,web,Card,Organic,74,74,68,68,2908.5,1
2026-07-27,MX,Web,web,Digital wallet,Organic,52,48,45,45,2378.37,0
2026-07-08,CR,Android,android-8.3,Digital wallet,Paid search,8,8,7,7,378.33,0
2026-08-05,US,iOS,ios-12.1,Card,Paid social,51,50,46,45,3403.56,0
2026-07-11,US,Web,web,Digital wallet,Paid social,64,60,59,59,4811.34,0
2026-07-26,BR,Android,android-8.3,Card,Organic,60,59,55,55,2469.75,1
2026-08-15,BR,Android,android-8.4,Card,Paid search,35,34,30,30,1233.51,1
2026-07-07,US,Android,android-8.3,Bank transfer,Paid search,24,22,19,19,1525.42,0
2026-08-13,BR,Android,android-8.3,Card,Paid social,8,7,7,7,295.74,0
2026-08-14,US,Web,web,Bank transfer,Paid social,35,35,28,28,2162.58,0
2026-07-06,BR,Android,android-8.3,Bank transfer,Organic,19,19,17,17,809.13,0
2026-07-18,MX,iOS,ios-12.1,Digital wallet,Paid social,28,27,23,22,937.38,1
2026-08-09,US,Web,web,Digital wallet,Paid search,52,50,44,44,3636.53,0
2026-08-15,MX,Web,web,Digital wallet,Organic,46,46,44,43,2261.02,0
2026-08-05,BR,Android,android-8.3,Card,Paid search,34,33,31,31,1420.12,0
2026-07-08,CR,Android,android-8.3,Digital wallet,Organic,24,24,23,23,1215.46,0
2026-08-10,MX,Android,android-8.3,Digital wallet,Paid social,8,8,8,8,376.18,0
2026-07-31,CR,Android,android-8.3,Digital wallet,Organic,22,22,20,20,1122.37,0
2026-07-11,US,Web,web,Bank transfer,Paid search,30,30,23,23,1869.51,0
2026-07-28,MX,Android,android-8.3,Bank transfer,Paid social,13,13,10,9,413.18,0
2026-07-17,US,Web,web,Digital wallet,Paid search,53,53,51,51,4223.4,1
2026-07-19,BR,iOS,ios-12.1,Bank transfer,Organic,23,23,23,23,1083.51,0
2026-08-02,US,Android,android-8.3,Digital wallet,Paid social,44,44,43,42,3140.03,2
2026-07-06,BR,Android,android-8.3,Card,Paid search,49,47,40,40,1866.97,2
2026-07-12,US,Android,android-8.3,Bank transfer,Organic,54,51,43,41,3291.36,0
2026-07-15,US,Web,web,Card,Paid search,99,96,94,93,7724.31,0
2026-07-15,US,Android,android-8.3,Card,Paid search,80,78,74,73,5145.07,2
2026-08-04,BR,Android,android-8.4,Digital wallet,Paid social,8,8,8,8,342.73,0
2026-08-06,CR,Web,web,Digital wallet,Paid social,9,8,7,6,287.32,0
2026-08-02,BR,Web,web,Card,Organic,64,64,56,55,2549.26,1
2026-07-28,MX,Web,web,Digital wallet,Paid social,39,38,38,38,1871.85,0
2026-08-08,US,Web,web,Digital wallet,Organic,98,93,87,85,6930.42,0
2026-07-20,BR,Android,android-8.3,Bank transfer,Organic,17,15,13,12,510.57,0
2026-07-10,US,Web,web,Digital wallet,Organic,66,63,61,60,5484.26,0
2026-07-28,MX,Web,web,Digital wallet,Organic,54,54,49,49,2373.04,0
2026-08-09,BR,iOS,ios-12.1,Digital wallet,Paid search,21,18,15,15,694.25,0
2026-08-10,US,Web,web,Bank transfer,Organic,33,32,29,29,2437.39,0
2026-08-03,BR,Android,android-8.3,Digital wallet,Paid search,28,27,21,21,893.29,0
2026-08-15,MX,Android,android-8.4,Bank transfer,Paid search,15,15,12,12,602.34,0
2026-08-10,CR,iOS,ios-12.1,Bank transfer,Paid search,8,8,7,6,342.62,0
2026-08-10,BR,Web,web,Card,Paid search,48,45,42,42,1793.97,0
2026-08-01,MX,Web,web,Card,Paid search,57,56,49,48,2484.11,0
2026-08-11,CR,Android,android-8.3,Bank transfer,Organic,8,8,7,7,397.67,0
2026-08-16,BR,Web,web,Digital wallet,Organic,44,44,41,41,1830.2,0
2026-07-28,br,Android,android-8.3,Digital wallet,Organic,45,44,42,41,1815.18,1
2026-08-04,BR,Android,android-8.3,Bank transfer,Paid social,16,16,12,12,468.89,0
2026-08-05,BR,Web,web,Card,Paid search,52,51,49,49,2123.96,1
2026-07-15,CR,Android,android-8.3,Bank transfer,Paid search,12,11,10,10,540.38,0
2026-08-16,MX,Android,android-8.4,Card,Paid search,37,36,32,32,1546.89,0
2026-08-10,BR,Android,android-8.3,Card,Organic,14,13,12,12,570.09,0
2026-07-19,CR,Web,web,Card,Paid social,25,23,20,20,962.82,0
2026-07-21,US,Web,web,Digital wallet,Paid search,55,55,53,51,4489.13,1
2026-07-22,MX,iOS,ios-12.1,Bank transfer,Organic,21,21,16,16,826.69,0
2026-07-06,CR,Web,web,Card,Paid social,18,17,16,16,752.63,0
2026-07-25,BR,Android,android-8.3,Card,Paid search,62,60,56,54,2313.19,2
2026-08-09,CR,Web,web,Digital wallet,Organic,22,22,19,18,931.58,0
2026-08-13,MX,Web,web,Bank transfer,Paid social,12,11,9,9,404.55,0
2026-07-24,MX,Web,web,Bank transfer,Paid search,26,26,23,23,1217.6,0
2026-07-30,MX,iOS,ios-12.1,Bank transfer,Organic,19,17,15,13,620.94,0
2026-07-15,US,iOS,ios-12.1,Card,Paid social,48,47,44,44,3090.3,0
2026-08-10,US,iOS,ios-12.1,Digital wallet,Paid social,29,27,27,26,2125.58,0
2026-08-16,CR,Android,android-8.3,Card,Paid social,15,14,13,13,631.68,0
2026-07-29,BR,Web,web,Bank transfer,Paid search,20,18,17,16,708.42,0
2026-07-13,CR,Web,web,Bank transfer,Paid social,8,8,8,8,399.61,0
2026-07-26,BR,Web,web,Digital wallet,Paid search,34,33,31,30,1309.7,0
2026-07-09,BR,iOS,ios-12.1,Digital wallet,Paid search,24,22,22,22,890.0,0
2026-08-03,MX,iOS,ios-12.1,Digital wallet,Paid social,25,24,23,23,1068.41,1
2026-07-12,CR,Android,android-8.3,Digital wallet,Paid social,16,16,14,14,660.69,0
2026-08-02,MX,iOS,ios-12.1,Bank transfer,Paid social,14,13,11,11,502.47,0
2026-07-22,MX,Android,android-8.3,Digital wallet,Paid social,24,23,22,22,929.04,0
2026-07-09,US,iOS,ios-12.1,Bank transfer,Organic,41,41,39,38,3452.6,1
2026-07-11,US,Web,web,Bank transfer,Paid social,27,27,25,25,1870.2,0
2026-08-04,MX,Android,android-8.4,Card,Paid social,8,8,8,8,351.06,0
2026-07-23,BR,iOS,ios-12.1,Card,Paid search,35,35,31,31,1297.18,0
2026-08-04,US,Web,web,Bank transfer,Organic,25,22,20,19,1656.92,1
2026-07-20,US,Web,web,Card,Paid search,96,92,88,88,7197.34,0
2026-07-26,BR,iOS,ios-12.1,Digital wallet,Organic,30,29,22,22,1041.55,0
2026-08-14,CR,Android,android-8.3,Bank transfer,Paid search,8,8,8,8,486.3,0
2026-07-07,BR,Web,web,Card,Paid social,39,37,34,34,1369.98,0
2026-07-20,MX,Web,web,Digital wallet,Paid search,34,33,29,29,1310.34,0
2026-08-08,US,iOS,ios-12.1,Digital wallet,Organic,73,72,69,69,5892.74,0
2026-07-20,BR,Android,android-8.3,Bank transfer,Paid search,12,12,9,8,347.0,0
2026-08-09,CR,iOS,ios-12.1,Bank transfer,Paid social,8,8,7,7,340.22,0
2026-08-04,US,iOS,ios-12.1,Card,Organic,80,79,74,72,6257.34,0
2026-08-15,MX,iOS,ios-12.1,Bank transfer,Organic,20,20,18,17,779.12,0
2026-08-06,CR,iOS,ios-12.1,Card,Paid search,10,9,8,8,411.0,0
2026-07-22,BR,Android,android-8.3,Card,Paid search,40,40,38,38,1649.61,0
2026-07-30,CR,iOS,ios-12.1,Card,Paid social,9,9,7,7,331.9,0
2026-07-12,MX,iOS,ios-12.1,Bank transfer,Paid social,19,19,18,17,763.28,0
2026-08-11,MX,Android,android-8.4,Bank transfer,Paid search,19,19,18,17,883.04,0
2026-07-08,US,iOS,ios-12.1,Card,Paid social,62,59,55,55,4089.94,0
2026-08-04,MX,Web,web,Bank transfer,Organic,15,15,14,14,704.14,0
2026-08-03,US,iOS,ios-12.1,Card,Organic,75,72,62,61,5359.53,1
2026-07-08,MX,Android,android-8.3,Bank transfer,Paid social,16,15,13,12,500.14,0
2026-07-24,MX,iOS,ios-12.1,Bank transfer,Paid search,10,10,10,10,505.62,1
2026-08-15,MX,Android,android-8.4,Digital wallet,Paid social,16,15,10,9,419.4,2
2026-07-29,BR,Web,web,Card,Paid social,43,42,36,35,1492.1,0
2026-07-19,MX,iOS,ios-12.1,Card,Paid search,38,37,34,34,1437.32,1
2026-07-13,CR,Android,android-8.3,Bank transfer,Paid search,8,7,7,7,348.96,0
2026-07-23,US,iOS,ios-12.1,Bank transfer,Organic,30,29,28,28,2182.94,0
2026-07-22,US,Android,android-8.3,Digital wallet,Paid search,65,62,61,61,4971.1,1
2026-08-16,MX,Android,android-8.4,Bank transfer,Organic,15,15,15,15,809.75,1
2026-08-09,MX,iOS,ios-12.1,Digital wallet,Paid social,16,15,12,12,517.85,0
2026-07-31,BR,Android,android-8.3,Bank transfer,Paid social,15,14,11,11,442.3,0
2026-07-07,BR,Android,android-8.3,Card,Paid search,40,39,37,36,1580.32,0
2026-07-25,US,Web,web,Bank transfer,Paid social,40,40,35,34,2626.4,0
2026-08-03,BR,Android,android-8.3,Bank transfer,Organic,20,19,19,19,872.99,0
2026-08-15,BR,Android,android-8.4,Bank transfer,Organic,20,20,16,16,699.25,0
2026-08-10,MX,Android,android-8.4,Bank transfer,Paid search,20,19,17,17,814.55,0
2026-08-02,CR,iOS,ios-12.1,Digital wallet,Organic,12,12,12,12,631.43,1
2026-08-14,CR,Android,android-8.3,Digital wallet,Organic,15,15,13,13,720.34,0
2026-08-13,BR,Web,web,Digital wallet,Organic,51,49,46,45,1920.91,0
2026-07-25,MX,Android,android-8.3,Card,Organic,72,69,58,58,2801.6,0
2026-07-08,BR,Web,web,Digital wallet,Organic,45,45,40,38,1640.41,0
2026-08-14,BR,Android,android-8.4,Bank transfer,Paid social,8,7,4,4,159.76,0
2026-08-16,CR,iOS,ios-12.1,Card,Paid social,13,13,12,12,574.52,0
2026-08-16,BR,Android,android-8.3,Digital wallet,Paid search,8,8,8,8,405.58,0
2026-08-05,CR,Android,android-8.3,Digital wallet,Organic,18,17,16,16,831.3,0
2026-08-07,BR,iOS,ios-12.1,Digital wallet,Paid social,19,18,16,16,676.71,0
2026-07-09,BR,Android,android-8.3,Bank transfer,Paid social,21,20,14,14,571.9,0
2026-07-31,BR,iOS,ios-12.1,Card,Organic,69,64,55,54,2444.28,2
2026-07-27,US,Android,android-8.3,Bank transfer,Organic,38,37,33,32,2628.74,0
2026-07-30,US,Android,android-8.3,Digital wallet,Paid social,49,47,46,46,3691.29,1
2026-07-26,BR,Web,web,Digital wallet,Organic,43,41,38,36,1528.4,1
2026-07-26,US,Android,android-8.3,Card,Paid search,84,83,73,72,5200.57,1
2026-08-13,CR,Web,web,Digital wallet,Paid search,19,18,15,13,705.29,0
2026-08-01,CR,Android,android-8.3,Bank transfer,Organic,8,7,7,7,421.28,0
2026-07-28,BR,Android,android-8.3,Bank transfer,Paid search,23,23,21,21,872.79,0
2026-07-24,CR,Web,web,Digital wallet,Paid social,9,8,7,7,358.21,0
2026-07-28,MX,Web,web,Card,Paid social,39,39,33,31,1338.3,0
2026-07-17,US,iOS,ios-12.1,Digital wallet,Organic,59,56,54,54,4682.32,1
2026-07-30,US,Web,web,Bank transfer,Paid social,25,25,22,21,1618.98,0
2026-07-11,US,Android,android-8.3,Digital wallet,Organic,80,75,70,67,5794.1,1
2026-07-06,BR,Web,web,Bank transfer,Paid search,26,26,22,22,1040.48,0
2026-07-08,CR,Android,android-8.3,Bank transfer,Paid search,8,8,7,7,372.29,0
2026-07-18,MX,Web,web,Bank transfer,Paid social,20,16,15,15,627.81,0
2026-07-12,MX,Web,web,Card,Organic,54,52,44,43,2251.49,1
2026-07-06,US,Android,android-8.3,Bank transfer,Paid search,27,27,24,24,2089.7,0
2026-07-23,CR,Android,android-8.3,Digital wallet,Paid search,13,13,12,12,675.64,0
2026-07-25,US,Android,android-8.3,Card,Paid search,102,96,86,84,7026.77,1
2026-08-02,BR,iOS,ios-12.1,Digital wallet,Organic,32,32,28,28,1401.44,0
2026-08-07,MX,Android,android-8.4,Digital wallet,Paid search,8,8,8,8,389.35,1
2026-07-10,US,iOS,ios-12.1,Card,Organic,88,84,79,78,6254.84,1
2026-07-31,MX,Android,android-8.3,Digital wallet,Paid search,38,38,37,37,1661.78,0
2026-08-10,MX,Android,android-8.3,Bank transfer,Organic,9,8,8,8,451.8,0
2026-07-19,CR,iOS,ios-12.1,Digital wallet,Paid social,8,8,8,8,367.35,0
2026-08-10,CR,Android,android-8.3,Card,Paid social,11,9,8,8,387.42,0
2026-07-27,MX,Android,android-8.3,Digital wallet,Organic,42,40,40,40,2223.02,0
2026-07-06,MX,iOS,ios-12.1,Digital wallet,Organic,33,29,29,28,1361.38,1
2026-08-11,CR,Android,android-8.3,Digital wallet,Paid search,15,15,11,11,577.19,0
2026-07-25,BR,Android,android-8.3,Digital wallet,Paid social,19,18,18,18,733.02,0
2026-07-23,BR,Android,android-8.3,Card,Paid social,45,44,43,41,1635.03,2
2026-07-20,MX,iOS,ios-12.1,Digital wallet,Paid social,17,17,16,16,695.24,0
2026-08-10,MX,Android,android-8.4,Bank transfer,Organic,18,18,16,15,823.68,0
2026-08-06,US,Web,web,Bank transfer,Paid social,18,18,18,18,1282.65,0
2026-07-31,BR,Web,web,Card,Paid search,47,46,43,43,1880.55,1
2026-07-09,US,Web,web,Bank transfer,Paid social,25,24,20,20,1442.92,0
2026-07-16,MX,Android,android-8.3,Card,Organic,62,62,56,55,2902.37,1
2026-07-10,US,iOS,ios-12.1,Bank transfer,Organic,33,33,30,30,2488.01,1
2026-07-19,US,Android,android-8.3,Bank transfer,Paid search,19,19,17,17,1373.22,0
2026-07-11,BR,Android,android-8.3,Digital wallet,Organic,54,52,48,48,1941.05,0
2026-07-10,MX,Web,web,Bank transfer,Paid search,24,24,21,21,1004.67,0
2026-08-04,CR,Web,web,Bank transfer,Paid social,8,8,7,7,345.74,0
2026-07-20,BR,iOS,ios-12.1,Card,Paid social,33,31,27,27,1055.08,1
2026-07-23,CR,Web,web,Bank transfer,Paid search,8,7,7,7,386.66,0
2026-07-17,US,Android,android-8.3,Card,Organic,139,134,125,122,10105.48,2
2026-07-13,MX,Android,android-8.3,Card,Organic,63,59,54,52,2620.03,0
2026-07-14,US,Web,web,Bank transfer,Organic,39,38,30,30,2352.77,0
2026-07-15,MX,iOS,ios-12.1,Bank transfer,Organic,17,17,16,16,851.74,0
2026-08-05,US,Android,android-8.3,Card,Organic,117,112,100,99,8408.94,1
2026-07-14,CR,Web,web,Card,Organic,25,25,20,19,1148.18,0
2026-07-31,US,iOS,ios-12.1,Bank transfer,Organic,31,29,26,25,2169.73,2
2026-07-18,MX,iOS,ios-12.1,Bank transfer,Paid search,11,11,9,8,413.99,0
2026-07-19,BR,Android,android-8.3,Digital wallet,Organic,39,39,36,36,1659.42,0
2026-08-08,US,Android,android-8.3,Bank transfer,Paid social,27,27,23,22,1574.05,1
2026-08-08,MX,iOS,ios-12.1,Digital wallet,Organic,37,36,34,34,1774.12,1
2026-08-14,BR,Android,android-8.3,Bank transfer,Paid search,8,7,7,6,261.89,0
2026-07-08,CR,Web,web,Card,Paid search,14,14,14,14,756.94,0
2026-08-16,BR,iOS,ios-12.1,Digital wallet,Organic,30,29,27,26,1159.2,1
2026-08-05,CR,iOS,ios-12.1,Bank transfer,Organic,8,7,6,6,338.75,0
2026-08-16,US,Android,android-8.3,Bank transfer,Paid search,22,21,20,19,1575.76,0
2026-07-25,US,Web,web,Bank transfer,Organic,50,49,46,46,3979.72,1
2026-07-18,US,iOS,ios-12.1,Digital wallet,Paid search,45,44,42,40,3469.74,3
2026-07-15,US,Web,web,Digital wallet,Paid social,41,39,37,37,2862.31,0
2026-07-08,US,Android,android-8.3,Bank transfer,Paid search,27,27,23,23,2034.38,0
2026-08-06,MX,iOS,ios-12.1,Card,Paid search,42,40,38,38,1795.52,0
2026-07-31,US,iOS,ios-12.1,Digital wallet,Organic,58,57,54,54,4667.82,0
2026-07-14,MX,Web,web,Digital wallet,Organic,46,46,45,45,2491.88,0
2026-07-31,US,Web,web,Card,Paid search,90,85,70,66,5111.93,0
2026-07-11,CR,iOS,ios-12.1,Card,Organic,24,23,23,22,1099.52,1
2026-07-12,BR,Android,android-8.3,Bank transfer,Paid social,12,12,10,10,427.7,0
2026-07-28,CR,iOS,ios-12.1,Digital wallet,Organic,19,19,19,19,1063.73,0
2026-07-22,MX,Android,android-8.3,Card,Paid search,48,47,40,40,1897.35,0
2026-07-11,BR,iOS,ios-12.1,Card,Paid social,33,30,28,28,1136.94,0
2026-07-12,MX,Android,android-8.3,Card,Organic,74,71,63,62,2725.78,0
2026-07-11,US,iOS,ios-12.1,Card,Paid social,48,47,45,44,3479.14,1
2026-07-20,CR,Android,android-8.3,Card,Organic,33,33,33,33,1856.2,0
2026-07-12,CR,iOS,ios-12.1,Card,Organic,18,18,17,17,932.37,0
2026-07-13,BR,Android,android-8.3,Bank transfer,Organic,24,24,23,22,945.41,0
2026-08-11,US,Android,android-8.3,Bank transfer,Paid social,26,25,24,24,1834.22,0
2026-08-13,CR,Web,web,Digital wallet,Paid social,17,16,16,16,801.6,0
2026-07-08,US,Android,android-8.3,Digital wallet,Paid social,50,50,46,46,3409.22,0
2026-07-19,BR,Web,web,Bank transfer,Organic,21,19,17,16,711.71,0
2026-07-31,CR,Android,android-8.3,Bank transfer,Paid search,13,13,13,13,704.74,1
2026-08-15,CR,iOS,ios-12.1,Bank transfer,Organic,8,8,7,7,393.88,0
2026-08-09,BR,Android,android-8.4,Card,Paid social,8,8,8,8,321.68,0
2026-07-23,CR,Web,web,Card,Paid social,22,22,19,19,911.39,2
2026-07-26,US,iOS,ios-12.1,Card,Paid search,65,65,62,59,4567.59,0
2026-07-30,BR,iOS,ios-12.1,Digital wallet,Paid search,29,29,25,25,1111.02,0
2026-07-23,MX,Android,android-8.3,Bank transfer,Paid search,12,12,12,12,556.76,0
2026-07-30,CR,Web,web,Digital wallet,Paid search,12,11,11,11,583.84,0
2026-07-26,MX,Android,android-8.3,Card,Paid search,53,50,46,46,2426.01,0
2026-07-21,US,Web,web,Bank transfer,Paid social,24,21,21,21,1720.4,0
2026-07-30,BR,iOS,ios-12.1,Card,Organic,62,61,54,53,2326.03,0
2026-07-23,CR,Android,android-8.3,Card,Organic,-1,26,24,24,1206.35,1
2026-07-31,US,Android,android-8.3,Card,Paid search,94,89,82,79,6483.69,3
2026-07-29,CR,iOS,ios-12.1,Digital wallet,Paid social,13,12,12,12,561.6,0
2026-07-21,MX,Android,android-8.3,Digital wallet,Paid search,34,33,31,30,1506.6,1
2026-08-09,US,iOS,ios-12.1,Bank transfer,Paid search,24,24,24,24,1896.06,1
2026-08-10,US,Android,android-8.3,Digital wallet,Organic,67,62,59,56,4476.88,1
2026-07-28,CR,Web,web,Digital wallet,Paid search,17,17,16,16,820.82,1
2026-08-14,CR,Web,web,Card,Paid search,22,22,21,21,965.06,1
2026-08-11,CR,Android,android-8.3,Card,Paid social,11,11,11,11,519.43,0
2026-07-07,CR,Web,web,Bank transfer,Paid search,9,7,7,7,352.76,0
2026-08-16,US,iOS,ios-12.1,Card,Organic,76,72,66,65,5631.07,0
2026-07-18,MX,Web,web,Card,Paid social,50,48,44,41,1844.62,0
2026-08-09,CR,Android,android-8.3,Bank transfer,Paid social,8,8,7,7,320.79,0
2026-08-10,BR,Android,android-8.3,Card,Paid social,8,6,6,6,246.92,0
2026-07-18,US,iOS,ios-12.1,Bank transfer,Paid search,19,18,17,17,1353.36,0
2026-08-15,CR,iOS,ios-12.1,Card,Organic,22,22,20,20,1128.66,1
2026-07-23,cr,Android,android-8.3,Card,Paid search,20,20,18,18,989.97,0
2026-08-01,CR,Android,android-8.3,Bank transfer,Paid search,8,7,7,7,361.68,0
2026-07-16,CR,Web,web,Bank transfer,Paid social,8,7,7,7,318.3,0
2026-08-08,BR,Android,android-8.4,Bank transfer,Paid social,8,8,6,6,233.7,0
2026-07-13,MX,iOS,ios-12.1,Card,Organic,43,41,35,35,1642.19,1
2026-07-16,MX,Android,android-8.3,Bank transfer,Organic,22,22,22,22,1147.95,0
2026-07-29,US,Android,android-8.3,Card,Paid social,68,64,61,61,4687.29,2
2026-08-11,MX,Android,android-8.3,Digital wallet,Paid search,8,8,8,8,406.92,0
2026-08-15,MX,iOS,ios-12.1,Bank transfer,Paid social,11,11,10,10,413.08,0
2026-07-23,MX,Android,android-8.3,Card,Paid search,52,50,45,45,2254.08,0
2026-07-06,MX,Web,web,Card,Paid search,62,59,56,54,2550.87,1
2026-08-08,US,iOS,ios-12.1,Card,Paid search,59,58,55,53,3982.66,0
2026-08-06,MX,Android,android-8.4,Digital wallet,Paid search,8,8,7,7,336.95,0
2026-08-06,US,Android,android-8.3,Bank transfer,Organic,47,47,39,38,3148.66,2
2026-08-02,US,Web,web,Digital wallet,Paid social,45,44,43,43,3073.99,0
2026-08-11,CR,iOS,ios-12.1,Digital wallet,Paid search,19,19,19,19,1060.15,1
2026-08-16,US,iOS,ios-12.1,Card,Paid social,55,55,49,49,4041.19,0
2026-07-28,US,iOS,ios-12.1,Digital wallet,Paid social,33,33,31,30,2325.11,0
2026-07-17,BR,Web,web,Card,Organic,75,73,70,70,3163.64,0
2026-08-01,CR,iOS,ios-12.1,Card,Organic,14,14,13,13,795.74,0
2026-07-30,CR,iOS,ios-12.1,Bank transfer,Organic,8,8,7,7,415.97,0
2026-07-22,US,iOS,ios-12.1,Bank transfer,Paid social,20,20,18,18,1367.14,0
2026-08-02,CR,Android,android-8.3,Bank transfer,Paid search,8,7,6,6,327.27,0
2026-08-11,BR,iOS,ios-12.1,Card,Paid search,28,28,26,26,1116.47,0
2026-07-10,US,Web,web,Card,Paid search,82,79,69,69,5784.08,1
2026-07-27,MX,Web,web,Digital wallet,Paid social,21,21,18,18,724.55,0
2026-08-01,BR,Android,android-8.3,Bank transfer,Paid search,15,15,13,13,541.79,0
2026-08-09,MX,Android,android-8.3,Digital wallet,Paid social,24,20,18,18,738.04,0
2026-08-11,BR,Android,android-8.4,Digital wallet,Paid search,24,23,22,22,967.92,4
2026-07-27,MX,Web,web,Card,Organic,65,63,56,56,2828.77,1
2026-07-17,BR,Web,web,Card,Paid social,35,32,29,27,1174.06,0
2026-07-24,US,Web,web,Bank transfer,Paid social,20,19,18,17,1195.24,0
2026-07-14,BR,Android,android-8.3,Card,Organic,62,60,57,56,2603.48,0
2026-08-07,US,Android,android-8.3,Card,Organic,118,114,100,99,7578.11,1
2026-07-19,CR,Android,android-8.3,Bank transfer,Paid search,8,8,8,7,337.43,0
2026-07-24,MX,Web,web,Digital wallet,Organic,63,61,57,55,2859.9,0
2026-08-12,US,iOS,ios-12.1,Bank transfer,Paid search,19,19,17,17,1569.52,0
2026-07-20,CR,Android,android-8.3,Bank transfer,Paid social,8,8,7,7,355.97,0
2026-07-24,US,iOS,ios-12.1,Bank transfer,Organic,30,29,27,27,2225.57,0
2026-07-30,MX,Web,web,Card,Organic,61,57,51,50,2418.48,0
2026-07-30,BR,Web,web,Card,Organic,61,59,54,54,2409.23,0
2026-08-03,CR,Web,web,Bank transfer,Paid search,9,9,8,8,413.83,0
2026-07-11,BR,iOS,ios-12.1,Bank transfer,Organic,27,27,22,21,895.43,0
2026-08-02,US,Android,android-8.3,Bank transfer,Paid search,31,31,29,28,2313.35,0
2026-07-06,MX,Web,web,Digital wallet,Organic,35,35,34,33,1653.25,0
2026-08-05,BR,Android,android-8.3,Digital wallet,Paid social,23,23,22,22,818.68,1
2026-07-23,MX,iOS,ios-12.1,Bank transfer,Organic,23,21,16,15,779.01,0
2026-08-11,CR,Android,android-8.3,Card,Organic,20,20,19,19,1104.57,0
2026-07-20,US,iOS,ios-12.1,Digital wallet,Organic,43,43,43,43,3602.25,0
2026-08-13,MX,Android,android-8.3,Card,Paid search,10,10,8,8,369.42,0
2026-07-11,US,iOS,ios-12.1,Card,Organic,100,98,93,93,8153.2,0
2026-07-18,CR,Android,android-8.3,Card,Paid social,20,20,18,18,833.57,0
2026-07-06,MX,Web,web,Bank transfer,Paid search,14,14,14,14,727.0,0
2026-08-11,MX,Android,android-8.3,Card,Paid social,8,8,7,7,295.27,0
2026-08-06,BR,iOS,ios-12.1,Digital wallet,Paid social,21,21,16,16,660.52,0
2026-07-06,CR,Web,web,Digital wallet,Paid social,8,8,7,7,329.55,0
2026-07-19,BR,Web,web,Digital wallet,Paid search,32,30,29,29,1263.98,0
2026-07-26,MX,Android,android-8.3,Bank transfer,Paid social,12,12,9,9,433.54,0
2026-07-30,BR,iOS,ios-12.1,Bank transfer,Paid search,10,10,9,9,400.12,0
2026-07-22,US,Web,web,Digital wallet,Paid social,38,36,36,36,2410.99,0
2026-07-23,MX,iOS,ios-12.1,Digital wallet,Paid social,22,21,21,20,919.98,0
2026-07-17,BR,iOS,ios-12.1,Card,Paid search,39,38,36,33,1410.5,0
2026-07-25,US,Web,web,Card,Paid search,97,94,86,85,6947.23,1
2026-08-03,CR,Android,android-8.3,Card,Organic,32,32,30,29,1710.96,0
2026-07-23,US,iOS,ios-12.1,Card,Organic,77,75,66,66,5620.96,1
2026-07-20,MX,Web,web,Card,Organic,81,77,71,70,3413.3,1
2026-08-12,BR,Web,web,Bank transfer,Organic,15,15,12,12,555.8,0
2026-08-06,US,Web,web,Digital wallet,Organic,76,71,70,68,5615.89,0
2026-08-02,MX,iOS,ios-12.1,Digital wallet,Paid search,25,24,23,23,1096.87,0
2026-08-11,CR,iOS,ios-12.1,Digital wallet,Paid social,8,8,7,7,306.11,0
2026-08-10,BR,Android,android-8.3,Digital wallet,Paid search,8,8,8,8,342.56,0
2026-08-14,US,Web,web,Digital wallet,Organic,96,93,88,87,7144.98,3
2026-07-16,US,iOS,ios-12.1,Bank transfer,Paid search,23,22,19,19,1481.18,0
2026-07-30,BR,Web,web,Bank transfer,Paid social,21,20,18,18,718.39,0
2026-08-12,US,iOS,ios-12.1,Card,Paid search,60,60,57,55,4394.12,0
2026-07-21,BR,Android,android-8.3,Card,Paid search,35,34,33,33,1365.4,1
2026-08-07,BR,Android,android-8.4,Card,Paid search,8,8,8,8,371.57,0
2026-07-15,US,Android,android-8.3,Digital wallet,Paid search,55,53,50,49,4054.62,0
2026-08-05,US,Web,web,Digital wallet,Paid search,75,71,70,70,6056.7,0
2026-07-27,BR,Android,android-8.3,Card,Paid search,45,44,40,38,1576.19,0
2026-07-15,MX,Android,android-8.3,Bank transfer,Organic,38,38,32,31,1605.14,0
2026-08-09,CR,Android,android-8.3,Digital wallet,Paid search,8,8,8,8,424.37,1
2026-08-03,BR,Android,android-8.3,Digital wallet,Paid social,24,23,23,22,929.37,0
2026-08-09,CR,Android,android-8.3,Bank transfer,Paid search,8,8,8,8,421.54,0
2026-07-13,MX,Android,android-8.3,Digital wallet,Organic,49,48,46,44,2274.55,0
2026-07-14,US,Android,android-8.3,Digital wallet,Paid social,49,47,43,43,3452.85,0
2026-07-30,MX,iOS,ios-12.1,Card,Paid social,37,36,35,35,1412.17,0
2026-07-22,MX,Android,android-8.3,Card,Paid search,48,47,40,40,1897.35,0
2026-08-10,CR,Web,web,Bank transfer,Paid search,8,8,8,8,394.26,0
2026-08-11,BR,Android,android-8.4,Bank transfer,Paid search,8,8,6,6,255.82,0
2026-07-12,CR,iOS,ios-12.1,Digital wallet,Paid search,15,14,13,13,625.91,0
2026-07-08,MX,Web,web,Bank transfer,Paid search,22,21,15,15,752.22,1
2026-07-11,BR,Web,web,Bank transfer,Organic,32,32,27,26,1171.66,0
2026-07-13,CR,iOS,ios-12.1,Bank transfer,Paid social,8,7,7,7,339.44,1
2026-07-23,BR,iOS,ios-12.1,Card,Paid social,17,17,13,13,543.81,0
2026-08-08,BR,Android,android-8.3,Bank transfer,Organic,24,24,18,18,857.68,0
2026-07-20,BR,Android,android-8.3,Card,Paid social,39,36,32,31,1197.1,0
2026-07-07,US,iOS,ios-12.1,Card,Paid search,63,63,59,59,4885.7,1
2026-07-22,BR,Android,android-8.3,Digital wallet,Paid search,27,26,22,22,983.59,0
2026-07-06,US,Android,android-8.3,Bank transfer,Paid social,28,27,22,22,1504.36,1
2026-08-15,US,Web,web,Card,Paid search,76,75,65,64,4759.28,0
2026-07-21,MX,Android,android-8.3,Digital wallet,Organic,35,34,33,33,1628.66,0
2026-08-14,BR,Web,web,Digital wallet,Organic,62,61,58,58,2295.17,0
2026-08-05,MX,Android,android-8.4,Bank transfer,Organic,8,7,7,7,356.71,0
2026-08-08,US,iOS,ios-12.1,Bank transfer,Organic,31,30,27,26,2431.77,0
2026-07-17,BR,Web,web,Digital wallet,Paid search,46,45,43,43,1869.98,0
2026-08-03,BR,Android,android-8.3,Card,Paid search,38,38,33,33,1439.72,0
2026-07-23,BR,iOS,ios-12.1,Bank transfer,Paid social,11,11,9,9,387.06,0
2026-08-01,MX,Android,android-8.3,Digital wallet,Organic,62,59,57,57,2973.48,2
2026-07-09,CR,Web,web,Digital wallet,Paid search,16,16,16,16,906.3,0
2026-07-31,BR,iOS,ios-12.1,Card,Paid social,38,37,33,33,1236.34,0
2026-08-07,CR,Web,web,Card,Paid social,27,26,24,24,1181.58,0
2026-08-11,BR,Android,android-8.4,Bank transfer,Organic,26,26,23,23,1037.38,0
2026-08-10,BR,iOS,ios-12.1,Digital wallet,Paid search,21,19,18,18,813.52,0
2026-08-06,MX,Android,android-8.4,Bank transfer,Organic,8,8,7,7,354.3,0
2026-08-04,CR,Web,web,Card,Organic,33,31,30,29,1684.57,0
2026-07-30,BR,Android,android-8.3,Bank transfer,Organic,18,18,15,15,731.36,0
2026-08-05,US,iOS,ios-12.1,Bank transfer,Paid social,13,13,10,10,742.55,0
2026-07-18,BR,iOS,ios-12.1,Bank transfer,Paid search,17,17,14,13,564.95,0
2026-07-13,US,iOS,ios-12.1,Bank transfer,Paid search,18,18,16,16,1456.28,0
2026-07-14,BR,iOS,ios-12.1,Bank transfer,Paid search,17,17,15,15,638.18,0
2026-08-04,CR,Android,android-8.3,Digital wallet,Organic,23,23,21,20,1034.59,1
2026-07-13,CR,iOS,ios-12.1,Digital wallet,Paid social,9,9,9,9,471.72,0
2026-08-11,CR,iOS,ios-12.1,Bank transfer,Paid social,8,8,7,7,355.13,0
2026-07-27,BR,Web,web,Digital wallet,Organic,43,40,39,38,1695.84,1
2026-07-25,BR,Android,android-8.3,Card,Organic,70,65,55,53,2325.29,0
2026-07-29,US,iOS,ios-12.1,Digital wallet,Organic,54,53,51,51,4281.79,0
2026-08-14,US,iOS,ios-12.1,Card,Paid search,59,55,51,49,4066.55,0
2026-08-08,MX,Android,android-8.4,Digital wallet,Paid social,8,8,6,6,276.5,0
2026-07-15,US,iOS,ios-12.1,Bank transfer,Paid search,22,19,14,14,1172.43,0
2026-07-16,BR,iOS,ios-12.1,Bank transfer,Organic,17,17,15,15,722.67,0
2026-07-26,US,Android,android-8.3,Bank transfer,Paid social,19,18,15,15,1112.49,0
2026-07-17,CR,Web,web,Digital wallet,Paid search,14,13,12,12,723.53,0
2026-08-08,US,Android,android-8.3,Bank transfer,Paid search,34,32,29,29,2371.01,0
2026-07-24,MX,Web,web,Digital wallet,Paid search,25,25,25,25,1228.76,1
2026-08-16,BR,iOS,ios-12.1,Card,Paid social,29,29,27,27,1095.93,1
2026-07-26,CR,Android,android-8.3,Digital wallet,Organic,19,19,18,18,974.74,0
2026-08-03,CR,Web,web,Bank transfer,Paid social,8,7,7,7,328.55,0
2026-07-09,CR,iOS,ios-12.1,Card,Paid search,19,19,18,18,951.89,0
2026-07-09,CR,iOS,ios-12.1,Bank transfer,Paid search,8,8,7,7,376.33,0
2026-08-15,US,iOS,ios-12.1,Digital wallet,Paid search,46,44,43,42,3363.81,0
2026-08-08,BR,Web,web,Digital wallet,Paid search,29,29,27,27,1202.85,0
2026-07-26,MX,Web,web,Digital wallet,Paid social,26,24,24,24,1077.56,0
2026-08-14,MX,Android,android-8.4,Bank transfer,Organic,17,17,13,13,614.62,0
2026-08-07,MX,Android,android-8.3,Bank transfer,Paid search,13,13,13,13,692.79,0
2026-08-03,BR,Web,web,Digital wallet,Paid search,33,33,32,32,1440.2,0
2026-07-06,BR,iOS,ios-12.1,Card,Paid search,38,36,33,33,1442.16,1
2026-08-07,MX,iOS,ios-12.1,Card,Organic,56,55,47,47,2292.25,0
2026-07-12,BR,Android,android-8.3,Bank transfer,Organic,23,23,21,20,968.28,1
2026-07-21,BR,Android,android-8.3,Bank transfer,Paid social,16,16,14,14,503.92,0
2026-07-11,US,Android,android-8.3,Digital wallet,Paid social,48,44,44,43,3177.13,2
2026-08-08,BR,Web,web,Digital wallet,Organic,56,52,50,49,2211.52,3
2026-07-17,US,Android,android-8.3,Card,Paid search,86,85,81,81,6474.73,1
2026-08-05,US,iOS,ios-12.1,Digital wallet,Paid search,44,41,40,40,3128.41,0
2026-07-25,CR,Android,android-8.3,Bank transfer,Organic,16,15,15,15,826.05,0
2026-07-26,US,Web,web,Card,Paid search,87,84,75,75,6243.3,1
2026-07-27,MX,Android,android-8.3,Digital wallet,Paid social,21,20,18,18,860.39,0
2026-07-07,BR,Web,web,Card,Paid search,37,36,29,28,1208.25,0
2026-07-27,MX,Web,web,Card,Paid social,31,30,26,25,1053.12,0
2026-07-11,US,iOS,ios-12.1,Card,Paid search,55,55,48,46,3910.71,1
2026-08-06,BR,Android,android-8.3,Card,Organic,65,64,58,58,2679.26,0
2026-07-30,US,iOS,ios-12.1,Bank transfer,Paid social,24,22,20,20,1537.63,0
2026-08-15,BR,Android,android-8.3,Card,Organic,14,13,11,11,440.51,0
2026-08-07,CR,Android,android-8.3,Digital wallet,Organic,22,21,19,19,1046.32,0
2026-07-29,BR,Android,android-8.3,Bank transfer,Paid search,21,21,19,19,801.41,0
2026-08-02,BR,iOS,ios-12.1,Card,Paid social,21,21,18,18,645.07,0
2026-07-18,CR,Web,web,Digital wallet,Paid social,8,8,7,7,312.81,0
2026-08-05,BR,Web,web,Bank transfer,Organic,24,24,23,22,967.71,0
2026-07-17,CR,Android,android-8.3,Digital wallet,Paid social,15,15,15,15,697.43,1
2026-08-15,US,Android,android-8.3,Card,Paid social,75,70,66,65,5075.23,1
2026-07-16,US,Web,web,Bank transfer,Organic,40,38,36,36,3009.91,0
2026-08-16,US,iOS,ios-12.1,Digital wallet,Paid search,36,36,35,35,2985.19,1
2026-08-09,CR,Android,android-8.3,Card,Organic,28,28,27,27,1522.79,0
2026-08-12,US,Android,android-8.3,Digital wallet,Paid social,41,38,35,33,2677.49,0
2026-07-08,MX,iOS,ios-12.1,Digital wallet,Paid search,22,19,19,19,904.43,1
2026-07-10,CR,Android,android-8.3,Digital wallet,Paid social,16,15,14,14,757.68,0
2026-08-03,MX,iOS,ios-12.1,Digital wallet,Paid search,34,33,33,33,1484.55,1
2026-07-11,MX,Web,web,Card,Paid search,56,53,50,49,2204.4,0
2026-08-13,BR,Android,android-8.3,Digital wallet,Organic,8,8,8,8,356.63,0
2026-08-10,US,iOS,ios-12.1,Bank transfer,Paid social,23,22,18,18,1322.5,0
2026-08-08,MX,iOS,ios-12.1,Card,Organic,63,60,55,53,2811.98,0
2026-07-08,MX,Web,web,Digital wallet,Paid search,34,33,31,31,1491.62,0
2026-08-03,BR,Android,android-8.4,Card,Paid social,8,6,4,4,151.49,1
2026-08-11,US,iOS,ios-12.1,Bank transfer,Paid social,20,19,17,17,1185.49,0
2026-08-11,CR,Web,web,Bank transfer,Paid social,8,7,6,6,297.93,0
2026-07-27,CR,Web,web,Digital wallet,Paid social,11,11,9,9,434.68,0
2026-08-05,MX,Android,android-8.4,Bank transfer,Paid social,8,8,7,7,305.29,0
2026-07-15,CR,iOS,ios-12.1,Card,Paid search,9,8,8,8,413.61,0
2026-07-07,CR,Android,android-8.3,Card,Paid search,13,11,11,11,560.94,0
2026-08-08,CR,Android,android-8.3,Bank transfer,Organic,10,9,7,7,350.22,0
2026-07-09,MX,Web,web,Card,Paid search,55,54,51,51,2445.55,0
2026-07-21,US,iOS,ios-12.1,Bank transfer,Paid search,18,17,14,14,1123.68,0
2026-07-06,MX,Android,android-8.3,Bank transfer,Organic,24,23,22,22,1142.89,0
2026-07-11,BR,Web,web,Digital wallet,Paid social,37,36,33,33,1200.3,0
2026-07-16,US,Web,web,Card,Organic,104,95,90,90,7259.08,0
2026-08-14,BR,iOS,ios-12.1,Bank transfer,Paid search,11,11,10,10,421.48,0
2026-07-11,MX,Android,android-8.3,Card,Paid search,69,67,63,63,2947.98,0
2026-08-14,BR,Android,android-8.4,Digital wallet,Organic,31,30,24,23,986.8,2
2026-08-16,BR,Android,android-8.4,Bank transfer,Paid social,11,11,10,9,340.01,0
2026-07-19,BR,iOS,ios-12.1,Bank transfer,Paid social,9,8,8,8,302.2,0
2026-08-03,BR,Web,web,Card,Organic,76,74,62,61,2436.5,1
2026-08-13,BR,Web,web,Card,Paid social,45,44,40,40,1545.54,0
2026-07-08,MX,Android,android-8.3,Digital wallet,Paid search,28,27,27,27,1423.58,1
2026-07-15,BR,Web,web,Bank transfer,Paid search,11,11,8,8,377.18,0
2026-07-14,US,iOS,ios-12.1,Digital wallet,Organic,51,47,45,45,3747.2,0
2026-08-14,CR,iOS,ios-12.1,Digital wallet,Paid search,14,14,13,13,737.34,0
2026-07-11,US,Web,web,Card,Organic,125,118,105,104,9058.11,2
2026-07-23,US,Android,android-8.3,Bank transfer,Organic,46,45,38,38,3224.73,0
2026-07-16,US,iOS,ios-12.1,Card,Paid social,41,39,37,37,2793.79,0
2026-08-07,MX,Android,android-8.4,Bank transfer,Paid social,8,7,7,7,323.6,0
2026-07-24,MX,Android,android-8.3,Card,Paid social,47,45,39,39,1778.13,0
2026-07-15,CR,Android,android-8.3,Digital wallet,Paid social,10,9,9,9,380.89,0
2026-07-19,CR,Android,android-8.3,Digital wallet,Paid social,8,8,8,8,372.07,0
2026-07-29,MX,Android,android-8.3,Bank transfer,Organic,22,22,19,19,982.93,0
2026-08-02,CR,iOS,ios-12.1,Bank transfer,Organic,9,8,7,7,358.31,0
2026-07-16,CR,Web,web,Digital wallet,Paid search,9,9,9,9,470.35,0
2026-07-18,BR,Android,android-8.3,Bank transfer,Paid social,21,20,16,16,602.55,1
2026-08-04,MX,Android,android-8.3,Card,Paid social,30,28,25,25,1141.98,0
2026-08-13,BR,Android,android-8.3,Card,Paid search,12,12,12,12,541.84,0
2026-08-09,MX,Android,android-8.4,Card,Paid search,8,8,7,7,315.99,0
2026-07-21,MX,iOS,ios-12.1,Bank transfer,Organic,27,27,22,22,1176.61,1
2026-07-16,MX,iOS,ios-12.1,Card,Organic,53,53,45,45,2360.66,0
2026-07-14,BR,iOS,ios-12.1,Bank transfer,Organic,17,16,14,14,692.96,0
2026-07-07,mx,Android,android-8.3,Card,Paid search,38,36,34,33,1548.07,0
2026-07-07,CR,iOS,ios-12.1,Card,Paid search,14,14,13,13,684.6,0
2026-07-21,BR,Android,android-8.3,Bank transfer,Organic,23,21,20,20,869.65,0
2026-08-04,BR,Android,android-8.4,Card,Paid social,-1,8,7,7,260.03,1
2026-07-24,BR,iOS,ios-12.1,Card,Paid social,36,35,31,31,1084.39,0
2026-07-07,MX,iOS,ios-12.1,Card,Paid social,37,36,33,32,1425.23,1
2026-07-10,MX,iOS,ios-12.1,Bank transfer,Organic,30,30,24,24,1201.42,0
2026-08-04,BR,Web,web,Bank transfer,Organic,17,17,16,16,772.1,0
2026-07-31,CR,Web,web,Bank transfer,Paid search,8,8,5,5,251.84,0
2026-08-07,BR,Web,web,Card,Organic,87,84,76,76,3471.87,2
2026-08-01,BR,iOS,ios-12.1,Bank transfer,Paid social,8,7,6,6,231.44,0
2026-07-29,US,Android,android-8.3,Bank transfer,Paid social,13,13,12,11,837.3,0
2026-08-07,BR,Web,web,Bank transfer,Paid social,12,11,10,10,433.05,0
2026-07-22,BR,iOS,ios-12.1,Card,Paid search,39,37,35,35,1526.54,0
2026-07-09,MX,Web,web,Card,Paid social,44,41,35,34,1496.1,0
2026-07-16,MX,Web,web,Digital wallet,Organic,51,50,47,47,2601.15,1
2026-08-10,CR,Android,android-8.3,Bank transfer,Paid social,8,8,6,6,278.1,0
2026-08-05,MX,Android,android-8.3,Bank transfer,Paid social,12,11,11,11,482.87,0
2026-07-30,CR,Web,web,Card,Paid search,24,24,21,21,1071.16,0
2026-08-11,US,Web,web,Digital wallet,Paid search,51,49,46,46,3769.65,0
2026-07-10,MX,Web,web,Card,Paid social,54,52,46,46,2083.99,0
2026-07-26,US,iOS,ios-12.1,Digital wallet,Paid social,30,28,24,24,1856.14,0
2026-07-31,US,Android,android-8.3,Digital wallet,Paid search,54,50,47,46,3759.23,0
2026-08-14,BR,Android,android-8.4,Bank transfer,Organic,17,16,13,12,572.48,0
2026-07-07,BR,Web,web,Bank transfer,Organic,21,21,19,19,886.13,0
2026-07-12,CR,Web,web,Card,Paid search,25,24,23,23,1205.43,1
2026-07-14,MX,Web,web,Card,Paid social,36,34,32,31,1382.69,1
2026-08-01,BR,iOS,ios-12.1,Card,Paid social,27,25,23,23,889.47,0
2026-07-12,MX,Android,android-8.3,Digital wallet,Paid social,27,23,22,22,973.54,0
2026-08-01,BR,iOS,ios-12.1,Card,Paid search,39,37,33,33,1537.19,0
2026-07-28,CR,iOS,ios-12.1,Bank transfer,Paid social,8,7,7,7,357.87,0
2026-08-04,US,Web,web,Card,Paid search,85,84,79,78,6324.35,1
2026-08-01,MX,iOS,ios-12.1,Card,Paid social,35,34,31,31,1387.7,0
2026-08-11,BR,Android,android-8.3,Bank transfer,Paid search,8,8,6,6,251.06,0
2026-07-15,BR,Web,web,Card,Organic,53,53,46,45,2051.21,0
2026-07-06,BR,Android,android-8.3,Digital wallet,Paid search,20,20,19,18,778.15,0
2026-07-31,MX,Web,web,Digital wallet,Paid search,38,37,35,35,1673.83,0
2026-08-13,US,iOS,ios-12.1,Digital wallet,Paid social,39,38,31,31,2215.03,0
2026-08-12,CR,Web,web,Digital wallet,Paid social,12,12,12,12,555.66,0
2026-08-11,MX,Android,android-8.3,Card,Paid search,15,15,13,13,656.24,0
2026-07-07,US,iOS,ios-12.1,Bank transfer,Paid search,25,25,23,23,1882.88,1
2026-07-24,CR,Web,web,Digital wallet,Paid search,25,24,23,22,976.46,0
2026-07-25,MX,iOS,ios-12.1,Card,Paid search,41,41,37,36,1782.85,0
2026-08-15,CR,Android,android-8.3,Card,Paid search,20,20,19,19,1118.19,0
2026-07-28,US,iOS,ios-12.1,Bank transfer,Paid social,20,20,18,18,1152.5,0
2026-07-08,MX,Web,web,Card,Paid social,42,40,35,35,1522.01,0
2026-07-09,CR,Web,web,Card,Paid social,9,7,7,7,326.39,0
2026-08-11,MX,Web,web,Card,Paid search,51,51,47,47,2175.13,0
2026-07-30,CR,Android,android-8.3,Digital wallet,Organic,21,21,20,20,1050.32,0
2026-07-24,BR,Android,android-8.3,Digital wallet,Paid search,34,32,30,29,1188.03,0
2026-07-06,CR,Web,web,Bank transfer,Paid social,8,8,7,7,360.53,0
2026-07-06,CR,iOS,ios-12.1,Bank transfer,Paid social,8,8,7,7,324.04,0
2026-07-06,MX,Web,web,Digital wallet,Paid search,35,35,33,33,1689.96,0
2026-07-15,CR,Android,android-8.3,Bank transfer,Paid social,8,7,7,7,346.27,0
2026-07-17,MX,iOS,ios-12.1,Card,Organic,70,68,64,64,3245.41,1
2026-08-01,CR,iOS,ios-12.1,Card,Paid social,14,13,12,11,550.36,0
2026-07-21,BR,Android,android-8.3,Digital wallet,Paid social,20,20,18,18,706.72,0
2026-08-03,BR,Android,android-8.4,Digital wallet,Paid search,8,8,8,8,329.35,0
2026-07-28,CR,Android,android-8.3,Digital wallet,Paid social,14,14,13,13,553.73,1
2026-07-07,MX,Android,android-8.3,Bank transfer,Organic,31,30,27,27,1476.53,1
2026-07-20,CR,iOS,ios-12.1,Digital wallet,Paid social,8,8,8,8,368.61,0
2026-07-18,MX,Android,android-8.3,Bank transfer,Paid search,22,19,18,18,863.57,1
2026-08-12,BR,iOS,ios-12.1,Bank transfer,Paid social,13,13,13,13,498.58,0
2026-08-06,MX,Android,android-8.4,Bank transfer,Paid social,8,7,6,6,270.06,0
2026-08-05,US,Android,android-8.3,Bank transfer,Organic,33,30,29,28,2471.92,0
2026-07-16,BR,Android,android-8.3,Card,Paid social,33,31,28,28,1121.47,0
2026-08-14,BR,Android,android-8.3,Card,Organic,14,13,11,11,509.67,1
2026-08-16,MX,Web,web,Bank transfer,Organic,32,31,24,24,1229.81,0
2026-07-25,MX,Android,android-8.3,Card,Paid search,57,56,51,51,2330.32,4
2026-07-25,US,Android,android-8.3,Digital wallet,Organic,96,89,84,82,7395.37,1
2026-08-08,MX,iOS,ios-12.1,Bank transfer,Paid search,17,17,16,16,801.99,0
2026-08-10,MX,Android,android-8.3,Bank transfer,,8,8,8,8,396.54,0
2026-07-17,BR,Android,android-8.3,Digital wallet,Paid social,31,31,27,27,1094.22,0
2026-07-07,CR,Web,web,Digital wallet,Paid social,13,13,12,12,628.66,0
2026-07-24,US,Web,web,Card,Organic,139,131,117,117,9882.03,0
2026-08-12,US,iOS,ios-12.1,Bank transfer,Paid social,11,11,10,10,730.17,0
2026-07-21,CR,Web,web,Bank transfer,Paid social,8,8,8,8,368.43,0
2026-07-10,MX,Android,android-8.3,Bank transfer,Paid search,25,25,21,21,1048.75,0
2026-07-18,CR,Android,android-8.3,Digital wallet,Paid search,15,14,14,14,750.44,0
2026-08-10,MX,Web,web,Bank transfer,Paid search,19,19,18,18,891.73,0
2026-08-04,CR,Web,web,Digital wallet,Paid social,12,12,10,10,488.9,0
2026-08-14,MX,Web,web,Bank transfer,Paid social,17,16,16,15,650.75,0
2026-07-30,CR,Android,android-8.3,Bank transfer,Organic,9,8,6,6,297.33,0
2026-07-08,BR,iOS,ios-12.1,Digital wallet,Paid social,21,21,20,20,774.68,0
2026-07-31,CR,iOS,ios-12.1,Digital wallet,Organic,13,13,12,12,678.08,1
2026-07-29,BR,iOS,ios-12.1,Card,Paid search,28,25,23,20,952.6,0
2026-08-16,US,Android,android-8.3,Digital wallet,Paid search,50,49,45,45,4009.48,1
2026-07-19,CR,Android,android-8.3,Bank transfer,Organic,8,7,6,6,324.43,0
2026-07-25,MX,Web,web,Bank transfer,Paid social,20,20,17,17,774.93,0
2026-07-15,US,Android,android-8.3,Digital wallet,Organic,94,92,90,89,7348.37,2
2026-08-09,CR,Web,web,Bank transfer,Organic,8,7,5,5,288.34,0
2026-07-19,US,Web,web,Bank transfer,Paid search,28,28,27,27,2269.6,1
2026-08-16,MX,iOS,ios-12.1,Digital wallet,Organic,34,34,34,34,1622.51,0
2026-07-19,MX,Web,web,Digital wallet,Paid social,21,18,17,17,723.59,0
2026-07-31,BR,Android,android-8.3,Card,Organic,61,59,55,55,2589.36,1
2026-08-04,BR,Android,android-8.4,Bank transfer,Paid social,8,8,8,8,313.22,0
2026-08-12,MX,Android,android-8.4,Bank transfer,Paid social,11,11,9,9,402.55,0
2026-08-13,BR,Android,android-8.4,Card,Organic,54,52,46,46,1871.26,0
2026-07-09,US,iOS,ios-12.1,Bank transfer,Paid search,16,16,15,14,1103.74,0
2026-07-19,CR,iOS,ios-12.1,Digital wallet,Organic,14,12,9,9,499.83,0
2026-07-17,BR,Web,web,Card,Paid search,55,52,48,48,2297.35,0
2026-07-30,CR,iOS,ios-12.1,Card,Organic,8,7,6,6,331.14,0
2026-08-06,CR,Web,web,Digital wallet,Paid search,13,13,12,11,551.11,0
2026-07-21,CR,Web,web,Digital wallet,Paid social,12,11,10,10,478.34,0
2026-07-07,MX,Web,web,Digital wallet,Paid search,40,40,38,38,1920.43,0
2026-08-05,US,iOS,ios-12.1,Digital wallet,Organic,43,40,39,38,3361.63,0
2026-07-11,US,iOS,ios-12.1,Digital wallet,Paid social,39,36,33,33,2543.86,0
2026-07-15,BR,Android,android-8.3,Card,,37,37,37,36,1609.67,0
2026-07-10,MX,Android,android-8.3,Card,Paid social,47,45,39,38,1580.38,1
2026-08-01,CR,Android,android-8.3,Card,Paid social,18,16,14,14,648.7,0
2026-07-16,BR,iOS,ios-12.1,Digital wallet,Paid social,17,17,15,14,609.04,0
2026-07-17,US,Android,android-8.3,Bank transfer,Organic,45,45,42,41,3317.43,1
2026-07-23,CR,iOS,ios-12.1,Bank transfer,Paid search,8,8,8,8,407.94,0
2026-08-11,MX,Web,web,Digital wallet,Organic,57,53,51,51,2628.57,0
2026-07-18,BR,Web,web,Digital wallet,Paid social,30,27,25,25,1010.72,0
2026-07-15,BR,Web,web,Card,Paid social,46,42,41,39,1520.64,0
2026-07-09,BR,Web,web,Digital wallet,Organic,45,45,40,39,1832.5,0
2026-07-29,CR,iOS,ios-12.1,Card,Organic,17,16,15,15,806.88,0
2026-08-05,BR,Android,android-8.4,Digital wallet,Paid search,8,8,8,8,350.75,0
2026-07-06,CR,Android,android-8.3,Bank transfer,Paid social,8,8,6,6,288.47,0
2026-08-10,CR,iOS,ios-12.1,Digital wallet,Paid search,8,8,8,8,411.66,0
2026-08-09,MX,Android,android-8.3,Card,Paid search,44,42,40,40,2083.98,1
2026-07-11,CR,Web,web,Card,Organic,40,39,33,33,1786.18,0
2026-07-21,US,Android,android-8.3,Digital wallet,Paid social,42,40,34,34,2689.0,0
2026-08-11,US,Android,android-8.3,Card,Organic,112,106,93,91,7442.3,1
2026-08-12,BR,Web,web,Bank transfer,Paid search,13,12,11,10,422.87,0
2026-07-23,BR,Web,web,Card,Organic,72,70,62,62,2986.76,1
2026-08-01,US,Web,web,Card,Organic,126,123,112,109,9151.03,1
2026-08-15,MX,Android,android-8.3,Card,Organic,18,18,16,16,784.77,0
2026-07-11,CR,iOS,ios-12.1,Bank transfer,Paid social,8,7,7,7,348.22,0
2026-07-08,US,Web,web,Digital wallet,Paid search,52,48,45,44,3370.15,1
2026-08-16,US,Android,android-8.3,Card,Paid social,70,69,65,65,5266.56,2
2026-07-06,MX,iOS,ios-12.1,Card,Paid search,49,45,39,38,2173.68,0
2026-07-26,CR,Web,web,Card,,21,21,18,18,902.3,0
2026-07-26,MX,Web,web,Bank transfer,Organic,34,31,28,28,1481.17,0
2026-07-31,BR,iOS,ios-12.1,Bank transfer,Paid search,11,10,9,9,387.52,1
2026-07-09,MX,Android,android-8.3,Bank transfer,Organic,32,32,27,27,1396.35,0
2026-07-15,MX,Web,web,Card,Paid search,53,51,46,44,2386.01,0
2026-07-11,US,iOS,ios-12.1,Bank transfer,Paid social,15,12,11,11,793.52,0
2026-07-31,MX,Web,web,Card,Paid social,58,54,48,47,2050.45,0
2026-07-15,US,iOS,ios-12.1,Bank transfer,Paid social,19,18,16,16,1226.48,0
2026-07-18,US,iOS,ios-12.1,Bank transfer,Organic,29,28,24,24,1996.96,0
2026-08-10,MX,iOS,ios-12.1,Bank transfer,Paid search,9,9,8,8,360.45,0
2026-08-15,BR,Android,android-8.3,Digital wallet,Organic,8,8,8,8,333.0,0
2026-07-28,br,iOS,ios-12.1,Digital wallet,Paid search,23,22,20,19,892.84,1
2026-07-27,CR,iOS,ios-12.1,Bank transfer,Paid search,8,7,6,6,304.13,0
2026-07-10,CR,Android,android-8.3,Card,Organic,23,21,18,18,1047.52,1
2026-08-13,US,Web,web,Digital wallet,Paid search,47,46,45,45,3555.77,0
2026-07-31,MX,iOS,ios-12.1,Card,Paid social,37,36,33,31,1487.65,0
2026-07-09,CR,Android,android-8.3,Card,Organic,36,35,29,29,1652.06,0
2026-07-07,CR,Web,web,Digital wallet,Organic,15,14,13,12,596.86,0
2026-07-31,MX,iOS,ios-12.1,Digital wallet,Organic,48,48,48,48,2527.36,1
2026-07-21,US,iOS,ios-12.1,Card,Paid search,50,49,48,48,4094.32,1
2026-07-29,MX,Web,web,Digital wallet,,28,27,27,27,1135.84,0
2026-07-08,CR,Android,android-8.3,Bank transfer,Organic,8,8,7,7,398.91,0
2026-07-11,BR,Android,android-8.3,Bank transfer,Paid social,12,12,11,11,480.64,0
2026-08-13,US,Web,web,Bank transfer,Paid search,34,32,30,29,2562.87,1
2026-07-19,US,Web,web,Card,Organic,95,94,85,83,6936.09,1
2026-07-08,US,iOS,ios-12.1,Card,Paid search,55,52,48,47,4051.08,0
2026-07-27,CR,Web,web,Card,Paid search,29,29,26,26,1485.18,0
2026-07-13,BR,Web,web,Bank transfer,Organic,17,16,15,15,663.98,0
2026-07-14,CR,Android,android-8.3,Card,Paid search,19,19,17,17,915.29,0
2026-07-10,CR,Web,web,Bank transfer,Paid search,8,7,6,6,342.16,0
2026-08-12,MX,Android,android-8.3,Card,Paid social,11,10,8,8,409.47,0
2026-08-13,US,iOS,ios-12.1,Digital wallet,Organic,60,59,58,58,4890.99,0
2026-07-19,BR,Android,android-8.3,Digital wallet,Paid search,29,29,28,26,1123.11,2
2026-07-27,BR,iOS,ios-12.1,Digital wallet,Paid social,16,15,14,13,533.56,0
2026-07-27,US,Web,web,Bank transfer,Paid search,28,26,24,23,1939.78,1
2026-08-13,CR,iOS,ios-12.1,Bank transfer,,8,8,7,7,400.06,0
2026-07-12,US,Web,web,Card,Paid search,87,85,77,76,5607.56,0
2026-08-02,BR,Android,android-8.3,Digital wallet,Organic,44,43,41,41,1793.42,0
2026-07-23,MX,iOS,ios-12.1,Card,Paid social,32,31,29,29,1254.01,0
2026-07-14,BR,Android,android-8.3,Digital wallet,Paid social,28,27,25,25,1070.82,0
2026-07-25,US,iOS,ios-12.1,Bank transfer,Organic,47,44,41,40,3207.04,0
2026-07-25,MX,Android,android-8.3,Bank transfer,Paid search,22,21,20,20,1014.64,0
2026-08-13,CR,Web,web,Bank transfer,Organic,14,14,14,14,715.91,0
2026-07-28,BR,Web,web,Bank transfer,Organic,26,23,19,18,873.61,1
2026-07-11,MX,Web,web,Bank transfer,Organic,35,34,32,32,1711.65,0
2026-08-05,US,Web,web,Card,Organic,132,130,119,117,9865.89,0
2026-07-09,US,iOS,ios-12.1,Digital wallet,Paid social,33,31,29,29,2025.61,0
2026-08-15,CR,Android,android-8.3,Card,Paid social,19,18,17,17,801.56,0
2026-08-10,CR,Android,android-8.3,Digital wallet,Paid search,8,7,7,7,398.07,1
2026-07-06,CR,Android,android-8.3,Digital wallet,Paid search,19,19,18,18,954.51,0
2026-08-15,US,Android,android-8.3,Card,Paid search,82,77,70,70,5589.8,1
2026-07-20,US,iOS,ios-12.1,Card,Organic,90,86,81,80,6772.91,0
2026-07-20,CR,Android,android-8.3,Bank transfer,Paid search,9,8,6,6,327.98,0
2026-07-20,BR,iOS,ios-12.1,Card,Organic,50,48,46,45,2067.39,0
2026-07-15,BR,iOS,ios-12.1,Digital wallet,,26,26,25,25,1133.44,0
2026-07-08,US,Android,android-8.3,Card,Paid social,62,58,52,52,3791.99,0
2026-07-17,MX,Android,android-8.3,Bank transfer,Paid search,15,14,11,11,528.72,1
2026-08-13,US,iOS,ios-12.1,Bank transfer,Paid search,20,17,16,16,1327.8,1
2026-07-19,MX,Android,android-8.3,Card,Organic,71,67,61,59,2837.42,0
2026-07-25,US,Android,android-8.3,Bank transfer,Paid search,37,36,31,29,2620.04,0
2026-07-31,CR,Web,web,Card,Paid search,36,35,30,30,1557.4,0
2026-08-07,CR,Android,android-8.3,Card,Organic,35,32,31,31,1615.15,1
2026-07-17,BR,iOS,ios-12.1,Card,Paid social,40,40,34,34,1396.5,0
2026-08-12,BR,Android,android-8.4,Digital wallet,Paid social,27,26,15,15,618.04,4
2026-08-01,US,Android,android-8.3,Digital wallet,Paid search,63,60,56,56,4485.76,0
2026-07-28,MX,Web,web,Card,Organic,84,78,74,74,3404.36,0
2026-07-26,BR,iOS,ios-12.1,Digital wallet,Paid search,29,26,25,25,1096.57,0
2026-08-05,BR,iOS,ios-12.1,Digital wallet,Paid social,18,17,17,17,648.07,1
2026-07-28,US,iOS,ios-12.1,Bank transfer,Organic,20,20,19,19,1707.44,0
2026-07-16,CR,iOS,ios-12.1,Digital wallet,Paid social,8,8,7,7,350.05,0
2026-07-08,BR,Web,web,Bank transfer,Paid social,14,13,11,11,469.03,0
2026-08-10,CR,Web,web,Digital wallet,Organic,14,14,14,13,739.74,0
2026-07-19,MX,iOS,ios-12.1,Digital wallet,Organic,36,35,29,29,1568.21,0
2026-08-07,CR,Android,android-8.3,Card,Paid search,17,14,14,14,723.33,0
2026-08-02,BR,Android,android-8.3,Card,Paid search,48,47,45,45,1892.26,0
2026-08-03,MX,Android,android-8.4,Card,Paid search,8,8,6,6,280.87,0
2026-07-24,BR,Android,android-8.3,Card,Paid search,51,50,42,42,1845.44,1
2026-08-03,MX,Android,android-8.4,Bank transfer,Organic,8,7,6,5,253.68,0
2026-08-05,MX,iOS,ios-12.1,Bank transfer,Organic,24,24,22,22,1182.66,0
2026-07-15,MX,Web,web,Digital wallet,Organic,49,49,46,45,2281.04,3
2026-07-20,MX,Android,android-8.3,Digital wallet,Paid search,35,34,32,32,1569.35,0
2026-08-06,CR,iOS,ios-12.1,Digital wallet,Paid social,8,8,7,7,353.83,0
2026-07-31,MX,Android,android-8.3,Card,Paid search,50,49,46,45,2208.32,2
2026-08-01,CR,iOS,ios-12.1,Bank transfer,Organic,8,8,8,8,411.92,0
2026-07-10,US,Android,android-8.3,Bank transfer,Organic,51,49,46,46,3995.47,0
2026-08-03,US,Android,android-8.3,Card,Organic,131,129,109,108,9194.26,1
2026-07-14,CR,Android,android-8.3,Bank transfer,Paid social,8,8,6,6,274.9,0
2026-07-30,US,Web,web,Digital wallet,,56,56,52,51,4299.22,0
2026-07-22,US,Web,web,Bank transfer,Paid search,30,29,23,23,1776.52,1
2026-07-13,MX,Android,android-8.3,Card,Paid search,50,50,50,50,2361.35,0
2026-08-10,BR,iOS,ios-12.1,Digital wallet,Paid social,18,18,18,18,731.95,0
2026-08-10,MX,Web,web,Bank transfer,Organic,22,22,21,21,1106.16,0
2026-07-20,BR,iOS,ios-12.1,Bank transfer,Paid social,8,8,8,8,323.53,1
2026-07-30,US,iOS,ios-12.1,Card,Paid social,47,45,40,38,2829.46,0
2026-08-13,MX,Web,web,Digital wallet,Organic,57,56,55,54,2704.62,0
2026-07-25,BR,iOS,ios-12.1,Card,Paid search,38,35,32,32,1465.37,1
2026-07-11,CR,Android,android-8.3,Card,Paid search,17,16,16,15,843.24,1
2026-07-24,MX,iOS,ios-12.1,Bank transfer,Organic,19,19,17,17,901.98,0
2026-07-29,BR,Web,web,Bank transfer,Paid social,14,13,13,13,524.82,0
2026-07-09,CR,iOS,ios-12.1,Digital wallet,Paid search,8,7,7,6,328.7,0
2026-07-16,MX,Web,web,Bank transfer,Organic,29,27,24,24,1215.15,0
2026-08-09,CR,iOS,ios-12.1,Card,Paid social,9,9,7,7,344.75,0
2026-07-12,CR,Web,web,Card,Paid social,20,20,19,19,950.81,1
2026-07-16,CR,Android,android-8.3,Digital wallet,Paid social,8,8,7,7,343.69,0
2026-07-19,CR,Android,android-8.3,Digital wallet,Paid search,16,16,14,14,760.21,0
2026-08-12,CR,Android,android-8.3,Card,Paid search,25,24,21,21,1149.26,2
2026-07-09,BR,Web,web,Bank transfer,Paid search,14,13,11,10,478.53,0
2026-07-11,CR,Web,web,Bank transfer,Paid social,8,8,6,6,275.16,0
2026-07-29,CR,iOS,ios-12.1,Bank transfer,Paid social,8,7,4,4,177.56,0
2026-08-07,BR,Web,web,Digital wallet,Paid search,35,35,31,31,1383.74,1
2026-08-15,US,Web,web,Digital wallet,Organic,78,77,72,70,5941.94,2
2026-08-11,US,Web,web,Card,Organic,107,103,94,92,7292.93,1
2026-08-04,MX,Android,android-8.3,Digital wallet,Paid search,19,17,14,14,665.05,0
2026-08-10,BR,iOS,ios-12.1,Card,Paid search,36,35,31,31,1270.11,0
2026-08-07,CR,iOS,ios-12.1,Bank transfer,Paid social,8,8,6,6,307.88,0
2026-07-13,CR,iOS,ios-12.1,Bank transfer,Paid search,8,8,6,6,314.63,0
2026-08-08,BR,iOS,ios-12.1,Bank transfer,Paid search,8,8,7,7,331.27,0
2026-07-23,MX,Android,android-8.3,Card,Organic,64,62,57,57,2826.55,0
2026-07-27,BR,Android,android-8.3,Digital wallet,Paid social,24,22,22,22,817.16,0
2026-08-07,MX,iOS,ios-12.1,Card,Paid search,36,35,31,31,1467.2,1
2026-08-15,US,Web,web,Digital wallet,Paid social,52,50,47,47,3548.4,1
2026-07-31,MX,Web,web,Card,Organic,82,80,76,76,3717.34,1
2026-08-08,BR,Android,android-8.3,Card,Organic,84,82,75,75,3470.96,2
2026-07-29,MX,Android,android-8.3,Bank transfer,Paid social,15,15,13,13,545.92,0
2026-08-03,CR,Web,web,Card,Paid search,22,22,20,19,987.31,0
2026-07-23,BR,iOS,ios-12.1,Digital wallet,Organic,34,33,31,30,1383.0,1
2026-08-05,MX,iOS,ios-12.1,Card,Paid social,26,25,24,24,1075.99,0
2026-08-15,US,iOS,ios-12.1,Card,Organic,98,93,86,86,7642.25,1
2026-07-06,MX,Android,android-8.3,Card,Paid search,53,53,49,48,2389.34,0
2026-07-26,BR,iOS,ios-12.1,Card,Paid social,28,26,21,21,855.4,1
2026-08-05,US,Android,android-8.3,Bank transfer,Paid social,21,21,19,19,1467.2,0
2026-07-11,BR,Android,android-8.3,Card,Paid search,44,40,37,37,1607.19,0
2026-07-27,US,Web,web,Card,Paid search,103,98,90,89,7443.91,0
2026-07-12,MX,Web,web,Card,Paid social,55,55,50,50,2312.31,1
2026-07-30,US,Web,web,Card,Organic,119,115,105,105,9295.34,0
2026-07-23,US,iOS,ios-12.1,Digital wallet,Paid social,39,34,32,32,2544.28,0
2026-08-15,MX,iOS,ios-12.1,Bank transfer,Paid search,22,22,20,20,1030.21,0
2026-07-23,CR,Android,android-8.3,Bank transfer,Organic,8,8,7,7,382.72,0
2026-08-09,MX,Android,android-8.4,Digital wallet,Paid social,8,8,8,7,300.7,0
2026-07-06,MX,Web,web,Bank transfer,Organic,30,30,28,27,1294.49,0
2026-08-03,MX,Web,web,Bank transfer,Paid search,22,22,20,19,951.9,0
2026-07-31,CR,Android,android-8.3,Bank transfer,Organic,12,12,11,11,633.23,0
2026-07-24,MX,iOS,ios-12.1,Card,Paid search,49,49,44,44,2578.88,1
2026-07-17,US,Android,android-8.3,Digital wallet,Organic,75,73,71,69,5650.78,0
2026-07-16,MX,iOS,ios-12.1,Card,Paid social,35,31,27,25,1118.5,0
2026-07-20,US,iOS,ios-12.1,Digital wallet,Paid social,25,23,23,23,1714.19,0
2026-07-11,MX,iOS,ios-12.1,Card,Paid search,40,39,37,37,1817.15,1
2026-07-24,MX,Android,android-8.3,Digital wallet,Paid social,24,24,20,19,883.0,1
2026-07-22,MX,Android,android-8.3,Bank transfer,Paid social,14,14,13,13,545.73,0
2026-07-21,CR,Web,web,Digital wallet,Organic,15,13,13,13,677.53,0
2026-07-28,MX,Android,android-8.3,Bank transfer,Organic,26,25,20,20,977.65,0
2026-07-28,MX,Web,web,Bank transfer,Organic,28,27,24,24,1301.87,0
2026-07-18,BR,Android,android-8.3,Digital wallet,Paid social,17,16,14,13,533.78,0
2026-08-08,US,Web,web,Card,Paid social,81,79,72,72,5375.49,0
2026-08-14,MX,Web,web,Bank transfer,Organic,27,27,27,27,1471.59,0
2026-08-07,CR,Android,android-8.3,Bank transfer,Organic,11,11,8,8,440.09,0
2026-07-07,BR,Web,web,Bank transfer,Paid search,17,16,13,13,514.22,0
2026-08-04,US,Android,android-8.3,Digital wallet,Paid search,50,47,44,44,3472.54,0
2026-07-19,CR,Web,web,Digital wallet,Organic,13,12,12,12,683.24,0
2026-07-23,US,Android,android-8.3,Card,Organic,106,104,92,92,7635.04,0
2026-08-05,BR,Android,android-8.4,Digital wallet,Organic,8,8,8,8,364.76,0
2026-08-16,CR,Web,web,Digital wallet,Paid search,8,8,8,8,447.11,0
2026-07-12,MX,Android,android-8.3,Bank transfer,Paid social,12,10,8,8,360.13,0
2026-08-04,CR,Android,android-8.3,Card,Paid search,19,16,15,15,716.83,0
2026-07-19,US,Web,web,Digital wallet,Organic,78,74,70,69,6282.94,1
2026-08-09,MX,iOS,ios-12.1,Card,Organic,31,29,27,27,1446.12,0
2026-07-28,MX,Web,web,Card,Organic,84,78,74,74,3404.36,0
2026-08-14,MX,Android,android-8.4,Card,Organic,69,66,63,63,3317.56,4
2026-08-04,BR,Web,web,Digital wallet,Paid social,27,27,22,22,864.41,0
2026-07-21,CR,Web,web,Bank transfer,Organic,10,10,10,10,560.03,0
2026-08-12,MX,Android,android-8.3,Card,Paid search,9,8,7,7,340.24,0
2026-07-06,US,iOS,ios-12.1,Digital wallet,Paid social,34,34,32,31,2519.42,1
2026-07-26,US,Web,web,Digital wallet,Paid social,46,42,42,41,2694.23,0
2026-08-06,BR,Android,android-8.3,Digital wallet,Organic,28,27,26,25,1128.33,0
2026-08-01,CR,Web,web,Digital wallet,Paid social,14,13,12,12,579.09,0
2026-07-12,BR,iOS,ios-12.1,Card,Organic,54,48,42,42,1915.88,1
2026-07-06,BR,iOS,ios-12.1,Digital wallet,Paid search,15,13,13,13,520.55,0
2026-07-20,BR,Android,android-8.3,Card,Paid search,48,46,41,41,1784.28,0
2026-07-20,US,Android,android-8.3,Card,Paid social,65,60,53,52,4158.97,0
2026-07-15,MX,Android,android-8.3,Digital wallet,Organic,37,37,34,34,1701.96,0
2026-08-10,MX,Android,android-8.3,Digital wallet,Paid search,8,7,6,6,294.9,0
2026-07-08,CR,Web,web,Bank transfer,Organic,8,8,6,6,325.08,0
2026-07-13,US,Android,android-8.3,Card,Organic,106,101,91,90,7969.08,1
2026-07-08,BR,iOS,ios-12.1,Digital wallet,Paid search,19,19,19,19,824.49,0
2026-08-13,BR,Android,android-8.4,Bank transfer,Organic,19,19,16,16,741.87,0
2026-08-07,MX,Web,web,Card,Paid search,73,72,65,65,3525.86,0
2026-07-10,CR,iOS,ios-12.1,Card,Paid social,15,14,14,14,706.05,1
2026-08-14,US,Android,android-8.3,Card,Paid social,77,73,70,69,5326.53,1
2026-07-30,BR,Android,android-8.3,Bank transfer,Paid social,8,8,7,7,271.79,0
2026-08-06,BR,Web,web,Bank transfer,Organic,29,27,22,22,910.52,0
2026-08-07,US,Android,android-8.3,Bank transfer,Paid social,25,24,23,23,1697.21,0
2026-07-21,CR,iOS,ios-12.1,Digital wallet,Paid search,13,13,12,12,652.53,0
2026-08-05,CR,Web,web,Bank transfer,Paid search,13,13,13,13,596.48,0
2026-07-10,US,Android,android-8.3,Bank transfer,Paid search,30,28,25,24,1990.54,0
2026-07-15,CR,Android,android-8.3,Card,Paid search,21,20,18,18,902.98,0
2026-08-07,CR,Android,android-8.3,Card,Paid social,19,18,15,15,700.52,0
2026-07-16,MX,Web,web,Digital wallet,Paid social,27,20,18,18,861.88,0
2026-08-14,BR,Android,android-8.4,Digital wallet,Paid social,28,28,17,17,707.39,4
2026-08-09,MX,Android,android-8.3,Card,Paid social,30,26,25,25,1051.1,0
2026-08-09,BR,Web,web,Card,Paid social,40,37,33,32,1273.76,0
2026-07-13,MX,iOS,ios-12.1,Bank transfer,Paid search,9,8,6,6,295.66,0
2026-07-19,CR,iOS,ios-12.1,Card,Paid search,11,10,10,10,515.47,0
2026-07-14,CR,iOS,ios-12.1,Card,Paid search,21,20,19,19,1060.87,0
2026-08-10,MX,Web,web,Card,Organic,71,71,63,63,3121.17,0
2026-07-23,MX,iOS,ios-12.1,Digital wallet,Paid search,27,26,25,25,1190.39,2
2026-07-11,CR,Android,android-8.3,Bank transfer,Paid search,10,10,10,10,486.23,0
2026-07-26,BR,Web,web,Card,Organic,56,55,50,50,2084.36,2
2026-08-11,MX,Web,web,Bank transfer,Organic,20,19,18,18,870.53,0
2026-07-27,MX,Web,web,Digital wallet,Paid search,26,24,24,24,1066.05,0
2026-07-10,US,Web,web,Digital wallet,Paid search,67,64,61,61,5211.56,0
2026-08-06,BR,Web,web,Card,Organic,51,50,46,44,1753.06,1
2026-07-23,US,Web,web,Card,Paid search,77,74,68,67,5439.23,0
2026-08-13,MX,iOS,ios-12.1,Card,Paid social,36,34,31,30,1341.07,0
2026-07-22,BR,iOS,ios-12.1,Bank transfer,Paid search,16,14,10,10,430.08,0
2026-07-20,CR,iOS,ios-12.1,Card,Organic,19,18,16,16,873.1,0
2026-07-11,BR,Web,web,Card,Paid social,40,36,32,32,1321.29,1
2026-07-06,BR,Android,android-8.3,Bank transfer,Paid search,25,22,20,20,899.06,0
2026-07-18,US,Android,android-8.3,Card,Organic,125,122,109,108,8784.06,0
2026-08-09,BR,Web,web,Digital wallet,Paid social,20,20,20,19,745.15,0
2026-07-19,BR,iOS,ios-12.1,Digital wallet,Paid search,23,23,20,20,745.07,1
2026-07-30,BR,iOS,ios-12.1,Bank transfer,Organic,16,16,13,13,604.9,0
2026-07-27,US,Android,android-8.3,Card,Paid social,53,46,40,40,2765.74,1
2026-07-06,MX,iOS,ios-12.1,Digital wallet,Paid search,21,20,19,19,929.53,0
2026-07-16,BR,Web,web,Card,Paid social,36,36,32,32,1190.41,0
2026-08-12,CR,Web,web,Bank transfer,Paid social,8,6,6,6,277.68,0
2026-08-07,BR,Android,android-8.3,Digital wallet,Paid social,21,20,20,20,806.86,0
2026-07-08,br,Web,web,Digital wallet,Paid social,24,23,22,22,840.17,1
2026-07-12,MX,Android,android-8.3,Card,Paid social,46,44,44,44,1993.59,0
2026-08-01,BR,iOS,ios-12.1,Digital wallet,Paid search,25,25,23,23,975.9,0
2026-07-18,MX,Web,web,Digital wallet,Organic,53,52,46,45,2309.02,0
2026-08-15,MX,Android,android-8.3,Digital wallet,Paid search,8,8,8,8,441.09,0
2026-07-28,CR,Android,android-8.3,Bank transfer,Paid social,8,7,7,7,352.02,0
2026-08-02,CR,Web,web,Digital wallet,Paid social,11,10,9,8,384.41,0
2026-08-04,MX,Web,web,Digital wallet,Paid search,30,29,27,26,1342.28,0
2026-07-16,BR,Android,android-8.3,Digital wallet,Organic,54,50,48,47,2120.62,1
2026-07-27,CR,Web,web,Bank transfer,Paid social,13,11,8,7,383.13,0
2026-07-18,CR,Web,web,Bank transfer,Organic,10,10,9,9,515.97,0
2026-07-23,MX,Web,web,Card,Organic,90,88,83,82,4070.87,0
2026-07-14,MX,iOS,ios-12.1,Digital wallet,Organic,28,25,22,22,1045.82,0
2026-08-16,BR,Android,android-8.4,Card,Paid search,31,30,29,29,1224.8,0
2026-07-08,BR,Android,android-8.3,Card,Paid social,36,33,31,31,1229.34,0
2026-08-03,MX,Android,android-8.3,Digital wallet,Paid search,23,21,19,19,949.83,0
2026-07-17,US,Web,web,Bank transfer,Paid social,33,31,29,29,2201.07,0
2026-07-26,BR,Android,android-8.3,Bank transfer,Paid social,13,12,8,8,307.06,0
2026-07-12,CR,iOS,ios-12.1,Bank transfer,Organic,8,8,8,8,451.07,0
2026-08-13,BR,Android,android-8.4,Bank transfer,Paid social,10,10,8,8,320.91,0
2026-07-28,MX,Android,android-8.3,Digital wallet,Organic,57,54,51,51,2657.21,1
2026-07-28,US,Web,web,Digital wallet,Paid social,35,34,34,34,2480.25,0
2026-08-15,MX,Android,android-8.3,Bank transfer,Paid social,8,7,6,6,247.08,0
2026-07-19,US,iOS,ios-12.1,Digital wallet,Paid social,25,25,24,24,1940.4,1
2026-07-06,CR,Web,web,Bank transfer,Paid search,8,7,7,7,364.36,0
2026-08-12,MX,Web,web,Card,Paid search,57,54,49,49,2375.94,1
2026-08-04,CR,Android,android-8.3,Digital wallet,Paid social,13,12,11,11,538.21,0
2026-08-12,BR,Android,android-8.4,Bank transfer,Paid social,9,9,9,9,362.77,0
2026-07-13,US,iOS,ios-12.1,Bank transfer,Organic,24,20,20,20,1804.49,0
2026-07-11,BR,Android,android-8.3,Card,Paid social,45,43,38,37,1423.23,0
2026-08-12,CR,iOS,ios-12.1,Bank transfer,Paid social,8,8,8,8,377.26,0
2026-07-07,MX,iOS,ios-12.1,Card,Paid search,32,31,29,29,1522.64,0
2026-08-05,US,Android,android-8.3,Digital wallet,Paid social,36,35,34,33,2425.57,0
2026-07-10,MX,Web,web,Card,Paid search,54,53,50,49,2255.49,1
2026-08-03,MX,Android,android-8.3,Card,Paid search,38,37,34,33,1666.39,0
2026-08-05,US,iOS,ios-12.1,Bank transfer,Paid search,19,17,15,14,1213.96,0
2026-07-14,CR,iOS,ios-12.1,Bank transfer,Paid social,8,8,8,8,395.55,0
2026-07-09,CR,Web,web,Bank transfer,Paid social,8,8,7,7,336.28,0
2026-08-11,BR,Web,web,Card,Organic,69,68,63,62,2575.75,0
2026-08-08,CR,iOS,ios-12.1,Bank transfer,Paid search,8,8,7,7,356.84,0
2026-08-09,MX,Android,android-8.3,Bank transfer,Paid social,14,12,10,10,440.86,0
2026-08-10,MX,iOS,ios-12.1,Digital wallet,Organic,28,28,27,27,1391.37,0
2026-07-08,BR,iOS,ios-12.1,Card,Organic,51,50,48,48,2229.96,0
2026-07-30,BR,Android,android-8.3,Digital wallet,Paid social,24,23,21,21,810.1,0
2026-07-15,MX,iOS,ios-12.1,Digital wallet,Organic,36,34,32,31,1643.64,2
2026-08-14,CR,iOS,ios-12.1,Card,Paid search,20,19,16,16,864.76,1
2026-07-29,CR,Android,android-8.3,Bank transfer,Paid search,8,8,6,6,340.12,1
2026-07-20,CR,Android,android-8.3,Card,Paid social,18,18,17,17,871.91,1
2026-07-28,CR,Android,android-8.3,Card,Organic,34,33,33,33,1806.12,1
2026-08-08,CR,Android,android-8.3,Card,Paid search,23,23,19,18,952.44,0
2026-08-05,BR,iOS,ios-12.1,Digital wallet,Paid search,23,22,21,20,830.71,0
2026-07-31,MX,iOS,ios-12.1,Digital wallet,Paid search,23,22,21,20,946.83,0
2026-08-07,BR,Android,android-8.3,Card,Paid search,49,45,36,36,1487.44,0
2026-07-26,MX,Android,android-8.3,Bank transfer,Paid search,15,15,14,12,515.23,0
2026-07-29,BR,iOS,ios-12.1,Card,Paid social,22,19,16,16,637.63,0
2026-07-21,CR,Web,web,Bank transfer,Paid search,11,10,9,9,468.14,0
2026-07-14,MX,Android,android-8.3,Bank transfer,Organic,27,26,23,23,1106.99,0
2026-08-08,BR,iOS,ios-12.1,Digital wallet,Paid search,18,18,16,16,727.74,0
2026-07-28,CR,Android,android-8.3,Digital wallet,Paid search,8,8,8,8,416.45,0
2026-08-09,BR,Web,web,Bank transfer,Organic,23,22,15,15,701.57,1
2026-08-15,BR,Web,web,Digital wallet,Paid search,44,44,39,39,1693.34,0
2026-07-17,MX,Android,android-8.3,Card,Paid search,64,63,56,56,2406.01,1
2026-08-10,BR,Android,android-8.4,Card,Paid social,33,29,27,27,1093.01,1
2026-08-06,US,Android,android-8.3,Card,Paid social,67,67,58,57,4410.64,1
2026-07-15,BR,Web,web,Bank transfer,Organic,19,19,19,18,691.8,0
2026-08-11,BR,iOS,ios-12.1,Bank transfer,Organic,21,21,20,20,941.13,0
2026-08-05,MX,Android,android-8.3,Digital wallet,Paid search,33,33,30,28,1319.38,0
2026-08-03,US,Android,android-8.3,Card,Paid search,77,73,70,70,5791.46,2
2026-08-14,MX,iOS,ios-12.1,Card,Paid social,30,30,29,29,1367.13,0
2026-07-29,MX,Web,web,Card,Organic,75,67,56,55,3056.13,0
2026-07-27,CR,Web,web,Bank transfer,Organic,8,7,7,7,426.37,0
2026-08-13,MX,Android,android-8.4,Card,Organic,57,56,49,49,2550.41,1
2026-07-23,BR,Web,web,Card,Paid search,43,43,39,37,1645.42,1
2026-07-09,MX,Web,web,Digital wallet,Paid social,24,23,22,22,1035.23,0
2026-07-11,US,Web,web,Card,Paid social,81,76,72,71,5383.65,2
2026-08-10,CR,iOS,ios-12.1,Digital wallet,Paid social,9,8,7,7,355.68,0
2026-08-12,CR,Android,android-8.3,Card,Paid social,13,11,10,10,510.07,1
2026-07-06,US,Web,web,Card,Paid social,61,58,52,52,4021.92,0
2026-07-13,CR,Android,android-8.3,Digital wallet,Paid social,8,7,5,5,262.08,0
2026-08-05,MX,iOS,ios-12.1,Bank transfer,Paid search,11,11,9,9,417.31,0
2026-08-12,CR,iOS,ios-12.1,Digital wallet,Organic,14,14,13,13,709.66,0
2026-07-14,US,iOS,ios-12.1,Card,Organic,85,85,74,74,6155.2,0
2026-08-10,MX,Android,android-8.4,Digital wallet,Paid social,22,22,17,17,750.89,0
2026-08-11,BR,Android,android-8.4,Digital wallet,Organic,41,38,27,27,1197.54,1
2026-08-02,CR,iOS,ios-12.1,Card,Paid social,14,13,12,12,623.53,0
2026-07-24,CR,Web,web,Bank transfer,Paid social,8,7,5,5,247.6,0
2026-08-09,US,Android,android-8.3,Card,Paid search,82,78,73,71,5784.66,0
2026-07-25,CR,Android,android-8.3,Digital wallet,Paid social,11,11,8,8,356.1,0
2026-07-08,BR,iOS,ios-12.1,Bank transfer,Paid search,16,16,16,16,717.8,0
2026-07-28,US,Android,android-8.3,Digital wallet,Organic,83,80,73,72,6264.76,1
2026-08-06,US,Android,android-8.3,Digital wallet,Organic,74,72,67,65,5372.48,0
2026-08-14,US,iOS,ios-12.1,Card,Paid social,54,53,48,48,3493.49,1
2026-07-28,CR,Android,android-8.3,Card,Paid social,16,14,13,13,606.37,0
2026-08-16,BR,iOS,ios-12.1,Digital wallet,Paid social,20,19,19,18,711.58,0
2026-08-13,MX,Android,android-8.4,Digital wallet,Paid social,23,22,16,16,719.08,3
2026-07-22,US,Web,web,Digital wallet,Paid search,44,43,39,39,3329.19,0
2026-07-18,CR,Web,web,Bank transfer,Paid social,10,10,8,8,380.72,0
2026-07-07,BR,Android,android-8.3,Card,Organic,61,60,56,56,2535.15,3
2026-07-24,US,Android,android-8.3,Card,Organic,121,118,107,106,8865.74,0
2026-08-09,CR,Android,android-8.3,Card,Paid social,26,26,25,25,1201.89,0
2026-07-17,BR,Android,android-8.3,Digital wallet,Paid search,36,36,30,30,1372.46,0
2026-07-16,MX,iOS,ios-12.1,Bank transfer,Organic,24,24,21,20,967.84,0
2026-08-10,MX,iOS,ios-12.1,Digital wallet,Paid social,24,24,24,24,1025.08,1
2026-08-10,CR,Web,web,Bank transfer,Paid social,8,8,4,4,186.17,0
2026-07-07,MX,Android,android-8.3,Digital wallet,Organic,43,42,39,38,1926.44,0
2026-08-07,US,iOS,ios-12.1,Card,Paid search,70,68,61,59,4551.22,0
2026-07-19,US,Web,web,Bank transfer,Paid social,29,27,24,24,1806.48,0
2026-08-03,MX,Web,web,Bank transfer,Organic,35,32,30,30,1642.15,0
2026-07-14,BR,iOS,ios-12.1,Bank transfer,Paid social,9,9,8,8,326.1,1
2026-08-16,CR,Web,web,Card,Paid social,22,20,20,20,971.0,0
2026-07-31,US,Android,android-8.3,Digital wallet,Paid social,53,51,47,47,3401.75,0
2026-07-14,US,iOS,ios-12.1,Bank transfer,Paid search,25,25,19,19,1527.06,1
2026-08-08,MX,Android,android-8.4,Bank transfer,Paid search,8,7,5,5,240.72,0
2026-07-23,MX,iOS,ios-12.1,Card,Organic,41,40,32,32,1726.26,0
2026-07-29,US,Web,web,Card,Paid search,90,87,82,81,6772.61,1
2026-08-13,US,Web,web,Bank transfer,Paid social,19,18,15,15,1015.54,0
2026-08-08,US,Web,web,Digital wallet,Paid search,56,54,47,47,4008.87,0
2026-08-07,CR,Android,android-8.3,Digital wallet,Paid search,14,14,14,14,717.9,0
2026-08-11,US,iOS,ios-12.1,Digital wallet,Paid social,36,32,32,32,2386.3,0
2026-07-07,CR,Web,web,Card,Paid social,13,13,11,11,535.26,0
2026-08-07,US,Web,web,Bank transfer,Paid social,37,35,33,32,2526.58,0
2026-08-13,CR,Web,web,Bank transfer,Paid social,8,8,6,6,284.83,0
2026-08-12,BR,Web,web,Card,Paid social,31,30,28,27,1117.02,0
2026-08-11,MX,Android,android-8.3,Digital wallet,Paid social,8,8,8,8,355.3,0
2026-07-21,CR,Web,web,Digital wallet,Paid search,15,15,14,13,662.96,0
2026-07-22,US,Web,web,Card,Organic,113,111,103,102,8396.48,0
2026-07-19,US,Android,android-8.3,Card,Paid search,73,68,61,61,5001.46,0
2026-07-31,CR,iOS,ios-12.1,Digital wallet,Paid social,10,10,9,9,436.73,0
2026-08-10,US,Android,android-8.3,Bank transfer,Paid search,31,30,26,25,2139.3,0
2026-07-23,US,Android,android-8.3,Bank transfer,Paid social,16,15,15,15,1107.57,0
2026-07-27,BR,Web,web,Card,Organic,63,62,58,58,2754.26,0
2026-07-16,BR,Android,android-8.3,Card,Paid search,45,41,36,34,1558.16,1
2026-08-08,BR,Android,android-8.4,Digital wallet,Organic,8,8,8,8,353.54,0
2026-08-08,MX,iOS,ios-12.1,Digital wallet,Paid social,19,19,15,15,670.7,0
2026-08-13,BR,Android,android-8.3,Bank transfer,Organic,8,8,7,7,341.29,0
2026-07-23,CR,iOS,ios-12.1,Card,Organic,15,15,13,13,781.39,0
2026-08-16,MX,Web,web,Card,Organic,74,72,63,62,3104.48,0
2026-07-10,CR,Web,web,Digital wallet,Organic,29,28,28,27,1444.92,0
2026-07-10,BR,Android,android-8.3,Digital wallet,Organic,56,55,49,49,2105.83,0
2026-07-14,CR,iOS,ios-12.1,Digital wallet,Paid search,12,9,9,9,445.82,0
2026-08-08,MX,Web,web,Digital wallet,Paid social,44,43,39,39,1837.34,0
2026-07-06,BR,Web,web,Card,Paid social,34,31,29,29,1075.44,1
2026-07-22,US,Web,web,Digital wallet,Organic,78,74,69,68,5171.76,0
2026-07-10,BR,iOS,ios-12.1,Card,Paid search,45,44,41,40,1677.35,0
2026-08-10,BR,iOS,ios-12.1,Bank transfer,Paid social,9,8,8,7,274.89,0
2026-08-14,BR,Android,android-8.3,Card,Paid search,8,7,5,5,231.11,0
2026-08-08,MX,Web,web,Bank transfer,Organic,36,36,31,29,1440.94,0
2026-07-07,US,Web,web,Card,Organic,124,119,104,103,9535.42,1
2026-08-08,CR,Web,web,Card,Organic,35,33,31,31,1698.25,0
2026-07-10,BR,Android,android-8.3,Digital wallet,Paid search,36,36,34,34,1545.39,0
2026-08-03,US,Web,web,Bank transfer,Paid social,17,17,16,16,1152.76,0
2026-07-15,BR,iOS,ios-12.1,Digital wallet,Organic,29,29,25,25,1199.94,0
2026-08-07,BR,Web,web,Digital wallet,Paid social,21,20,19,18,774.33,0
2026-07-09,MX,Web,web,Digital wallet,Paid search,43,41,40,39,2019.1,1
2026-08-07,BR,Web,web,Bank transfer,Paid search,18,17,15,14,635.36,1
2026-08-16,MX,Android,android-8.3,Card,Paid social,8,8,8,8,367.8,0
2026-08-04,MX,iOS,ios-12.1,Digital wallet,Paid search,25,25,22,21,1038.05,0
2026-07-31,CR,Web,web,Card,Organic,46,44,34,34,1915.17,1
2026-07-18,US,iOS,ios-12.1,Digital wallet,Organic,57,53,51,50,4553.61,0
2026-07-25,CR,Web,web,Bank transfer,Paid search,9,9,8,8,419.37,0
2026-07-24,MX,Web,web,Bank transfer,Organic,34,34,32,32,1609.65,0
2026-08-07,US,iOS,ios-12.1,Card,Paid social,57,53,48,48,3450.41,1
2026-07-26,MX,Web,web,Bank transfer,Paid search,19,19,18,18,975.86,0
2026-08-12,US,iOS,ios-12.1,Bank transfer,Organic,27,26,24,23,2018.76,0
2026-08-09,CR,Web,web,Digital wallet,Paid social,8,6,6,6,311.18,0
2026-08-13,CR,Android,android-8.3,Card,Paid search,19,19,16,16,864.8,0
2026-07-18,MX,Android,android-8.3,Card,Paid social,47,45,42,39,1807.54,0
2026-08-05,BR,Android,android-8.4,Bank transfer,Organic,8,6,6,6,269.51,0
2026-08-12,MX,Android,android-8.4,Digital wallet,Paid social,22,22,15,13,558.27,3
2026-07-14,US,Android,android-8.3,Bank transfer,Organic,41,38,35,34,2808.43,0
2026-07-27,BR,Web,web,Card,Paid social,37,33,29,29,1162.51,0
2026-07-21,US,Web,web,Digital wallet,Organic,70,68,67,66,5161.93,0
2026-08-04,BR,iOS,ios-12.1,Digital wallet,Paid social,22,22,21,21,751.78,0
2026-07-26,US,iOS,ios-12.1,Card,Organic,82,79,71,71,5845.84,4
2026-07-21,US,iOS,ios-12.1,Digital wallet,Paid social,35,34,34,32,2496.13,0
2026-08-08,US,iOS,ios-12.1,Digital wallet,Paid social,28,28,27,27,1958.79,1
2026-07-07,MX,Web,web,Digital wallet,Organic,37,33,30,30,1432.35,0
2026-07-24,CR,iOS,ios-12.1,Digital wallet,Organic,16,16,16,16,899.69,0
2026-07-30,CR,Android,android-8.3,Card,Paid search,23,23,20,20,1027.73,0
2026-08-13,BR,Android,android-8.3,Card,Organic,19,18,18,18,866.29,0
2026-08-14,MX,Android,android-8.3,Bank transfer,Organic,8,8,8,8,433.52,0
2026-08-14,US,Android,android-8.3,Digital wallet,Paid social,40,37,37,37,2679.45,0
2026-08-08,BR,Web,web,Card,Organic,80,79,74,73,3100.56,3
2026-08-12,CR,Web,web,Bank transfer,Paid search,8,8,6,6,329.51,1
2026-07-15,MX,Android,android-8.3,Card,Paid social,35,34,31,31,1326.34,1
2026-07-26,US,Web,web,Bank transfer,Paid social,22,21,21,21,1542.6,0
2026-07-11,MX,Web,web,Card,Organic,90,84,74,72,3478.09,0
2026-08-14,MX,Android,android-8.3,Bank transfer,Paid social,8,7,6,6,271.26,0
2026-07-13,US,Web,web,Bank transfer,Organic,44,41,37,37,3230.38,0
2026-08-15,US,Web,web,Card,Paid social,94,86,77,76,5601.95,0
2026-07-28,BR,Web,web,Digital wallet,Organic,51,51,49,49,2362.58,0
2026-07-17,CR,Web,web,Bank transfer,Paid search,11,11,10,10,535.25,0
2026-07-09,US,Web,web,Digital wallet,Paid social,44,42,39,38,2778.19,0
2026-07-29,US,iOS,ios-12.1,Card,Paid social,53,50,43,43,3131.15,0
2026-07-29,BR,Android,android-8.3,Card,Paid search,40,39,36,35,1673.59,1
2026-08-12,US,Web,web,Digital wallet,Organic,102,100,95,94,7672.97,1
2026-08-11,CR,Web,web,Card,Organic,29,29,27,27,1548.92,0
2026-08-08,MX,Android,android-8.3,Digital wallet,Paid social,30,28,28,27,1211.19,0
2026-08-06,MX,Web,web,Bank transfer,Paid social,20,19,17,17,804.61,0
2026-07-13,MX,Android,android-8.3,Digital wallet,Paid search,30,30,30,30,1586.29,0
2026-08-10,MX,Web,web,Digital wallet,Paid social,31,30,30,29,1259.05,0
2026-07-22,US,Android,android-8.3,Digital wallet,Paid social,34,31,29,29,2077.26,0
2026-08-01,MX,Android,android-8.3,Card,Paid search,74,69,61,60,3124.28,1
2026-08-09,CR,Web,web,Digital wallet,Paid search,16,15,15,15,760.92,0
2026-08-11,CR,iOS,ios-12.1,Bank transfer,Organic,9,9,9,9,486.67,0
2026-08-02,CR,Android,android-8.3,Digital wallet,Paid search,13,13,12,11,566.94,0
2026-08-03,US,Android,android-8.3,Card,Paid social,73,71,67,66,5074.77,1
2026-07-28,BR,Web,web,Bank transfer,Paid search,14,13,12,12,549.95,1
2026-07-23,US,Web,web,Bank transfer,Paid search,21,21,20,20,1697.02,0
2026-07-09,BR,iOS,ios-12.1,Bank transfer,Paid search,12,12,12,12,567.12,0
2026-08-06,CR,Android,android-8.3,Card,Paid search,19,18,17,17,853.09,0
2026-08-02,CR,Web,web,Card,Paid search,18,18,18,18,963.01,0
2026-07-14,MX,Android,android-8.3,Digital wallet,Paid search,30,30,29,29,1470.27,0
2026-08-12,BR,iOS,ios-12.1,Card,Paid social,24,22,22,22,868.94,0
2026-07-27,CR,Android,android-8.3,Bank transfer,Organic,12,12,12,12,714.08,0
2026-08-07,CR,Web,web,Digital wallet,Organic,22,22,21,21,1241.69,0
2026-07-08,US,Web,web,Digital wallet,Paid social,34,33,33,33,2536.87,0
2026-08-16,CR,iOS,ios-12.1,Bank transfer,Paid search,8,8,7,7,349.47,1
2026-07-20,CR,Web,web,Digital wallet,Paid social,13,13,13,13,660.78,0
2026-08-04,US,Android,android-8.3,Card,Organic,117,111,105,100,7651.68,3
2026-08-04,US,Android,android-8.3,Digital wallet,Organic,64,62,59,59,4939.17,0
2026-08-02,MX,Web,web,Card,Paid search,60,59,50,50,2398.89,1
2026-07-26,CR,iOS,ios-12.1,Card,Organic,21,21,19,19,1041.19,0
2026-08-07,MX,Android,android-8.3,Bank transfer,Paid social,10,10,8,8,325.68,0
2026-07-15,BR,iOS,ios-12.1,Card,Paid social,33,30,27,27,1184.32,0
2026-07-20,US,Android,android-8.3,Digital wallet,Paid social,36,33,27,27,1910.89,0
2026-08-13,CR,Android,android-8.3,Digital wallet,Paid social,14,14,14,14,653.95,0
2026-07-27,BR,Android,android-8.3,Bank transfer,Organic,27,26,23,23,1068.72,0
2026-07-06,US,Web,web,Digital wallet,Paid search,53,51,47,47,3942.12,1
2026-08-12,US,Android,android-8.3,Digital wallet,Organic,81,79,71,69,5710.92,1
2026-07-15,US,Web,web,Digital wallet,Paid search,45,43,40,40,3155.42,0
2026-07-27,BR,Android,android-8.3,Digital wallet,Paid search,30,28,26,26,1063.48,1
2026-07-19,US,Web,web,Bank transfer,Organic,34,34,30,29,2537.25,0
2026-07-20,CR,Web,web,Bank transfer,Paid social,8,8,8,8,403.25,0
2026-08-01,MX,iOS,ios-12.1,Bank transfer,Organic,22,21,16,16,800.43,0
2026-08-08,BR,Android,android-8.4,Card,Paid search,13,12,11,11,496.0,0
2026-08-02,BR,Android,android-8.3,Digital wallet,Paid search,27,26,23,21,893.17,0
2026-08-13,MX,Web,web,Card,Paid search,61,58,52,52,2677.47,0
2026-08-03,US,Android,android-8.3,Digital wallet,Organic,73,68,66,66,5978.97,0
2026-08-04,US,Web,web,Card,Paid social,65,64,61,60,4370.4,0
2026-08-09,BR,Android,android-8.3,Digital wallet,Paid search,19,19,19,18,767.44,0
2026-08-09,CR,Android,android-8.3,Bank transfer,Organic,9,9,9,9,488.77,1
2026-07-19,CR,Android,android-8.3,Digital wallet,Organic,14,14,13,13,717.68,0
2026-08-13,US,Android,android-8.3,Digital wallet,Organic,70,65,60,59,5510.09,0
2026-08-16,BR,Web,web,Card,Paid search,52,51,45,45,1880.45,1
2026-08-10,BR,Android,android-8.3,Bank transfer,Paid social,8,7,7,6,241.49,0
2026-08-11,MX,Android,android-8.4,Digital wallet,Paid search,30,30,22,22,1037.75,1
2026-07-17,MX,Web,web,Card,Paid social,45,42,34,34,1562.48,1
2026-07-24,CR,Web,web,Card,Organic,37,34,30,30,1656.09,0
2026-07-07,MX,iOS,ios-12.1,Bank transfer,Paid search,8,8,8,8,358.27,0
2026-08-01,BR,iOS,ios-12.1,Digital wallet,Paid social,27,27,26,26,1025.0,0
2026-07-21,CR,Web,web,Card,Paid social,24,21,21,21,919.76,0
2026-07-26,MX,iOS,ios-12.1,Card,,29,28,27,26,1134.86,0
2026-08-16,MX,Android,android-8.4,Card,Organic,63,59,50,50,2434.61,1
2026-08-11,CR,iOS,ios-12.1,Card,Paid search,21,19,18,18,902.02,0
2026-07-21,MX,Web,web,Digital wallet,Paid search,36,35,34,33,1475.27,0
2026-07-21,MX,iOS,ios-12.1,Digital wallet,Paid social,13,13,13,13,554.75,0
2026-08-09,CR,Web,web,Card,Paid social,16,15,15,15,695.38,0
2026-08-10,CR,iOS,ios-12.1,Bank transfer,Organic,8,8,7,7,373.24,0
2026-07-06,MX,Android,android-8.3,Card,Paid social,49,46,45,44,1761.65,0
2026-07-11,BR,Android,android-8.3,Digital wallet,Paid search,32,30,28,28,1266.93,2
2026-07-24,US,Web,web,Digital wallet,Paid social,46,43,38,38,2858.68,0
2026-08-16,BR,Android,android-8.4,Bank transfer,Organic,19,19,17,17,786.08,0
2026-07-24,US,Android,android-8.3,Bank transfer,Organic,42,41,34,34,2945.68,1
2026-08-10,MX,Web,web,Digital wallet,Paid search,37,36,32,32,1416.21,0
2026-07-29,MX,Web,web,Bank transfer,Paid social,17,17,13,12,515.39,0
2026-08-02,BR,Web,web,Digital wallet,Paid social,31,31,29,29,1148.71,1
2026-07-23,CR,Android,android-8.3,Bank transfer,Paid search,8,7,7,7,348.18,0
2026-08-07,CR,iOS,ios-12.1,Card,Organic,24,22,21,21,1112.01,0
2026-08-11,MX,Android,android-8.3,Card,Organic,8,8,8,7,391.3,0
2026-08-04,MX,Android,android-8.4,Bank transfer,Paid social,8,8,8,8,348.38,0
2026-07-15,US,iOS,ios-12.1,Digital wallet,Organic,52,48,46,46,3583.32,0
2026-07-07,BR,Android,android-8.3,Bank transfer,Organic,25,25,23,22,1011.55,0
2026-08-06,US,Android,android-8.3,Digital wallet,Paid search,49,48,44,44,3645.71,1
2026-08-01,MX,iOS,ios-12.1,Card,Paid search,37,36,32,31,1448.09,0
2026-08-07,CR,iOS,ios-12.1,Bank transfer,Paid search,9,9,9,9,483.11,1
2026-07-16,CR,Android,android-8.3,Card,Paid social,12,12,10,10,472.34,0
2026-08-01,US,Web,web,Bank transfer,Organic,47,47,43,42,3803.81,0
2026-07-30,US,Web,web,Bank transfer,Organic,38,35,33,33,2608.32,0
2026-07-08,BR,iOS,ios-12.1,Card,Paid social,19,19,17,16,635.73,0
2026-08-05,CR,Android,android-8.3,Bank transfer,Paid social,8,8,8,8,391.49,1
2026-07-23,CR,iOS,ios-12.1,Card,Paid social,8,8,8,8,397.63,0
2026-07-06,CR,Android,android-8.3,Card,Paid search,17,17,14,14,702.99,1
2026-07-15,CR,Web,web,Digital wallet,Paid search,14,13,12,12,649.76,1
2026-07-12,BR,Web,web,Bank transfer,Organic,30,30,26,26,1051.34,0
2026-07-13,MX,iOS,ios-12.1,Card,Paid social,23,22,18,18,779.11,1
2026-08-05,BR,Android,android-8.4,Digital wallet,Paid social,8,8,7,7,296.89,0
2026-08-01,MX,Web,web,Digital wallet,Paid social,25,23,23,23,1058.15,0
2026-08-08,US,iOS,ios-12.1,Digital wallet,Paid search,53,51,49,49,3868.28,0
2026-08-05,US,Android,android-8.3,Card,Paid social,58,55,49,49,3615.85,0
2026-08-09,BR,Web,web,Bank transfer,Paid search,19,19,18,18,727.35,0
2026-07-20,MX,Web,web,Digital wallet,Organic,51,50,43,42,1891.72,0
2026-07-11,CR,Android,android-8.3,Digital wallet,Paid search,15,14,14,14,760.5,0
2026-08-12,US,Android,android-8.3,Bank transfer,Paid social,22,21,17,17,1356.98,0
2026-08-01,BR,Web,web,Card,Organic,80,79,73,73,3508.77,1
2026-07-13,US,iOS,ios-12.1,Digital wallet,Organic,47,46,45,44,3851.91,0
2026-07-18,US,Android,android-8.3,Bank transfer,Paid social,15,15,15,15,1096.48,0
2026-08-13,CR,iOS,ios-12.1,Digital wallet,Paid social,8,8,8,8,372.87,0
2026-08-01,CR,Android,android-8.3,Digital wallet,Paid social,17,16,14,13,604.06,0
2026-07-23,MX,Android,android-8.3,Card,Paid social,45,43,40,40,1738.24,0
2026-07-15,BR,Web,web,Digital wallet,Paid social,38,37,34,34,1414.65,1
2026-07-28,BR,Android,android-8.3,Digital wallet,Paid search,27,26,25,25,1060.7,0
2026-07-08,MX,Web,web,Digital wallet,Paid social,27,27,27,27,1183.39,2
2026-07-23,US,Web,web,Digital wallet,Paid search,51,49,47,45,4181.67,1
2026-08-07,CR,Web,web,Card,Organic,29,28,24,24,1333.91,0
2026-08-08,US,Web,web,Digital wallet,Paid social,32,30,28,28,1874.01,1
2026-08-06,MX,Android,android-8.3,Bank transfer,Paid social,13,13,11,11,476.99,1
2026-08-12,US,Android,android-8.3,Bank transfer,Organic,47,46,44,43,3869.78,0
2026-07-22,MX,Android,android-8.3,Card,Paid social,43,41,38,38,1775.68,0
2026-07-28,US,Web,web,Bank transfer,Paid social,24,24,21,21,1536.61,1
2026-08-04,MX,Android,android-8.3,Card,Organic,66,63,57,56,3096.15,0
2026-07-28,CR,iOS,ios-12.1,Card,Organic,19,19,17,17,889.56,0
2026-08-13,BR,Web,web,Bank transfer,Organic,30,29,26,26,1265.82,0
2026-07-26,MX,Web,web,Card,Paid social,35,33,30,28,1229.49,0
2026-08-05,MX,Android,android-8.3,Digital wallet,Paid social,19,19,19,19,764.69,0
2026-07-06,CR,Web,web,Card,Organic,21,20,19,19,1154.23,0
2026-07-25,CR,Web,web,Bank transfer,Paid social,8,8,7,7,331.81,0
2026-08-15,MX,Web,web,Bank transfer,Paid search,15,14,12,10,480.13,0
2026-07-27,BR,Web,web,Bank transfer,Organic,21,19,17,17,770.03,0
2026-07-29,CR,Web,web,Bank transfer,Paid social,8,8,7,7,337.02,0
2026-07-19,CR,Web,web,Bank transfer,Paid search,10,9,6,6,351.51,0
2026-07-08,MX,iOS,ios-12.1,Card,Paid social,36,34,31,31,1381.41,0
2026-07-19,MX,Android,android-8.3,Bank transfer,Paid social,14,14,14,13,590.05,0
2026-08-16,BR,Android,android-8.4,Bank transfer,Paid search,11,10,6,6,264.9,0
2026-07-13,BR,Android,android-8.3,Digital wallet,Paid social,30,30,30,29,1083.15,0
2026-07-23,BR,iOS,ios-12.1,Digital wallet,Paid social,19,17,15,15,607.31,0
2026-07-25,MX,Web,web,Bank transfer,Paid search,20,20,19,19,932.99,0
2026-07-17,MX,Web,web,Digital wallet,Paid search,41,40,39,39,1867.84,0
2026-07-07,US,Web,web,Bank transfer,Paid social,27,27,24,24,1757.04,0
2026-08-15,CR,Web,web,Digital wallet,Organic,28,28,26,26,1425.68,2
2026-07-16,CR,Web,web,Digital wallet,Organic,20,20,19,19,1128.36,0
2026-07-25,CR,Android,android-8.3,Card,Organic,32,32,31,31,1642.27,0
2026-08-13,BR,iOS,ios-12.1,Card,Paid social,29,29,27,26,972.36,1
2026-07-13,US,Web,web,Digital wallet,Paid search,51,50,49,49,3673.37,1
2026-08-10,BR,iOS,ios-12.1,Digital wallet,Organic,28,28,24,24,1007.74,0
2026-08-03,MX,Android,android-8.3,Digital wallet,Organic,40,38,35,35,1796.76,1
2026-08-04,CR,Web,web,Card,Paid social,17,17,14,14,662.54,0
2026-07-23,US,Web,web,Bank transfer,Paid social,28,28,26,25,1678.13,0
2026-07-10,BR,Android,android-8.3,Card,Organic,76,72,69,65,2831.43,0
2026-08-06,BR,Web,web,Digital wallet,Organic,48,45,41,41,1883.14,1
2026-08-15,CR,iOS,ios-12.1,Card,Paid search,25,23,21,21,1079.77,0
2026-07-14,CR,iOS,ios-12.1,Bank transfer,Organic,8,8,7,7,417.52,1
2026-07-19,BR,Android,android-8.3,Bank transfer,Paid social,23,22,20,20,816.08,0
2026-07-26,CR,Web,web,Digital wallet,Paid social,13,10,9,9,393.39,0
2026-07-22,BR,iOS,ios-12.1,Card,Paid social,26,26,25,25,1028.17,0
2026-07-12,MX,iOS,ios-12.1,Card,Paid search,36,31,28,27,1335.85,0
2026-08-06,MX,Android,android-8.4,Digital wallet,Organic,11,10,8,8,405.38,0
2026-07-10,CR,Web,web,Card,Organic,47,41,39,38,2253.32,0
2026-07-14,BR,Web,web,Card,Paid social,44,43,39,38,1538.57,0
2026-07-20,US,Web,web,Digital wallet,Paid search,47,47,46,46,4115.27,0
2026-07-06,CR,iOS,ios-12.1,Card,Paid search,12,12,10,9,472.53,0
2026-08-11,BR,Web,web,Digital wallet,Paid social,25,24,23,23,952.65,1
2026-08-07,CR,Android,android-8.3,Digital wallet,Paid social,13,11,11,11,538.69,0
2026-08-16,MX,Android,android-8.3,Digital wallet,Paid social,8,8,7,7,302.97,0
2026-07-20,BR,Web,web,Card,Paid social,38,36,34,34,1382.74,1
2026-07-22,BR,Android,android-8.3,Card,Organic,60,60,55,55,2421.1,1
2026-07-12,BR,iOS,ios-12.1,Digital wallet,Organic,32,32,32,31,1428.24,0
2026-08-02,CR,iOS,ios-12.1,Digital wallet,Paid search,9,9,8,8,414.34,0
2026-07-29,MX,Android,android-8.3,Card,Paid social,40,38,34,33,1432.96,1
2026-08-11,CR,Android,android-8.3,Digital wallet,Paid social,12,11,11,11,551.91,0
2026-08-16,MX,Web,web,Card,Paid social,43,42,40,40,1725.03,1
2026-07-25,US,iOS,ios-12.1,Digital wallet,Organic,81,79,75,75,6414.14,2
2026-07-10,MX,Android,android-8.3,Digital wallet,Organic,52,50,49,49,2478.67,0
2026-08-08,MX,iOS,ios-12.1,Bank transfer,Paid social,15,15,13,13,598.91,0
2026-07-14,US,iOS,ios-12.1,Card,Paid social,46,45,43,41,3167.57,0
2026-08-01,CR,Web,web,Bank transfer,Paid search,15,14,13,13,732.7,0
2026-07-14,CR,Web,web,Bank transfer,Paid search,10,9,9,9,501.76,0
2026-07-18,MX,Android,android-8.3,Digital wallet,Organic,53,52,50,48,2533.09,1
2026-08-03,MX,Android,android-8.4,Bank transfer,Paid social,8,8,8,8,321.09,0
2026-07-23,CR,Web,web,Card,Paid search,18,18,16,16,935.34,0
2026-07-08,CR,Android,android-8.3,Card,Organic,31,28,24,22,1176.04,0
2026-08-03,MX,Android,android-8.4,Card,Paid social,8,8,7,7,285.86,0
2026-07-12,MX,Web,web,Digital wallet,Paid search,31,29,26,26,1162.19,0
2026-07-26,MX,iOS,ios-12.1,Card,Paid search,33,31,30,28,1344.93,0
2026-08-01,MX,Web,web,Digital wallet,Organic,66,64,61,61,3454.0,1
2026-07-20,MX,Android,android-8.3,Digital wallet,Paid social,23,23,22,21,952.52,0
2026-08-06,MX,iOS,ios-12.1,Bank transfer,Paid social,11,10,9,9,390.08,0
2026-07-28,MX,Android,android-8.3,Card,Organic,65,64,59,59,3134.73,0
2026-07-26,CR,Web,web,Bank transfer,Paid social,8,8,7,7,341.19,0
2026-07-10,CR,Web,web,Digital wallet,Paid social,19,17,15,14,668.27,0
2026-07-11,MX,iOS,ios-12.1,Card,Paid social,26,22,19,19,855.61,0
2026-08-09,CR,Android,android-8.3,Digital wallet,Paid social,11,9,8,7,330.15,0
2026-07-26,MX,Web,web,Card,Paid search,49,49,47,46,2405.63,0
2026-08-02,US,Android,android-8.3,Bank transfer,Paid social,11,9,8,8,564.58,0
2026-07-21,MX,Web,web,Digital wallet,Paid social,23,22,22,22,1032.28,0
2026-08-11,US,Android,android-8.3,Card,Paid social,56,53,45,44,3660.47,0
2026-07-26,CR,Android,android-8.3,Card,Organic,33,31,30,30,1604.67,1
2026-08-02,US,iOS,ios-12.1,Bank transfer,Paid search,25,23,19,18,1466.99,0
2026-08-14,US,Android,android-8.3,Digital wallet,Paid search,57,54,53,52,4169.0,0
2026-08-02,BR,Web,web,Bank transfer,Organic,20,20,18,18,815.47,0
2026-07-09,BR,Web,web,Card,Paid search,70,67,64,64,3101.33,0
2026-07-14,MX,Web,web,Bank transfer,Paid social,-1,17,17,16,662.96,0
2026-08-02,US,iOS,ios-12.1,Bank transfer,Paid social,18,18,13,13,952.02,0
2026-08-01,mx,Web,web,Bank transfer,Organic,40,39,36,35,1821.72,0
2026-07-08,MX,iOS,ios-12.1,Bank transfer,Paid search,14,14,12,12,630.67,0
2026-08-06,MX,Android,android-8.3,Card,Paid social,38,35,31,29,1339.25,0
2026-08-07,BR,Android,android-8.3,Digital wallet,Organic,46,44,39,39,1785.25,0
2026-07-10,BR,Web,web,Card,Paid search,51,48,44,44,1865.69,1
2026-08-14,US,Android,android-8.3,Bank transfer,Paid search,31,30,28,28,2066.93,0
2026-08-08,BR,iOS,ios-12.1,Digital wallet,Paid social,16,16,15,15,618.97,0
2026-07-17,MX,iOS,ios-12.1,Bank transfer,Organic,22,22,20,19,993.17,0
2026-07-29,MX,Android,android-8.3,Digital wallet,Organic,44,43,39,39,1974.8,0
2026-08-07,BR,Android,android-8.4,Digital wallet,Paid social,10,10,9,9,367.51,0
2026-08-01,US,iOS,ios-12.1,Card,Paid search,66,65,58,57,4759.75,0
2026-07-14,US,Web,web,Bank transfer,Paid search,31,31,26,26,2177.03,0
2026-08-11,MX,iOS,ios-12.1,Digital wallet,Paid social,18,17,17,17,800.53,0
2026-07-17,US,Android,android-8.3,Digital wallet,Paid social,43,40,38,38,2960.26,2
2026-07-30,CR,Android,android-8.3,Bank transfer,Paid search,8,8,7,7,386.01,0
2026-07-20,US,Android,android-8.3,Bank transfer,Paid social,19,17,17,17,1264.63,0
2026-07-22,US,Web,web,Card,Paid search,91,90,85,84,7119.42,1
2026-07-13,CR,iOS,ios-12.1,Digital wallet,Paid search,8,7,7,7,385.21,0
2026-07-18,US,Android,android-8.3,Bank transfer,Paid search,34,31,26,26,2071.21,0
2026-07-19,BR,Web,web,Card,Organic,57,57,49,49,2376.03,1
2026-08-16,us,iOS,ios-12.1,Card,Paid search,54,49,46,45,3807.6,0
2026-08-01,US,Web,web,Digital wallet,Organic,102,96,93,92,7771.06,0
2026-07-06,CR,iOS,ios-12.1,Bank transfer,Paid search,8,8,7,7,416.48,0
2026-08-04,CR,Android,android-8.3,Digital wallet,Paid search,17,16,15,14,728.35,0
2026-07-11,CR,Web,web,Card,Paid search,27,27,26,26,1408.4,0
2026-07-07,BR,iOS,ios-12.1,Bank transfer,Organic,15,14,9,9,433.81,0
2026-07-20,BR,iOS,ios-12.1,Digital wallet,Paid social,8,8,7,7,286.1,0
2026-08-01,US,Web,web,Bank transfer,,33,32,26,26,1929.25,1
2026-07-18,CR,Web,web,Digital wallet,Organic,33,32,30,29,1578.85,0
2026-08-04,BR,Android,android-8.4,Bank transfer,Organic,8,8,8,8,366.95,1
2026-08-15,MX,iOS,ios-12.1,Digital wallet,Paid search,38,37,35,35,1808.26,0
2026-07-25,CR,Web,web,Card,Paid social,18,18,17,17,765.63,0
2026-08-16,CR,Web,web,Digital wallet,Organic,26,25,23,23,1104.33,0
2026-07-19,MX,Web,web,Card,Paid search,66,63,55,53,2559.59,1
2026-07-16,BR,iOS,ios-12.1,Digital wallet,Paid search,20,20,20,20,964.93,1
2026-07-24,BR,Web,web,Digital wallet,Paid social,37,35,34,34,1306.44,0
2026-07-15,MX,Android,android-8.3,Digital wallet,Paid search,39,38,37,36,1797.7,0
2026-07-21,MX,Web,web,Bank transfer,Paid social,15,15,15,15,631.41,0
2026-07-20,US,Web,web,Card,Organic,131,129,120,118,11271.08,0
2026-08-16,BR,Android,android-8.3,Digital wallet,Paid social,8,7,7,7,243.0,0
2026-07-21,MX,Web,web,Bank transfer,Organic,23,23,21,21,1023.1,1
2026-08-02,CR,Web,web,Digital wallet,Organic,19,18,15,15,824.01,0
2026-07-18,BR,Android,android-8.3,Bank transfer,Organic,19,19,18,18,868.15,0
2026-08-15,BR,Android,android-8.4,Digital wallet,Paid search,22,21,16,16,655.61,1
2026-07-23,CR,Web,web,Digital wallet,Paid social,8,8,6,6,291.69,0
2026-07-08,CR,Android,android-8.3,Digital wallet,Paid social,13,13,13,13,592.7,0
2026-08-06,MX,Android,android-8.3,Card,Paid search,35,33,30,29,1558.7,1
2026-07-20,MX,iOS,ios-12.1,Card,Paid social,28,25,25,24,997.51,0
2026-08-01,US,Android,android-8.3,Card,Paid search,99,97,89,87,7573.14,1
2026-07-10,MX,Android,android-8.3,Card,Organic,96,94,85,84,4169.99,2
2026-07-11,US,Android,android-8.3,Card,Paid search,78,76,71,68,5664.01,0
2026-07-13,CR,iOS,ios-12.1,Card,Organic,23,22,19,19,1165.0,0
2026-08-03,BR,Web,web,Card,Paid search,50,48,44,42,1880.52,3
2026-07-23,BR,iOS,ios-12.1,Bank transfer,Organic,8,7,6,6,247.86,0
2026-07-27,CR,iOS,ios-12.1,Card,Paid social,13,12,10,9,430.83,0
2026-07-16,CR,Web,web,Bank transfer,Organic,8,8,7,7,403.12,0
2026-08-14,BR,Android,android-8.4,Digital wallet,Paid search,24,22,15,14,655.05,2
2026-08-06,BR,iOS,ios-12.1,Bank transfer,Organic,19,16,12,12,611.55,1
2026-08-07,BR,Android,android-8.4,Bank transfer,Paid social,8,8,7,7,283.12,0
2026-07-19,US,Web,web,Digital wallet,Paid social,30,29,27,27,1885.26,0
2026-08-05,BR,Android,android-8.3,Digital wallet,Organic,43,41,37,37,1599.51,0
2026-08-03,US,Android,android-8.3,Bank transfer,Paid search,26,25,22,21,1808.45,0
2026-07-10,CR,Web,web,Bank transfer,Organic,11,11,9,9,487.14,0
2026-07-24,CR,Web,web,Card,Paid social,18,18,16,16,772.56,0
2026-07-13,CR,Web,web,Card,Paid search,22,22,21,21,1179.12,1
2026-07-14,MX,iOS,ios-12.1,Digital wallet,Paid social,22,21,20,20,875.07,0
2026-07-21,MX,iOS,ios-12.1,Card,Paid social,28,26,24,22,978.62,0
2026-07-07,CR,iOS,ios-12.1,Bank transfer,Paid social,8,8,7,7,327.35,0
2026-07-20,MX,Web,web,Bank transfer,Organic,19,18,17,16,778.3,1
2026-08-01,MX,iOS,ios-12.1,Digital wallet,Paid social,25,24,21,20,868.75,0
2026-08-14,BR,iOS,ios-12.1,Digital wallet,Paid social,24,23,21,21,792.45,0
2026-08-02,BR,Android,android-8.3,Digital wallet,Paid social,23,21,19,19,754.07,0
2026-07-29,MX,Android,android-8.3,Bank transfer,Paid search,17,17,13,13,590.53,1
2026-07-29,CR,Web,web,Digital wallet,Paid search,18,18,16,16,870.45,0
2026-07-11,CR,Web,web,Bank transfer,Organic,20,19,16,16,910.34,0
2026-08-03,CR,Android,android-8.3,Bank transfer,Paid social,8,7,7,7,328.53,0
2026-07-21,MX,iOS,ios-12.1,Digital wallet,Paid search,29,28,26,26,1199.19,0
2026-08-16,BR,Android,android-8.3,Card,Paid social,13,12,10,10,387.88,0
2026-08-10,US,iOS,ios-12.1,Bank transfer,Organic,33,32,28,28,2254.37,0
2026-08-16,MX,iOS,ios-12.1,Bank transfer,Paid social,13,12,11,11,484.67,0
2026-07-14,US,Android,android-8.3,Bank transfer,Paid search,26,26,26,26,2185.71,0
2026-08-05,MX,Android,android-8.4,Card,Paid social,8,8,7,7,312.75,0
2026-08-05,MX,Android,android-8.4,Digital wallet,Organic,8,7,7,7,342.5,0
2026-08-06,CR,Android,android-8.3,Bank transfer,Paid search,8,8,8,7,372.15,0
2026-07-29,BR,iOS,ios-12.1,Digital wallet,Paid search,25,24,22,22,953.16,0
2026-07-24,US,iOS,ios-12.1,Bank transfer,Paid search,23,23,21,21,1805.05,0
2026-07-29,US,iOS,ios-12.1,Card,Organic,91,84,75,73,6341.72,0
2026-07-09,US,iOS,ios-12.1,Card,Paid search,47,45,45,45,3394.78,1
2026-08-11,CR,Web,web,Bank transfer,Organic,14,14,10,10,570.24,0
2026-08-03,US,iOS,ios-12.1,Bank transfer,Paid search,28,28,26,25,2097.66,0
2026-07-13,MX,iOS,ios-12.1,Digital wallet,Organic,37,37,33,32,1798.51,0
2026-08-04,BR,Android,android-8.4,Bank transfer,Paid search,8,7,4,4,165.17,0
2026-08-13,US,iOS,ios-12.1,Bank transfer,Paid social,15,15,13,13,1002.02,0
2026-08-06,MX,Android,android-8.4,Card,Paid search,8,6,4,4,193.25,0
2026-07-17,MX,Web,web,Digital wallet,Organic,62,60,55,55,2762.62,0
2026-07-15,MX,Web,web,Bank transfer,Paid social,9,9,8,8,342.92,0
2026-08-06,BR,Web,web,Card,Paid search,52,49,45,45,1877.23,0
2026-08-02,MX,iOS,ios-12.1,Card,Paid search,49,47,40,40,1900.74,0
2026-07-19,CR,Web,web,Bank transfer,Paid social,8,8,8,8,386.63,0
2026-07-21,BR,Android,android-8.3,Bank transfer,Paid search,10,10,10,9,374.64,0
2026-08-13,CR,iOS,ios-12.1,Bank transfer,Paid search,8,8,8,7,375.57,0
2026-07-21,BR,iOS,ios-12.1,Bank transfer,Organic,11,11,9,8,375.31,0
2026-08-13,CR,iOS,ios-12.1,Digital wallet,Paid search,8,8,8,8,463.24,1
2026-08-06,US,Android,android-8.3,Card,Organic,101,98,91,90,7811.35,1
2026-08-08,MX,Android,android-8.4,Card,Paid search,8,8,8,8,401.51,0
2026-07-11,MX,Android,android-8.3,Digital wallet,Paid search,26,24,24,24,1185.32,0
2026-07-17,US,Web,web,Card,Paid social,70,68,63,63,4690.89,2
2026-07-13,MX,Web,web,Card,Paid search,53,49,41,41,2138.39,1
2026-07-20,CR,Android,android-8.3,Digital wallet,Paid search,13,11,9,9,445.0,0
2026-07-26,CR,iOS,ios-12.1,Bank transfer,Paid search,8,7,7,7,394.6,0
2026-07-14,MX,Android,android-8.3,Bank transfer,Paid search,16,16,15,15,792.62,0
2026-08-12,MX,Android,android-8.3,Digital wallet,Organic,10,10,10,10,487.95,0
2026-08-15,CR,Web,web,Digital wallet,Paid search,14,14,14,13,629.55,0
2026-08-16,BR,Android,android-8.4,Card,Paid social,26,25,22,22,888.25,0
2026-07-31,MX,iOS,ios-12.1,Card,Organic,72,67,62,62,3121.72,2
2026-07-08,MX,Android,android-8.3,Card,Paid search,56,54,48,48,2452.38,1
2026-07-29,MX,iOS,ios-12.1,Card,Paid social,34,30,27,27,1163.25,0
2026-08-12,BR,Android,android-8.3,Card,Organic,10,10,7,7,328.75,0
2026-07-13,MX,iOS,ios-12.1,Digital wallet,Paid search,23,23,20,20,1010.64,0
2026-07-26,BR,Web,web,Card,Paid social,49,47,44,44,1749.07,3
2026-07-27,BR,Web,web,Bank transfer,Paid social,9,9,5,4,165.1,0
2026-07-06,CR,iOS,ios-12.1,Card,Paid social,11,11,9,9,439.58,0
2026-08-13,MX,Android,android-8.4,Bank transfer,Paid search,21,21,21,20,994.82,0
2026-07-07,CR,Web,web,Card,Organic,24,24,20,20,1103.37,0
2026-08-06,US,iOS,ios-12.1,Card,Organic,65,60,55,55,5053.33,0
2026-08-12,BR,Android,android-8.3,Bank transfer,Paid search,8,8,8,8,365.86,0
2026-07-18,BR,Web,web,Card,Paid search,52,50,45,45,2161.44,0
2026-07-30,MX,Android,android-8.3,Bank transfer,Paid search,14,14,13,13,703.34,1
2026-07-16,US,Android,android-8.3,Card,Paid search,79,74,71,69,5432.26,0
2026-07-09,CR,Web,web,Digital wallet,Organic,17,17,17,17,929.68,0
2026-08-14,CR,Android,android-8.3,Bank transfer,,8,8,6,6,288.38,0
2026-07-28,CR,Android,android-8.3,Digital wallet,Organic,20,19,19,19,1112.17,1
2026-07-22,CR,iOS,ios-12.1,Card,Paid social,12,12,9,9,413.68,1
2026-08-04,BR,iOS,ios-12.1,Bank transfer,Paid search,8,8,5,4,174.09,0
2026-07-08,BR,Android,android-8.3,Card,Organic,65,64,62,61,2915.92,3
2026-07-16,CR,Android,android-8.3,Card,Paid search,25,25,23,23,1216.47,0
2026-08-08,MX,Web,web,Card,Paid social,48,48,47,47,2223.31,1
2026-07-31,MX,iOS,ios-12.1,Card,Paid search,51,49,46,45,2284.17,1
2026-07-27,CR,Android,android-8.3,Digital wallet,Paid social,12,12,11,11,494.59,0
2026-08-12,MX,Web,web,Digital wallet,Paid social,31,30,29,29,1244.12,0
2026-07-24,US,iOS,ios-12.1,Card,Paid social,47,44,43,42,2885.63,0
2026-07-16,BR,iOS,ios-12.1,Card,Organic,43,41,35,33,1448.0,0
2026-07-21,MX,Android,android-8.3,Card,Paid search,44,42,39,38,1873.27,1
2026-08-08,BR,Android,android-8.4,Digital wallet,Paid social,8,7,5,5,215.04,0
2026-08-05,BR,Web,web,Bank transfer,Paid search,22,21,18,17,652.15,0
2026-07-08,US,iOS,ios-12.1,Bank transfer,Paid search,22,21,21,21,1801.54,1
2026-08-11,MX,iOS,ios-12.1,Bank transfer,Paid search,12,12,11,11,546.12,0
2026-08-08,MX,Android,android-8.4,Bank transfer,Organic,8,8,7,7,380.56,0
2026-07-17,MX,iOS,ios-12.1,Digital wallet,Organic,31,30,30,30,1671.07,0
2026-07-07,MX,Web,web,Bank transfer,Paid search,26,25,23,23,1134.33,0
2026-07-29,MX,Android,android-8.3,Digital wallet,Paid search,27,26,23,22,1134.66,0
2026-08-14,CR,Android,android-8.3,Digital wallet,Paid search,10,10,9,9,426.52,0
2026-08-04,CR,Android,android-8.3,Card,Organic,26,25,23,23,1311.84,0
2026-08-08,MX,Android,android-8.3,Card,Organic,67,63,53,52,2810.08,0
2026-07-16,US,Web,web,Digital wallet,Paid search,50,48,45,43,3559.61,0
2026-07-11,BR,Android,android-8.3,Bank transfer,Paid search,27,27,25,24,1046.74,0
2026-07-25,MX,iOS,ios-12.1,Digital wallet,Paid social,30,28,25,24,1057.87,0
2026-07-11,MX,iOS,ios-12.1,Bank transfer,Organic,20,20,17,17,834.36,0
2026-08-07,MX,Web,web,Bank transfer,Paid social,15,14,13,12,518.7,0
2026-07-21,CR,Android,android-8.3,Card,Organic,32,32,30,30,1448.18,0
2026-07-24,US,iOS,ios-12.1,Digital wallet,Organic,56,49,46,46,3718.86,0
2026-07-17,CR,Android,android-8.3,Digital wallet,Organic,21,19,19,19,1047.74,0
2026-07-21,US,Android,android-8.3,Digital wallet,Organic,65,64,57,57,4397.0,0
2026-08-13,BR,iOS,ios-12.1,Card,Paid search,42,41,35,34,1598.36,1
2026-08-02,MX,Web,web,Digital wallet,Organic,49,49,46,45,2580.11,2
2026-07-10,CR,iOS,ios-12.1,Bank transfer,Organic,11,11,7,7,404.91,0
2026-08-12,BR,Web,web,Digital wallet,Paid social,20,20,19,19,764.62,0
2026-07-26,US,iOS,ios-12.1,Digital wallet,Organic,57,56,49,49,4244.54,1
2026-07-07,MX,Web,web,Card,Paid social,41,39,36,36,1755.87,0
2026-07-10,BR,Android,android-8.3,Bank transfer,Paid search,15,15,15,14,658.71,0
2026-08-11,MX,Android,android-8.4,Card,Paid social,18,16,15,14,629.89,0
2026-08-14,MX,Web,web,Digital wallet,Organic,61,58,56,53,2857.59,1
2026-08-02,CR,Web,web,Card,Paid social,22,22,19,18,814.33,0
2026-08-12,US,iOS,ios-12.1,Card,Paid social,46,41,37,36,2608.76,0
2026-07-14,US,Web,web,Card,Paid social,66,65,60,58,4643.48,0
2026-07-13,US,Android,android-8.3,Digital wallet,Paid social,44,42,41,41,3098.9,0
2026-07-29,BR,Android,android-8.3,Digital wallet,Organic,44,42,37,36,1628.16,1
2026-08-16,US,iOS,ios-12.1,Digital wallet,Organic,47,46,43,43,3899.4,0
2026-07-17,MX,Web,web,Bank transfer,Organic,38,35,31,30,1497.21,0
2026-07-13,US,iOS,ios-12.1,Card,Paid search,42,40,35,34,3053.33,0
2026-07-26,MX,Android,android-8.3,Card,Paid social,41,38,35,35,1558.58,1
2026-08-03,BR,iOS,ios-12.1,Card,Paid social,24,23,21,21,838.22,0
2026-07-16,CR,Web,web,Card,Organic,31,30,26,25,1338.73,0
2026-07-20,MX,Android,android-8.3,Bank transfer,,24,23,18,18,973.59,0
2026-07-15,CR,Android,android-8.3,Digital wallet,Organic,15,14,13,12,610.9,0
2026-07-12,MX,Android,android-8.3,Digital wallet,Organic,54,51,47,45,2488.0,0
2026-07-11,CR,iOS,ios-12.1,Bank transfer,Organic,8,8,8,8,462.49,1
2026-08-11,CR,Web,web,Bank transfer,Paid search,8,8,7,7,354.6,0
2026-07-31,CR,iOS,ios-12.1,Bank transfer,Paid search,8,8,7,7,365.72,0
2026-08-13,MX,Android,android-8.4,Card,Paid search,42,41,36,36,1762.63,0
2026-07-22,BR,Android,android-8.3,Digital wallet,Organic,40,38,34,34,1603.53,2
2026-08-08,BR,Web,web,Digital wallet,Paid social,28,27,26,26,1110.47,1
2026-07-27,CR,iOS,ios-12.1,Card,Organic,31,29,27,26,1337.17,1
2026-07-12,CR,iOS,ios-12.1,Card,Paid search,15,14,12,12,677.7,0
2026-07-14,US,Web,web,Digital wallet,Paid social,51,48,44,42,3167.97,0
2026-07-16,us,iOS,ios-12.1,Card,Organic,76,75,71,69,5831.77,0
2026-07-07,CR,iOS,ios-12.1,Bank transfer,Paid search,9,9,7,7,374.43,1
2026-07-17,BR,iOS,ios-12.1,Bank transfer,Paid social,11,11,10,10,394.96,0
2026-07-25,MX,Web,web,Digital wallet,Paid social,35,32,31,31,1514.38,1
2026-07-12,MX,iOS,ios-12.1,Bank transfer,Paid search,13,13,10,10,486.42,1
2026-07-19,MX,Web,web,Digital wallet,,62,61,59,59,2902.61,2
2026-08-08,MX,Android,android-8.3,Digital wallet,Paid search,33,33,32,31,1474.48,2
2026-07-29,MX,Android,android-8.3,Card,Paid search,43,40,36,36,1744.27,0
2026-07-25,BR,Web,web,Bank transfer,Organic,23,22,21,20,889.68,0
2026-07-08,US,Android,android-8.3,Card,Paid search,90,85,81,78,6252.5,1
2026-08-02,US,Web,web,Card,Organic,113,112,103,103,8693.63,0
2026-07-30,MX,iOS,ios-12.1,Digital wallet,Paid social,23,23,20,20,954.34,1
2026-07-27,MX,Web,web,Card,Paid search,61,58,54,53,2617.82,1
2026-08-06,BR,Android,android-8.3,Bank transfer,Organic,21,20,17,17,764.33,0
2026-07-17,BR,Web,web,Bank transfer,Paid search,26,24,21,21,837.91,0
2026-07-18,BR,iOS,ios-12.1,Digital wallet,Paid social,13,12,12,12,499.34,0
2026-07-16,CR,iOS,ios-12.1,Bank transfer,Paid social,8,7,5,5,251.37,1
2026-07-17,CR,Android,android-8.3,Card,Paid search,25,25,25,23,1302.95,1
2026-07-19,US,Android,android-8.3,Bank transfer,Paid social,25,25,20,20,1478.17,0
2026-07-15,MX,Android,android-8.3,Bank transfer,Paid social,9,8,6,6,260.48,0
2026-07-14,US,Web,web,Digital wallet,Paid search,59,55,53,52,4260.9,0
2026-07-25,US,iOS,ios-12.1,Digital wallet,Paid search,50,49,47,47,3902.45,1
2026-07-10,US,iOS,ios-12.1,Digital wallet,Organic,66,63,58,58,5193.46,0
2026-08-11,US,Web,web,Card,Paid social,65,62,59,57,4464.56,1
2026-07-30,US,Android,android-8.3,Card,Paid social,77,75,72,72,5888.26,0
2026-07-18,BR,iOS,ios-12.1,Digital wallet,Organic,40,39,35,33,1449.44,0
2026-08-08,BR,iOS,ios-12.1,Card,Paid social,28,25,21,20,811.35,0
2026-08-07,MX,Android,android-8.4,Digital wallet,Paid social,8,8,8,8,346.6,0
2026-07-18,US,Android,android-8.3,Digital wallet,Organic,77,76,72,71,5737.87,0
2026-07-17,BR,Web,web,Digital wallet,Organic,49,49,44,42,2075.39,0
2026-08-16,CR,iOS,ios-12.1,Card,Paid search,11,11,11,11,556.03,0
2026-07-15,BR,iOS,ios-12.1,Digital wallet,Paid social,11,10,9,9,371.58,1
2026-08-10,BR,Android,android-8.4,Bank transfer,Organic,22,21,18,18,791.77,0
2026-08-16,MX,Android,android-8.4,Digital wallet,Paid search,23,22,16,16,790.49,2
2026-07-22,US,Android,android-8.3,Card,Paid search,93,90,84,83,7026.84,1
2026-08-14,CR,Web,web,Digital wallet,Paid search,11,11,11,11,539.64,0
2026-08-06,BR,Android,android-8.3,Card,Paid social,25,22,21,21,882.12,1
2026-08-15,BR,iOS,ios-12.1,Card,Paid social,37,37,34,32,1377.37,0
2026-08-13,BR,Android,android-8.3,Digital wallet,Paid search,8,8,8,8,363.97,0
2026-07-24,US,iOS,ios-12.1,Digital wallet,Paid social,45,43,41,41,3163.46,0
2026-08-05,CR,Android,android-8.3,Card,Paid search,19,19,18,18,955.01,1
2026-07-23,US,Web,web,Card,Paid social,69,66,61,61,4589.41,0
2026-07-10,MX,Web,web,Digital wallet,Paid search,36,35,32,31,1462.73,1
2026-07-19,MX,Android,android-8.3,Bank transfer,Organic,23,23,21,20,1065.03,1
2026-07-18,BR,Android,android-8.3,Card,Paid search,47,46,44,44,1750.08,1
2026-07-26,BR,Web,web,Bank transfer,Paid social,9,9,7,7,279.76,0
2026-08-15,CR,iOS,ios-12.1,Bank transfer,Paid search,8,8,8,8,403.52,0
2026-08-06,BR,Web,web,Bank transfer,Paid search,17,17,16,16,742.09,0
2026-07-28,BR,iOS,ios-12.1,Bank transfer,Paid social,12,10,9,9,329.31,0
2026-07-12,US,Web,web,Card,Paid social,85,82,77,74,5294.94,0
2026-07-30,CR,Web,web,Digital wallet,Organic,17,16,15,15,823.74,0
2026-08-14,US,iOS,ios-12.1,Digital wallet,Paid search,40,36,34,32,2826.17,0
2026-07-23,US,Android,android-8.3,Digital wallet,Paid social,41,41,39,37,2861.9,0
2026-07-24,CR,Android,android-8.3,Card,Organic,36,32,30,29,1678.87,0
2026-07-27,MX,Android,android-8.3,Card,Paid social,42,41,41,40,1774.68,0
2026-07-29,MX,Web,web,Digital wallet,Paid search,29,28,27,27,1294.51,0
2026-07-27,MX,iOS,ios-12.1,Card,Organic,52,51,45,45,2294.15,0
2026-07-11,BR,Web,web,Digital wallet,Organic,35,35,33,33,1560.07,0
2026-07-31,CR,Web,web,Bank transfer,Organic,8,8,7,7,381.9,0
2026-07-21,MX,Web,web,Digital wallet,Organic,42,39,36,35,1727.14,0
2026-07-28,MX,iOS,ios-12.1,Digital wallet,Paid search,37,33,29,29,1407.69,0
2026-08-12,CR,Android,android-8.3,Digital wallet,Organic,19,19,18,18,978.69,2
2026-07-30,MX,Web,web,Bank transfer,Organic,27,26,25,25,1307.4,0
2026-08-09,CR,iOS,ios-12.1,Digital wallet,Paid social,10,9,9,9,441.7,0
2026-07-30,CR,iOS,ios-12.1,Card,Paid search,12,12,12,12,648.49,0
2026-08-09,MX,Android,android-8.3,Digital wallet,Organic,42,41,39,38,1830.09,0
